2006.05.17 17:00 B E:\Virtual Sites\E\events4singles\images\1.jpg <-- ftp.netregistry.com.au /images 1.jpg
2006.05.17 17:00 B E:\Virtual Sites\E\events4singles\images\101romanticideas_ebook_80.gif <-- ftp.netregistry.com.au /images 101romanticideas_ebook_80.gif
2006.05.17 17:00 B E:\Virtual Sites\E\events4singles\images\1061.gif <-- ftp.netregistry.com.au /images 1061.gif
2006.05.17 17:00 B E:\Virtual Sites\E\events4singles\images\1062.gif <-- ftp.netregistry.com.au /images 1062.gif
2006.05.17 17:00 B E:\Virtual Sites\E\events4singles\images\1063.gif <-- ftp.netregistry.com.au /images 1063.gif
2006.05.17 17:00 B E:\Virtual Sites\E\events4singles\images\1077_178x60.gif <-- ftp.netregistry.com.au /images 1077_178x60.gif
2006.05.17 17:00 B E:\Virtual Sites\E\events4singles\images\11253099163f8ac3f3445e5.jpg <-- ftp.netregistry.com.au /images 11253099163f8ac3f3445e5.jpg
2006.05.17 17:00 B E:\Virtual Sites\E\events4singles\images\123greetings-72x120x60.gif <-- ftp.netregistry.com.au /images 123greetings-72x120x60.gif
2006.05.17 17:00 B E:\Virtual Sites\E\events4singles\images\16onpark_1.gif <-- ftp.netregistry.com.au /images 16onpark_1.gif
2006.05.17 17:00 B E:\Virtual Sites\E\events4singles\images\16onpark_1.jpg <-- ftp.netregistry.com.au /images 16onpark_1.jpg
2006.05.17 17:00 B E:\Virtual Sites\E\events4singles\images\16onpark_160x53.gif <-- ftp.netregistry.com.au /images 16onpark_160x53.gif
2006.05.17 17:00 B E:\Virtual Sites\E\events4singles\images\18to31_200x50r.gif <-- ftp.netregistry.com.au /images 18to31_200x50r.gif
2006.05.17 17:00 B E:\Virtual Sites\E\events4singles\images\2gofm_60x107.gif <-- ftp.netregistry.com.au /images 2gofm_60x107.gif
2006.05.17 17:00 B E:\Virtual Sites\E\events4singles\images\350x50_kiss_goodbye.gif <-- ftp.netregistry.com.au /images 350x50_kiss_goodbye.gif
2006.05.17 17:00 B E:\Virtual Sites\E\events4singles\images\350x50_whereisthelove.gif <-- ftp.netregistry.com.au /images 350x50_whereisthelove.gif
2006.05.17 17:00 B E:\Virtual Sites\E\events4singles\images\468x60_kiss_goodbye.gif <-- ftp.netregistry.com.au /images 468x60_kiss_goodbye.gif
2006.05.17 17:00 B E:\Virtual Sites\E\events4singles\images\468x60_whereisthelove.gif <-- ftp.netregistry.com.au /images 468x60_whereisthelove.gif
2006.05.17 17:00 B E:\Virtual Sites\E\events4singles\images\4in1fitness120x70.gif <-- ftp.netregistry.com.au /images 4in1fitness120x70.gif
2006.05.17 17:00 B E:\Virtual Sites\E\events4singles\images\8minutedate_120x84.gif <-- ftp.netregistry.com.au /images 8minutedate_120x84.gif
2006.05.17 17:00 B E:\Virtual Sites\E\events4singles\images\_160x102.gif <-- ftp.netregistry.com.au /images _160x102.gif
2006.05.17 17:00 B E:\Virtual Sites\E\events4singles\images\_large.gif <-- ftp.netregistry.com.au /images _large.gif
2006.05.17 17:00 B E:\Virtual Sites\E\events4singles\images\achanceforromance_165x48.gif <-- ftp.netregistry.com.au /images achanceforromance_165x48.gif
2006.05.17 17:00 B E:\Virtual Sites\E\events4singles\images\achanceforromance_60x60.jpg <-- ftp.netregistry.com.au /images achanceforromance_60x60.jpg
2006.05.17 17:00 B E:\Virtual Sites\E\events4singles\images\active8yourlife_120x50.gif <-- ftp.netregistry.com.au /images active8yourlife_120x50.gif
2006.05.17 17:00 B E:\Virtual Sites\E\events4singles\images\activeFitness148x64.gif <-- ftp.netregistry.com.au /images activeFitness148x64.gif
2006.05.17 17:00 B E:\Virtual Sites\E\events4singles\images\activitytours_132x60.jpg <-- ftp.netregistry.com.au /images activitytours_132x60.jpg
2006.05.17 17:00 B E:\Virtual Sites\E\events4singles\images\adameve_270x54.jpg <-- ftp.netregistry.com.au /images adameve_270x54.jpg
2006.05.17 17:00 B E:\Virtual Sites\E\events4singles\images\adelaidespeeddate_122x78.gif <-- ftp.netregistry.com.au /images adelaidespeeddate_122x78.gif
2006.05.17 17:00 B E:\Virtual Sites\E\events4singles\images\adorebeauty_165x65.jpg <-- ftp.netregistry.com.au /images adorebeauty_165x65.jpg
2006.05.17 17:00 B E:\Virtual Sites\E\events4singles\images\adren_link_logo.gif <-- ftp.netregistry.com.au /images adren_link_logo.gif
2006.05.17 17:00 B E:\Virtual Sites\E\events4singles\images\advert_e4s_month.fla <-- ftp.netregistry.com.au /images advert_e4s_month.fla
2006.05.17 17:00 B E:\Virtual Sites\E\events4singles\images\AfterWork100x103.gif <-- ftp.netregistry.com.au /images AfterWork100x103.gif
2006.05.17 17:00 B E:\Virtual Sites\E\events4singles\images\afterwork1_150x60.jpg <-- ftp.netregistry.com.au /images afterwork1_150x60.jpg
2006.05.17 17:00 B E:\Virtual Sites\E\events4singles\images\afterwork1_150x80.jpg <-- ftp.netregistry.com.au /images afterwork1_150x80.jpg
2006.05.17 17:00 B E:\Virtual Sites\E\events4singles\images\afterwork2_150x60.jpg <-- ftp.netregistry.com.au /images afterwork2_150x60.jpg
2006.05.17 17:00 B E:\Virtual Sites\E\events4singles\images\afterwork3_150x60.jpg <-- ftp.netregistry.com.au /images afterwork3_150x60.jpg
2006.05.17 17:00 B E:\Virtual Sites\E\events4singles\images\afterwork4_150x60.jpg <-- ftp.netregistry.com.au /images afterwork4_150x60.jpg
2006.05.17 17:00 B E:\Virtual Sites\E\events4singles\images\afterwork5_150x80.jpg <-- ftp.netregistry.com.au /images afterwork5_150x80.jpg
2006.05.17 17:00 B E:\Virtual Sites\E\events4singles\images\afterwork_120x60.jpg <-- ftp.netregistry.com.au /images afterwork_120x60.jpg
2006.05.17 17:00 B E:\Virtual Sites\E\events4singles\images\afterwork_120x80.jpg <-- ftp.netregistry.com.au /images afterwork_120x80.jpg
2006.05.17 17:00 B E:\Virtual Sites\E\events4singles\images\afterwork_150x80.jpg <-- ftp.netregistry.com.au /images afterwork_150x80.jpg
2006.05.17 17:00 B E:\Virtual Sites\E\events4singles\images\afterwork_150x80_save1.jpg <-- ftp.netregistry.com.au /images afterwork_150x80_save1.jpg
2006.05.17 17:00 B E:\Virtual Sites\E\events4singles\images\afterwork_150x80_save2.jpg <-- ftp.netregistry.com.au /images afterwork_150x80_save2.jpg
2006.05.17 17:00 B E:\Virtual Sites\E\events4singles\images\afterwork_150x80_save3.jpg <-- ftp.netregistry.com.au /images afterwork_150x80_save3.jpg
2006.05.17 17:00 B E:\Virtual Sites\E\events4singles\images\afterwork_150x80_save4.jpg <-- ftp.netregistry.com.au /images afterwork_150x80_save4.jpg
2006.05.17 17:01 B E:\Virtual Sites\E\events4singles\images\afterwork_150x80_save5.jpg <-- ftp.netregistry.com.au /images afterwork_150x80_save5.jpg
2006.05.17 17:01 B E:\Virtual Sites\E\events4singles\images\afterwork_150x80_save6.jpg <-- ftp.netregistry.com.au /images afterwork_150x80_save6.jpg
2006.05.17 17:01 B E:\Virtual Sites\E\events4singles\images\afterwork_750x99.gif <-- ftp.netregistry.com.au /images afterwork_750x99.gif
2006.05.17 17:01 B E:\Virtual Sites\E\events4singles\images\afterwork_grp.gif <-- ftp.netregistry.com.au /images afterwork_grp.gif
2006.05.17 17:01 B E:\Virtual Sites\E\events4singles\images\aimg_tableforsix_adelaidefr.gif <-- ftp.netregistry.com.au /images aimg_tableforsix_adelaidefr.gif
2006.05.17 17:01 B E:\Virtual Sites\E\events4singles\images\aimg_tableforsix_canberrafr.gif <-- ftp.netregistry.com.au /images aimg_tableforsix_canberrafr.gif
2006.05.17 17:01 B E:\Virtual Sites\E\events4singles\images\aimg_tableforsix_centralcoa.gif <-- ftp.netregistry.com.au /images aimg_tableforsix_centralcoa.gif
2006.05.17 17:01 B E:\Virtual Sites\E\events4singles\images\aimg_tableforsix_darwinfr.gif <-- ftp.netregistry.com.au /images aimg_tableforsix_darwinfr.gif
2006.05.17 17:01 B E:\Virtual Sites\E\events4singles\images\aimg_tableforsix_geelongfr.gif <-- ftp.netregistry.com.au /images aimg_tableforsix_geelongfr.gif
2006.05.17 17:01 B E:\Virtual Sites\E\events4singles\images\aimg_tableforsix_hobartfr.gif <-- ftp.netregistry.com.au /images aimg_tableforsix_hobartfr.gif
2006.05.17 17:01 B E:\Virtual Sites\E\events4singles\images\aimg_tableforsix_melbournef.gif <-- ftp.netregistry.com.au /images aimg_tableforsix_melbournef.gif
2006.05.17 17:01 B E:\Virtual Sites\E\events4singles\images\aimg_tableforsix_newcastlef.gif <-- ftp.netregistry.com.au /images aimg_tableforsix_newcastlef.gif
2006.05.17 17:01 B E:\Virtual Sites\E\events4singles\images\aimg_tableforsix_qldfr.gif <-- ftp.netregistry.com.au /images aimg_tableforsix_qldfr.gif
2006.05.17 17:01 B E:\Virtual Sites\E\events4singles\images\aimg_tableforsix_sydneyfr.gif <-- ftp.netregistry.com.au /images aimg_tableforsix_sydneyfr.gif
2006.05.17 17:01 B E:\Virtual Sites\E\events4singles\images\aimg_tableforsix_vicfr.gif <-- ftp.netregistry.com.au /images aimg_tableforsix_vicfr.gif
2006.05.17 17:01 B E:\Virtual Sites\E\events4singles\images\aimg_tableforsix_wollongong.gif <-- ftp.netregistry.com.au /images aimg_tableforsix_wollongong.gif
2006.05.17 17:01 B E:\Virtual Sites\E\events4singles\images\alamana_160x86.jpg <-- ftp.netregistry.com.au /images alamana_160x86.jpg
2006.05.17 17:01 B E:\Virtual Sites\E\events4singles\images\alanswildlifeyours_90x94.gif <-- ftp.netregistry.com.au /images alanswildlifeyours_90x94.gif
2006.05.17 17:01 B E:\Virtual Sites\E\events4singles\images\aloha.jpg <-- ftp.netregistry.com.au /images aloha.jpg
2006.05.17 17:01 B E:\Virtual Sites\E\events4singles\images\amazing_170x45.gif <-- ftp.netregistry.com.au /images amazing_170x45.gif
2006.05.17 17:01 B E:\Virtual Sites\E\events4singles\images\amjoinfree_120x64.gif <-- ftp.netregistry.com.au /images amjoinfree_120x64.gif
2006.05.17 17:01 B E:\Virtual Sites\E\events4singles\images\amoureux-actors-bnr.jpg <-- ftp.netregistry.com.au /images amoureux-actors-bnr.jpg
2006.05.17 17:01 B E:\Virtual Sites\E\events4singles\images\amoureux-artists-bnr.jpg <-- ftp.netregistry.com.au /images amoureux-artists-bnr.jpg
2006.05.17 17:01 B E:\Virtual Sites\E\events4singles\images\amoureux-dancers-bnr.jpg <-- ftp.netregistry.com.au /images amoureux-dancers-bnr.jpg
2006.05.17 17:01 B E:\Virtual Sites\E\events4singles\images\amoureux-models-bnr.jpg <-- ftp.netregistry.com.au /images amoureux-models-bnr.jpg
2006.05.17 17:01 B E:\Virtual Sites\E\events4singles\images\amoureux-musicians-bnr.jpg <-- ftp.netregistry.com.au /images amoureux-musicians-bnr.jpg
2006.05.17 17:01 B E:\Virtual Sites\E\events4singles\images\amoureux_banner110x118.jpg <-- ftp.netregistry.com.au /images amoureux_banner110x118.jpg
2006.05.17 17:01 B E:\Virtual Sites\E\events4singles\images\amoureuxbnr_170x50.jpg <-- ftp.netregistry.com.au /images amoureuxbnr_170x50.jpg
2006.05.17 17:01 B E:\Virtual Sites\E\events4singles\images\anastasia.gif <-- ftp.netregistry.com.au /images anastasia.gif
2006.05.17 17:01 B E:\Virtual Sites\E\events4singles\images\anthonyrobbins2.jpg <-- ftp.netregistry.com.au /images anthonyrobbins2.jpg
2006.05.17 17:01 B E:\Virtual Sites\E\events4singles\images\anthonyrobbins3.jpg <-- ftp.netregistry.com.au /images anthonyrobbins3.jpg
2006.05.17 17:01 B E:\Virtual Sites\E\events4singles\images\arrows.gif <-- ftp.netregistry.com.au /images arrows.gif
2006.05.17 17:01 B E:\Virtual Sites\E\events4singles\images\arthurmurray_170x95.jpg <-- ftp.netregistry.com.au /images arthurmurray_170x95.jpg
2006.05.17 17:01 B E:\Virtual Sites\E\events4singles\images\asinglescrowd_160x39.jpg <-- ftp.netregistry.com.au /images asinglescrowd_160x39.jpg
2006.05.17 17:01 B E:\Virtual Sites\E\events4singles\images\askmeout_120x80.gif <-- ftp.netregistry.com.au /images askmeout_120x80.gif
2006.05.17 17:01 B E:\Virtual Sites\E\events4singles\images\aTable4Six1.gif <-- ftp.netregistry.com.au /images aTable4Six1.gif
2006.05.17 17:01 B E:\Virtual Sites\E\events4singles\images\aTable4Six120x120.gif <-- ftp.netregistry.com.au /images aTable4Six120x120.gif
2006.05.17 17:01 B E:\Virtual Sites\E\events4singles\images\aTable4Six_115x95.gif <-- ftp.netregistry.com.au /images aTable4Six_115x95.gif
2006.05.17 17:01 B E:\Virtual Sites\E\events4singles\images\aTable4Six_598x95.gif <-- ftp.netregistry.com.au /images aTable4Six_598x95.gif
2006.05.17 17:01 B E:\Virtual Sites\E\events4singles\images\atable4six_ecourse_150.gif <-- ftp.netregistry.com.au /images atable4six_ecourse_150.gif
2006.05.17 17:01 B E:\Virtual Sites\E\events4singles\images\aTable4Six_franbrisbane_335.gif <-- ftp.netregistry.com.au /images aTable4Six_franbrisbane_335.gif
2006.05.17 17:01 B E:\Virtual Sites\E\events4singles\images\aTable4Six_francanberra_335.gif <-- ftp.netregistry.com.au /images aTable4Six_francanberra_335.gif
2006.05.17 17:01 B E:\Virtual Sites\E\events4singles\images\aTable4Six_frandarwin_335x9.gif <-- ftp.netregistry.com.au /images aTable4Six_frandarwin_335x9.gif
2006.05.17 17:01 B E:\Virtual Sites\E\events4singles\images\aTable4Six_frangeelong_335.gif <-- ftp.netregistry.com.au /images aTable4Six_frangeelong_335.gif
2006.05.17 17:01 B E:\Virtual Sites\E\events4singles\images\aTable4Six_franhobart_335x9.gif <-- ftp.netregistry.com.au /images aTable4Six_franhobart_335x9.gif
2006.05.17 17:01 B E:\Virtual Sites\E\events4singles\images\aTable4Six_franmriver_335.gif <-- ftp.netregistry.com.au /images aTable4Six_franmriver_335.gif
2006.05.17 17:01 B E:\Virtual Sites\E\events4singles\images\aTable4Six_frannewcastle_33.gif <-- ftp.netregistry.com.au /images aTable4Six_frannewcastle_33.gif
2006.05.17 17:01 B E:\Virtual Sites\E\events4singles\images\aTable4Six_franperth_335x91.gif <-- ftp.netregistry.com.au /images aTable4Six_franperth_335x91.gif
2006.05.17 17:01 B E:\Virtual Sites\E\events4singles\images\aTable4Six_fransydney_335x9.gif <-- ftp.netregistry.com.au /images aTable4Six_fransydney_335x9.gif
2006.05.17 17:01 B E:\Virtual Sites\E\events4singles\images\aTable4Six_franwollgng_335.gif <-- ftp.netregistry.com.au /images aTable4Six_franwollgng_335.gif
2006.05.17 17:01 B E:\Virtual Sites\E\events4singles\images\auslatin_140x79.jpg <-- ftp.netregistry.com.au /images auslatin_140x79.jpg
2006.05.17 17:01 B E:\Virtual Sites\E\events4singles\images\auslatin_90x89.gif <-- ftp.netregistry.com.au /images auslatin_90x89.gif
2006.05.17 17:01 B E:\Virtual Sites\E\events4singles\images\aussiematch_120x68.gif <-- ftp.netregistry.com.au /images aussiematch_120x68.gif
2006.05.17 17:01 B E:\Virtual Sites\E\events4singles\images\Austdaybbq.gif <-- ftp.netregistry.com.au /images Austdaybbq.gif
2006.05.17 17:01 B E:\Virtual Sites\E\events4singles\images\austimageco_165x90.gif <-- ftp.netregistry.com.au /images austimageco_165x90.gif
2006.05.17 17:01 B E:\Virtual Sites\E\events4singles\images\austmap_223x210.gif <-- ftp.netregistry.com.au /images austmap_223x210.gif
2006.05.17 17:01 B E:\Virtual Sites\E\events4singles\images\australianmap_300x300.gif <-- ftp.netregistry.com.au /images australianmap_300x300.gif
2006.05.17 17:01 B E:\Virtual Sites\E\events4singles\images\australianmap_350x350.gif <-- ftp.netregistry.com.au /images australianmap_350x350.gif
2006.05.17 17:01 B E:\Virtual Sites\E\events4singles\images\australianmapsc_350x350.gif <-- ftp.netregistry.com.au /images australianmapsc_350x350.gif
2006.05.17 17:01 B E:\Virtual Sites\E\events4singles\images\aymen_100x120.jpg <-- ftp.netregistry.com.au /images aymen_100x120.jpg
2006.05.17 17:01 B E:\Virtual Sites\E\events4singles\images\b_login.gif <-- ftp.netregistry.com.au /images b_login.gif
2006.05.17 17:01 B E:\Virtual Sites\E\events4singles\images\balloonovermelb_170x68.jpg <-- ftp.netregistry.com.au /images balloonovermelb_170x68.jpg
2006.05.17 17:01 B E:\Virtual Sites\E\events4singles\images\balmain1.jpg <-- ftp.netregistry.com.au /images balmain1.jpg
2006.05.17 17:01 B E:\Virtual Sites\E\events4singles\images\BarBg.gif <-- ftp.netregistry.com.au /images BarBg.gif
2006.05.17 17:01 B E:\Virtual Sites\E\events4singles\images\basement_165x44.gif <-- ftp.netregistry.com.au /images basement_165x44.gif
2006.05.17 17:01 B E:\Virtual Sites\E\events4singles\images\bicexpress.gif <-- ftp.netregistry.com.au /images bicexpress.gif
2006.05.17 17:01 B E:\Virtual Sites\E\events4singles\images\binart_160x93.jpg <-- ftp.netregistry.com.au /images binart_160x93.jpg
2006.05.17 17:01 B E:\Virtual Sites\E\events4singles\images\bing2_ani_120x80.gif <-- ftp.netregistry.com.au /images bing2_ani_120x80.gif
2006.05.17 17:01 B E:\Virtual Sites\E\events4singles\images\bing_ani_120x80.gif <-- ftp.netregistry.com.au /images bing_ani_120x80.gif
2006.05.17 17:01 B E:\Virtual Sites\E\events4singles\images\blink-book.gif <-- ftp.netregistry.com.au /images blink-book.gif
2006.05.17 17:01 B E:\Virtual Sites\E\events4singles\images\blink_600x100.gif <-- ftp.netregistry.com.au /images blink_600x100.gif
2006.05.17 17:01 B E:\Virtual Sites\E\events4singles\images\blink_ani_236x90.gif <-- ftp.netregistry.com.au /images blink_ani_236x90.gif
2006.05.17 17:01 B E:\Virtual Sites\E\events4singles\images\blink_banner_sml.gif <-- ftp.netregistry.com.au /images blink_banner_sml.gif
2006.05.17 17:01 B E:\Virtual Sites\E\events4singles\images\Blink_Hearts.gif <-- ftp.netregistry.com.au /images Blink_Hearts.gif
2006.05.17 17:01 B E:\Virtual Sites\E\events4singles\images\blinkdating_120x80.gif <-- ftp.netregistry.com.au /images blinkdating_120x80.gif
2006.05.17 17:01 B E:\Virtual Sites\E\events4singles\images\blinkgtd.jpg <-- ftp.netregistry.com.au /images blinkgtd.jpg
2006.05.17 17:01 B E:\Virtual Sites\E\events4singles\images\bluevelvet_158x81.jpg <-- ftp.netregistry.com.au /images bluevelvet_158x81.jpg
2006.05.17 17:01 B E:\Virtual Sites\E\events4singles\images\blush_156x90.jpg <-- ftp.netregistry.com.au /images blush_156x90.jpg
2006.05.17 17:01 B E:\Virtual Sites\E\events4singles\images\blusuga_110x85.gif <-- ftp.netregistry.com.au /images blusuga_110x85.gif
2006.05.17 17:01 B E:\Virtual Sites\E\events4singles\images\blusuga_120x90.gif <-- ftp.netregistry.com.au /images blusuga_120x90.gif
2006.05.17 17:01 B E:\Virtual Sites\E\events4singles\images\bodyHealthFitness120x50.gif <-- ftp.netregistry.com.au /images bodyHealthFitness120x50.gif
2006.05.17 17:01 B E:\Virtual Sites\E\events4singles\images\bodylanguage.jpg <-- ftp.netregistry.com.au /images bodylanguage.jpg
2006.05.17 17:01 B E:\Virtual Sites\E\events4singles\images\bot.gif <-- ftp.netregistry.com.au /images bot.gif
2006.05.17 17:01 B E:\Virtual Sites\E\events4singles\images\breakaway_170x50.gif <-- ftp.netregistry.com.au /images breakaway_170x50.gif
2006.05.17 17:01 B E:\Virtual Sites\E\events4singles\images\BrisbaneVineyard109x70.gif <-- ftp.netregistry.com.au /images BrisbaneVineyard109x70.gif
2006.05.17 17:01 B E:\Virtual Sites\E\events4singles\images\BroadwayGym160x60.gif <-- ftp.netregistry.com.au /images BroadwayGym160x60.gif
2006.05.17 17:01 B E:\Virtual Sites\E\events4singles\images\brownxmas.gif <-- ftp.netregistry.com.au /images brownxmas.gif
2006.05.17 17:01 B E:\Virtual Sites\E\events4singles\images\button2E.jpg <-- ftp.netregistry.com.au /images button2E.jpg
2006.05.17 17:01 B E:\Virtual Sites\E\events4singles\images\button2F.jpg <-- ftp.netregistry.com.au /images button2F.jpg
2006.05.17 17:01 B E:\Virtual Sites\E\events4singles\images\button30.jpg <-- ftp.netregistry.com.au /images button30.jpg
2006.05.17 17:01 B E:\Virtual Sites\E\events4singles\images\buttonA3.jpg <-- ftp.netregistry.com.au /images buttonA3.jpg
2006.05.17 17:01 B E:\Virtual Sites\E\events4singles\images\buttonA4.jpg <-- ftp.netregistry.com.au /images buttonA4.jpg
2006.05.17 17:01 B E:\Virtual Sites\E\events4singles\images\buttonA5.jpg <-- ftp.netregistry.com.au /images buttonA5.jpg
2006.05.17 17:01 B E:\Virtual Sites\E\events4singles\images\buttonC3.gif <-- ftp.netregistry.com.au /images buttonC3.gif
2006.05.17 17:01 B E:\Virtual Sites\E\events4singles\images\buttonC4.gif <-- ftp.netregistry.com.au /images buttonC4.gif
2006.05.17 17:01 B E:\Virtual Sites\E\events4singles\images\buttonC5.gif <-- ftp.netregistry.com.au /images buttonC5.gif
2006.05.17 17:01 B E:\Virtual Sites\E\events4singles\images\byrnes_96x120.jpg <-- ftp.netregistry.com.au /images byrnes_96x120.jpg
2006.05.17 17:01 B E:\Virtual Sites\E\events4singles\images\cammeraygolfclub.jpg <-- ftp.netregistry.com.au /images cammeraygolfclub.jpg
2006.05.17 17:01 B E:\Virtual Sites\E\events4singles\images\CaptainCookCruises180x99.jpg <-- ftp.netregistry.com.au /images CaptainCookCruises180x99.jpg
2006.05.17 17:01 B E:\Virtual Sites\E\events4singles\images\CaptainCookCruises190x78.gif <-- ftp.netregistry.com.au /images CaptainCookCruises190x78.gif
2006.05.17 17:01 B E:\Virtual Sites\E\events4singles\images\CaptainCookCruises_146x93.jpg <-- ftp.netregistry.com.au /images CaptainCookCruises_146x93.jpg
2006.05.17 17:01 B E:\Virtual Sites\E\events4singles\images\Carindale165x60.gif <-- ftp.netregistry.com.au /images Carindale165x60.gif
2006.05.17 17:01 B E:\Virtual Sites\E\events4singles\images\casa2_170x82.jpg <-- ftp.netregistry.com.au /images casa2_170x82.jpg
2006.05.17 17:01 B E:\Virtual Sites\E\events4singles\images\casablanca.jpg <-- ftp.netregistry.com.au /images casablanca.jpg
2006.05.17 17:01 B E:\Virtual Sites\E\events4singles\images\casablanca_170x89.gif <-- ftp.netregistry.com.au /images casablanca_170x89.gif
2006.05.17 17:01 B E:\Virtual Sites\E\events4singles\images\castlereagh_170x63.gif <-- ftp.netregistry.com.au /images castlereagh_170x63.gif
2006.05.17 17:01 B E:\Virtual Sites\E\events4singles\images\CastlereaghLogo_E4S.gif <-- ftp.netregistry.com.au /images CastlereaghLogo_E4S.gif
2006.05.17 17:01 B E:\Virtual Sites\E\events4singles\images\cathyc_92x110.jpg <-- ftp.netregistry.com.au /images cathyc_92x110.jpg
2006.05.17 17:01 B E:\Virtual Sites\E\events4singles\images\cavalcade_160x87.gif <-- ftp.netregistry.com.au /images cavalcade_160x87.gif
2006.05.17 17:01 B E:\Virtual Sites\E\events4singles\images\cavalcade_400x122.jpg <-- ftp.netregistry.com.au /images cavalcade_400x122.jpg
2006.05.17 17:01 B E:\Virtual Sites\E\events4singles\images\cavalcade_50x45.gif <-- ftp.netregistry.com.au /images cavalcade_50x45.gif
2006.05.17 17:01 B E:\Virtual Sites\E\events4singles\images\cavalcadeimage2_90x91.jpg <-- ftp.netregistry.com.au /images cavalcadeimage2_90x91.jpg
2006.05.17 17:01 B E:\Virtual Sites\E\events4singles\images\cavalcadeimage_90x91.gif <-- ftp.netregistry.com.au /images cavalcadeimage_90x91.gif
2006.05.17 17:01 B E:\Virtual Sites\E\events4singles\images\cbv_120x70.gif <-- ftp.netregistry.com.au /images cbv_120x70.gif
2006.05.17 17:01 B E:\Virtual Sites\E\events4singles\images\ccacadsport_117x70.gif <-- ftp.netregistry.com.au /images ccacadsport_117x70.gif
2006.05.17 17:01 B E:\Virtual Sites\E\events4singles\images\ceroc_nicky120x83.gif <-- ftp.netregistry.com.au /images ceroc_nicky120x83.gif
2006.05.17 17:01 B E:\Virtual Sites\E\events4singles\images\CerocAustralia.jpg <-- ftp.netregistry.com.au /images CerocAustralia.jpg
2006.05.17 17:01 B E:\Virtual Sites\E\events4singles\images\cerocperth_140x100.gif <-- ftp.netregistry.com.au /images cerocperth_140x100.gif
2006.05.17 17:01 B E:\Virtual Sites\E\events4singles\images\certhostlogosmallest.jpg <-- ftp.netregistry.com.au /images certhostlogosmallest.jpg
2006.05.17 17:01 B E:\Virtual Sites\E\events4singles\images\chaiselounge_165x70.jpg <-- ftp.netregistry.com.au /images chaiselounge_165x70.jpg
2006.05.17 17:01 B E:\Virtual Sites\E\events4singles\images\charactatours_170x-91.gif <-- ftp.netregistry.com.au /images charactatours_170x-91.gif
2006.05.17 17:01 B E:\Virtual Sites\E\events4singles\images\charatatours_170x71.gif <-- ftp.netregistry.com.au /images charatatours_170x71.gif
2006.05.17 17:01 B E:\Virtual Sites\E\events4singles\images\cheekds_170x88.gif <-- ftp.netregistry.com.au /images cheekds_170x88.gif
2006.05.17 17:01 B E:\Virtual Sites\E\events4singles\images\cherubs_165x59.gif <-- ftp.netregistry.com.au /images cherubs_165x59.gif
2006.05.17 17:01 B E:\Virtual Sites\E\events4singles\images\CHP_120x80.gif <-- ftp.netregistry.com.au /images CHP_120x80.gif
2006.05.17 17:01 B E:\Virtual Sites\E\events4singles\images\chrisrewell_160x110.gif <-- ftp.netregistry.com.au /images chrisrewell_160x110.gif
2006.05.17 17:01 B E:\Virtual Sites\E\events4singles\images\christian_connections.jpg <-- ftp.netregistry.com.au /images christian_connections.jpg
2006.05.17 17:01 B E:\Virtual Sites\E\events4singles\images\christiansingles_159x80.jpg <-- ftp.netregistry.com.au /images christiansingles_159x80.jpg
2006.05.17 17:01 B E:\Virtual Sites\E\events4singles\images\christiansonline_140x85.gif <-- ftp.netregistry.com.au /images christiansonline_140x85.gif
2006.05.17 17:01 B E:\Virtual Sites\E\events4singles\images\christiansonline_150x48.gif <-- ftp.netregistry.com.au /images christiansonline_150x48.gif
2006.05.17 17:01 B E:\Virtual Sites\E\events4singles\images\christiansonline_150x91.gif <-- ftp.netregistry.com.au /images christiansonline_150x91.gif
2006.05.17 17:01 B E:\Virtual Sites\E\events4singles\images\christiansonline_165x48.gif <-- ftp.netregistry.com.au /images christiansonline_165x48.gif
2006.05.17 17:01 B E:\Virtual Sites\E\events4singles\images\circle-of-friends_120x87.jpg <-- ftp.netregistry.com.au /images circle-of-friends_120x87.jpg
2006.05.17 17:01 B E:\Virtual Sites\E\events4singles\images\circle-of-friends_158x95.gif <-- ftp.netregistry.com.au /images circle-of-friends_158x95.gif
2006.05.17 17:01 B E:\Virtual Sites\E\events4singles\images\cityGym165x60.gif <-- ftp.netregistry.com.au /images cityGym165x60.gif
2006.05.17 17:01 B E:\Virtual Sites\E\events4singles\images\citysalsaclub_165x70.gif <-- ftp.netregistry.com.au /images citysalsaclub_165x70.gif
2006.05.17 17:01 B E:\Virtual Sites\E\events4singles\images\clever_ani_120x80.gif <-- ftp.netregistry.com.au /images clever_ani_120x80.gif
2006.05.17 17:01 B E:\Virtual Sites\E\events4singles\images\client.jpg <-- ftp.netregistry.com.au /images client.jpg
2006.05.17 17:01 B E:\Virtual Sites\E\events4singles\images\climbFit120x70.gif <-- ftp.netregistry.com.au /images climbFit120x70.gif
2006.05.17 17:01 B E:\Virtual Sites\E\events4singles\images\clintonsmith-sml.jpg <-- ftp.netregistry.com.au /images clintonsmith-sml.jpg
2006.05.17 17:01 B E:\Virtual Sites\E\events4singles\images\CLL_animated120x80.gif <-- ftp.netregistry.com.au /images CLL_animated120x80.gif
2006.05.17 17:01 B E:\Virtual Sites\E\events4singles\images\colourscafe_120x80.gif <-- ftp.netregistry.com.au /images colourscafe_120x80.gif
2006.05.17 17:01 B E:\Virtual Sites\E\events4singles\images\conciergecontact_170x92.gif <-- ftp.netregistry.com.au /images conciergecontact_170x92.gif
2006.05.17 17:01 B E:\Virtual Sites\E\events4singles\images\connectionsociallinks_150x9.jpg <-- ftp.netregistry.com.au /images connectionsociallinks_150x9.jpg
2006.05.17 17:01 B E:\Virtual Sites\E\events4singles\images\cons.gif <-- ftp.netregistry.com.au /images cons.gif
2006.05.17 17:01 B E:\Virtual Sites\E\events4singles\images\cooperconsultancy_95x85.jpg <-- ftp.netregistry.com.au /images cooperconsultancy_95x85.jpg
2006.05.17 17:01 B E:\Virtual Sites\E\events4singles\images\copacabana_170x79.jpg <-- ftp.netregistry.com.au /images copacabana_170x79.jpg
2006.05.17 17:01 B E:\Virtual Sites\E\events4singles\images\copacabana_190x93.jpg <-- ftp.netregistry.com.au /images copacabana_190x93.jpg
2006.05.17 17:01 B E:\Virtual Sites\E\events4singles\images\CorporateSingles100x100.gif <-- ftp.netregistry.com.au /images CorporateSingles100x100.gif
2006.05.17 17:01 B E:\Virtual Sites\E\events4singles\images\corporatesingles_anim_120x8.gif <-- ftp.netregistry.com.au /images corporatesingles_anim_120x8.gif
2006.05.17 17:01 B E:\Virtual Sites\E\events4singles\images\corpsingles_145x110.jpg <-- ftp.netregistry.com.au /images corpsingles_145x110.jpg
2006.05.17 17:01 B E:\Virtual Sites\E\events4singles\images\corpsingles_160x65.gif <-- ftp.netregistry.com.au /images corpsingles_160x65.gif
2006.05.17 17:01 B E:\Virtual Sites\E\events4singles\images\corpsingles_80x80.gif <-- ftp.netregistry.com.au /images corpsingles_80x80.gif
2006.05.17 17:01 B E:\Virtual Sites\E\events4singles\images\costersConect_90x82.jpg <-- ftp.netregistry.com.au /images costersConect_90x82.jpg
2006.05.17 17:01 B E:\Virtual Sites\E\events4singles\images\creditcards.gif <-- ftp.netregistry.com.au /images creditcards.gif
2006.05.17 17:01 B E:\Virtual Sites\E\events4singles\images\culturalsafaris_120x90.jpg <-- ftp.netregistry.com.au /images culturalsafaris_120x90.jpg
2006.05.17 17:01 B E:\Virtual Sites\E\events4singles\images\Cupids_Ball_104x120.jpg <-- ftp.netregistry.com.au /images Cupids_Ball_104x120.jpg
2006.05.17 17:01 B E:\Virtual Sites\E\events4singles\images\d&dball.jpg <-- ftp.netregistry.com.au /images d&dball.jpg
2006.05.17 17:01 B E:\Virtual Sites\E\events4singles\images\d46sa_120x98.jpg <-- ftp.netregistry.com.au /images d46sa_120x98.jpg
2006.05.17 17:01 B E:\Virtual Sites\E\events4singles\images\daanlogo_100x100.jpg <-- ftp.netregistry.com.au /images daanlogo_100x100.jpg
2006.05.17 17:01 B E:\Virtual Sites\E\events4singles\images\dagger_thumb.jpg <-- ftp.netregistry.com.au /images dagger_thumb.jpg
2006.05.17 17:01 B E:\Virtual Sites\E\events4singles\images\dancaloca.gif <-- ftp.netregistry.com.au /images dancaloca.gif
2006.05.17 17:01 B E:\Virtual Sites\E\events4singles\images\Dance-Idol-Flyer.gif <-- ftp.netregistry.com.au /images Dance-Idol-Flyer.gif
2006.05.17 17:01 B E:\Virtual Sites\E\events4singles\images\dance_1.jpg <-- ftp.netregistry.com.au /images dance_1.jpg
2006.05.17 17:01 B E:\Virtual Sites\E\events4singles\images\dance_10.jpg <-- ftp.netregistry.com.au /images dance_10.jpg
2006.05.17 17:01 B E:\Virtual Sites\E\events4singles\images\dance_11.jpg <-- ftp.netregistry.com.au /images dance_11.jpg
2006.05.17 17:01 B E:\Virtual Sites\E\events4singles\images\dance_12.jpg <-- ftp.netregistry.com.au /images dance_12.jpg
2006.05.17 17:01 B E:\Virtual Sites\E\events4singles\images\dance_13.jpg <-- ftp.netregistry.com.au /images dance_13.jpg
2006.05.17 17:01 B E:\Virtual Sites\E\events4singles\images\dance_14.jpg <-- ftp.netregistry.com.au /images dance_14.jpg
2006.05.17 17:01 B E:\Virtual Sites\E\events4singles\images\dance_15.jpg <-- ftp.netregistry.com.au /images dance_15.jpg
2006.05.17 17:01 B E:\Virtual Sites\E\events4singles\images\dance_2.jpg <-- ftp.netregistry.com.au /images dance_2.jpg
2006.05.17 17:01 B E:\Virtual Sites\E\events4singles\images\dance_3.jpg <-- ftp.netregistry.com.au /images dance_3.jpg
2006.05.17 17:01 B E:\Virtual Sites\E\events4singles\images\dance_4.jpg <-- ftp.netregistry.com.au /images dance_4.jpg
2006.05.17 17:01 B E:\Virtual Sites\E\events4singles\images\dance_5.jpg <-- ftp.netregistry.com.au /images dance_5.jpg
2006.05.17 17:01 B E:\Virtual Sites\E\events4singles\images\dance_6.jpg <-- ftp.netregistry.com.au /images dance_6.jpg
2006.05.17 17:01 B E:\Virtual Sites\E\events4singles\images\dance_7.jpg <-- ftp.netregistry.com.au /images dance_7.jpg
2006.05.17 17:01 B E:\Virtual Sites\E\events4singles\images\dance_8.jpg <-- ftp.netregistry.com.au /images dance_8.jpg
2006.05.17 17:01 B E:\Virtual Sites\E\events4singles\images\dance_9.jpg <-- ftp.netregistry.com.au /images dance_9.jpg
2006.05.17 17:01 B E:\Virtual Sites\E\events4singles\images\Dance_classes.gif <-- ftp.netregistry.com.au /images Dance_classes.gif
2006.05.17 17:01 B E:\Virtual Sites\E\events4singles\images\dance_classes.js <-- ftp.netregistry.com.au /images dance_classes.js
2006.05.17 17:01 B E:\Virtual Sites\E\events4singles\images\dance_classes_b1.gif <-- ftp.netregistry.com.au /images dance_classes_b1.gif
2006.05.17 17:01 B E:\Virtual Sites\E\events4singles\images\dance_classes_b1_over.gif <-- ftp.netregistry.com.au /images dance_classes_b1_over.gif
2006.05.17 17:01 B E:\Virtual Sites\E\events4singles\images\dance_classes_b2.gif <-- ftp.netregistry.com.au /images dance_classes_b2.gif
2006.05.17 17:01 B E:\Virtual Sites\E\events4singles\images\dance_classes_b2_over.gif <-- ftp.netregistry.com.au /images dance_classes_b2_over.gif
2006.05.17 17:01 B E:\Virtual Sites\E\events4singles\images\dance_classes_b3.gif <-- ftp.netregistry.com.au /images dance_classes_b3.gif
2006.05.17 17:01 B E:\Virtual Sites\E\events4singles\images\dance_classes_b3_over.gif <-- ftp.netregistry.com.au /images dance_classes_b3_over.gif
2006.05.17 17:01 B E:\Virtual Sites\E\events4singles\images\dance_classes_b4.gif <-- ftp.netregistry.com.au /images dance_classes_b4.gif
2006.05.17 17:02 B E:\Virtual Sites\E\events4singles\images\dance_classes_b4_over.gif <-- ftp.netregistry.com.au /images dance_classes_b4_over.gif
2006.05.17 17:02 B E:\Virtual Sites\E\events4singles\images\dance_classes_b5.gif <-- ftp.netregistry.com.au /images dance_classes_b5.gif
2006.05.17 17:02 B E:\Virtual Sites\E\events4singles\images\dance_classes_b5_over.gif <-- ftp.netregistry.com.au /images dance_classes_b5_over.gif
2006.05.17 17:02 B E:\Virtual Sites\E\events4singles\images\dance_classes_b6.gif <-- ftp.netregistry.com.au /images dance_classes_b6.gif
2006.05.17 17:02 B E:\Virtual Sites\E\events4singles\images\dance_classes_b6_over.gif <-- ftp.netregistry.com.au /images dance_classes_b6_over.gif
2006.05.17 17:02 B E:\Virtual Sites\E\events4singles\images\dance_classes_left.gif <-- ftp.netregistry.com.au /images dance_classes_left.gif
2006.05.17 17:02 B E:\Virtual Sites\E\events4singles\images\dance_classes_right.gif <-- ftp.netregistry.com.au /images dance_classes_right.gif
2006.05.17 17:02 B E:\Virtual Sites\E\events4singles\images\dance_clipart1_50x50.gif <-- ftp.netregistry.com.au /images dance_clipart1_50x50.gif
2006.05.17 17:02 B E:\Virtual Sites\E\events4singles\images\dance_clipart2_50x50.gif <-- ftp.netregistry.com.au /images dance_clipart2_50x50.gif
2006.05.17 17:02 B E:\Virtual Sites\E\events4singles\images\dance_clipart3_50x50.gif <-- ftp.netregistry.com.au /images dance_clipart3_50x50.gif
2006.05.17 17:02 B E:\Virtual Sites\E\events4singles\images\dance_clipart4_50x50.gif <-- ftp.netregistry.com.au /images dance_clipart4_50x50.gif
2006.05.17 17:02 B E:\Virtual Sites\E\events4singles\images\dance_clipart5_50x50.gif <-- ftp.netregistry.com.au /images dance_clipart5_50x50.gif
2006.05.17 17:02 B E:\Virtual Sites\E\events4singles\images\dance_latin_45x55.gif <-- ftp.netregistry.com.au /images dance_latin_45x55.gif
2006.05.17 17:02 B E:\Virtual Sites\E\events4singles\images\dance_useyourhead.gif <-- ftp.netregistry.com.au /images dance_useyourhead.gif
2006.05.17 17:02 B E:\Virtual Sites\E\events4singles\images\dancecentral_165x76.gif <-- ftp.netregistry.com.au /images dancecentral_165x76.gif
2006.05.17 17:02 B E:\Virtual Sites\E\events4singles\images\dancecorp_72x100.jpg <-- ftp.netregistry.com.au /images dancecorp_72x100.jpg
2006.05.17 17:02 B E:\Virtual Sites\E\events4singles\images\dancecorp_87x120.jpg <-- ftp.netregistry.com.au /images dancecorp_87x120.jpg
2006.05.17 17:02 B E:\Virtual Sites\E\events4singles\images\danceexpo_164x77.gif <-- ftp.netregistry.com.au /images danceexpo_164x77.gif
2006.05.17 17:02 B E:\Virtual Sites\E\events4singles\images\danceexpo_170x52.gif <-- ftp.netregistry.com.au /images danceexpo_170x52.gif
2006.05.17 17:02 B E:\Virtual Sites\E\events4singles\images\DanceLatino131x96-.gif <-- ftp.netregistry.com.au /images DanceLatino131x96-.gif
2006.05.17 17:02 B E:\Virtual Sites\E\events4singles\images\dancenetwork110x50.gif <-- ftp.netregistry.com.au /images dancenetwork110x50.gif
2006.05.17 17:02 B E:\Virtual Sites\E\events4singles\images\dancenetwork120x80.gif <-- ftp.netregistry.com.au /images dancenetwork120x80.gif
2006.05.17 17:02 B E:\Virtual Sites\E\events4singles\images\dancenetwork150x72.gif <-- ftp.netregistry.com.au /images dancenetwork150x72.gif
2006.05.17 17:02 B E:\Virtual Sites\E\events4singles\images\dancenetwork167x80.jpg <-- ftp.netregistry.com.au /images dancenetwork167x80.jpg
2006.05.17 17:02 B E:\Virtual Sites\E\events4singles\images\dancenetwork205x98.gif <-- ftp.netregistry.com.au /images dancenetwork205x98.gif
2006.05.17 17:02 B E:\Virtual Sites\E\events4singles\images\dancenetwork_120x72.gif <-- ftp.netregistry.com.au /images dancenetwork_120x72.gif
2006.05.17 17:02 B E:\Virtual Sites\E\events4singles\images\dancenetwork_120x80.gif <-- ftp.netregistry.com.au /images dancenetwork_120x80.gif
2006.05.17 17:02 B E:\Virtual Sites\E\events4singles\images\danceperth_165_47.gif <-- ftp.netregistry.com.au /images danceperth_165_47.gif
2006.05.17 17:02 B E:\Virtual Sites\E\events4singles\images\Dancexpo-Promo_130x87.gif <-- ftp.netregistry.com.au /images Dancexpo-Promo_130x87.gif
2006.05.17 17:02 B E:\Virtual Sites\E\events4singles\images\Dancexpo_banner_links.gif <-- ftp.netregistry.com.au /images Dancexpo_banner_links.gif
2006.05.17 17:02 B E:\Virtual Sites\E\events4singles\images\dancingPeople_000.psd <-- ftp.netregistry.com.au /images dancingPeople_000.psd
2006.05.17 17:02 B E:\Virtual Sites\E\events4singles\images\dashedline.gif <-- ftp.netregistry.com.au /images dashedline.gif
2006.05.17 17:02 B E:\Virtual Sites\E\events4singles\images\dateschool_165x50.jpg <-- ftp.netregistry.com.au /images dateschool_165x50.jpg
2006.05.17 17:02 B E:\Virtual Sites\E\events4singles\images\dateschool_165x65.jpg <-- ftp.netregistry.com.au /images dateschool_165x65.jpg
2006.05.17 17:02 B E:\Virtual Sites\E\events4singles\images\datingguide.jpg <-- ftp.netregistry.com.au /images datingguide.jpg
2006.05.17 17:02 B E:\Virtual Sites\E\events4singles\images\davidtnewton.jpg <-- ftp.netregistry.com.au /images davidtnewton.jpg
2006.05.17 17:02 B E:\Virtual Sites\E\events4singles\images\ddball.jpg <-- ftp.netregistry.com.au /images ddball.jpg
2006.05.17 17:02 B E:\Virtual Sites\E\events4singles\images\deen.jpg <-- ftp.netregistry.com.au /images deen.jpg
2006.05.17 17:02 B E:\Virtual Sites\E\events4singles\images\demointro2.jpg <-- ftp.netregistry.com.au /images demointro2.jpg
2006.05.17 17:02 B E:\Virtual Sites\E\events4singles\images\Designer Life Coaching Australia.htm <-- ftp.netregistry.com.au /images Designer Life Coaching Australia.htm
2006.05.17 17:02 B E:\Virtual Sites\E\events4singles\images\designerLife.gif <-- ftp.netregistry.com.au /images designerLife.gif
2006.05.17 17:02 B E:\Virtual Sites\E\events4singles\images\Dimitris.gif <-- ftp.netregistry.com.au /images Dimitris.gif
2006.05.17 17:02 B E:\Virtual Sites\E\events4singles\images\Dimitris120x50.gif <-- ftp.netregistry.com.au /images Dimitris120x50.gif
2006.05.17 17:02 B E:\Virtual Sites\E\events4singles\images\Dimitris_113x38.gif <-- ftp.netregistry.com.au /images Dimitris_113x38.gif
2006.05.17 17:02 B E:\Virtual Sites\E\events4singles\images\dinner4six.gif <-- ftp.netregistry.com.au /images dinner4six.gif
2006.05.17 17:02 B E:\Virtual Sites\E\events4singles\images\dinner4six.js <-- ftp.netregistry.com.au /images dinner4six.js
2006.05.17 17:02 B E:\Virtual Sites\E\events4singles\images\dinner4six_b1.gif <-- ftp.netregistry.com.au /images dinner4six_b1.gif
2006.05.17 17:02 B E:\Virtual Sites\E\events4singles\images\dinner4six_b1_over.gif <-- ftp.netregistry.com.au /images dinner4six_b1_over.gif
2006.05.17 17:02 B E:\Virtual Sites\E\events4singles\images\dinner4six_b2.gif <-- ftp.netregistry.com.au /images dinner4six_b2.gif
2006.05.17 17:02 B E:\Virtual Sites\E\events4singles\images\dinner4six_b2_over.gif <-- ftp.netregistry.com.au /images dinner4six_b2_over.gif
2006.05.17 17:02 B E:\Virtual Sites\E\events4singles\images\dinner4six_b3.gif <-- ftp.netregistry.com.au /images dinner4six_b3.gif
2006.05.17 17:02 B E:\Virtual Sites\E\events4singles\images\dinner4six_b3_over.gif <-- ftp.netregistry.com.au /images dinner4six_b3_over.gif
2006.05.17 17:02 B E:\Virtual Sites\E\events4singles\images\dinner4six_b4.gif <-- ftp.netregistry.com.au /images dinner4six_b4.gif
2006.05.17 17:02 B E:\Virtual Sites\E\events4singles\images\dinner4six_b4_over.gif <-- ftp.netregistry.com.au /images dinner4six_b4_over.gif
2006.05.17 17:02 B E:\Virtual Sites\E\events4singles\images\dinner4six_b5.gif <-- ftp.netregistry.com.au /images dinner4six_b5.gif
2006.05.17 17:02 B E:\Virtual Sites\E\events4singles\images\dinner4six_b5_over.gif <-- ftp.netregistry.com.au /images dinner4six_b5_over.gif
2006.05.17 17:02 B E:\Virtual Sites\E\events4singles\images\dinner4six_b6.gif <-- ftp.netregistry.com.au /images dinner4six_b6.gif
2006.05.17 17:02 B E:\Virtual Sites\E\events4singles\images\dinner4six_b6_over.gif <-- ftp.netregistry.com.au /images dinner4six_b6_over.gif
2006.05.17 17:02 B E:\Virtual Sites\E\events4singles\images\dinner4six_b7.gif <-- ftp.netregistry.com.au /images dinner4six_b7.gif
2006.05.17 17:02 B E:\Virtual Sites\E\events4singles\images\dinner4six_b7_over.gif <-- ftp.netregistry.com.au /images dinner4six_b7_over.gif
2006.05.17 17:02 B E:\Virtual Sites\E\events4singles\images\dinner4six_b8.gif <-- ftp.netregistry.com.au /images dinner4six_b8.gif
2006.05.17 17:02 B E:\Virtual Sites\E\events4singles\images\dinner4six_b8_over.gif <-- ftp.netregistry.com.au /images dinner4six_b8_over.gif
2006.05.17 17:02 B E:\Virtual Sites\E\events4singles\images\dinner4six_left.gif <-- ftp.netregistry.com.au /images dinner4six_left.gif
2006.05.17 17:02 B E:\Virtual Sites\E\events4singles\images\dinner4six_right.gif <-- ftp.netregistry.com.au /images dinner4six_right.gif
2006.05.17 17:02 B E:\Virtual Sites\E\events4singles\images\Dinner4sixperth.jpg <-- ftp.netregistry.com.au /images Dinner4sixperth.jpg
2006.05.17 17:02 B E:\Virtual Sites\E\events4singles\images\Dinner4sixWA_100x80.gif <-- ftp.netregistry.com.au /images Dinner4sixWA_100x80.gif
2006.05.17 17:02 B E:\Virtual Sites\E\events4singles\images\dinner@8_120x87.jpg <-- ftp.netregistry.com.au /images dinner@8_120x87.jpg
2006.05.17 17:02 B E:\Virtual Sites\E\events4singles\images\dinner_parties.htm <-- ftp.netregistry.com.au /images dinner_parties.htm
2006.05.17 17:02 B E:\Virtual Sites\E\events4singles\images\dinner_parties_melbourne.htm <-- ftp.netregistry.com.au /images dinner_parties_melbourne.htm
2006.05.17 17:02 B E:\Virtual Sites\E\events4singles\images\dinnerat8.jpg <-- ftp.netregistry.com.au /images dinnerat8.jpg
2006.05.17 17:02 B E:\Virtual Sites\E\events4singles\images\dinnercircle_117x100.jpg <-- ftp.netregistry.com.au /images dinnercircle_117x100.jpg
2006.05.17 17:02 B E:\Virtual Sites\E\events4singles\images\dinnerclub_150x95.jpg <-- ftp.netregistry.com.au /images dinnerclub_150x95.jpg
2006.05.17 17:02 B E:\Virtual Sites\E\events4singles\images\dinnerparties.gif <-- ftp.netregistry.com.au /images dinnerparties.gif
2006.05.17 17:02 B E:\Virtual Sites\E\events4singles\images\dinnerparties.js <-- ftp.netregistry.com.au /images dinnerparties.js
2006.05.17 17:02 B E:\Virtual Sites\E\events4singles\images\dinnerparties_b1.gif <-- ftp.netregistry.com.au /images dinnerparties_b1.gif
2006.05.17 17:02 B E:\Virtual Sites\E\events4singles\images\dinnerparties_b1_over.gif <-- ftp.netregistry.com.au /images dinnerparties_b1_over.gif
2006.05.17 17:02 B E:\Virtual Sites\E\events4singles\images\dinnerparties_b2.gif <-- ftp.netregistry.com.au /images dinnerparties_b2.gif
2006.05.17 17:02 B E:\Virtual Sites\E\events4singles\images\dinnerparties_b2_over.gif <-- ftp.netregistry.com.au /images dinnerparties_b2_over.gif
2006.05.17 17:02 B E:\Virtual Sites\E\events4singles\images\dinnerparties_b3.gif <-- ftp.netregistry.com.au /images dinnerparties_b3.gif
2006.05.17 17:02 B E:\Virtual Sites\E\events4singles\images\dinnerparties_b3_over.gif <-- ftp.netregistry.com.au /images dinnerparties_b3_over.gif
2006.05.17 17:02 B E:\Virtual Sites\E\events4singles\images\dinnerparties_b4.gif <-- ftp.netregistry.com.au /images dinnerparties_b4.gif
2006.05.17 17:02 B E:\Virtual Sites\E\events4singles\images\dinnerparties_b4_over.gif <-- ftp.netregistry.com.au /images dinnerparties_b4_over.gif
2006.05.17 17:02 B E:\Virtual Sites\E\events4singles\images\dinnerparties_b5.gif <-- ftp.netregistry.com.au /images dinnerparties_b5.gif
2006.05.17 17:02 B E:\Virtual Sites\E\events4singles\images\dinnerparties_b5_over.gif <-- ftp.netregistry.com.au /images dinnerparties_b5_over.gif
2006.05.17 17:02 B E:\Virtual Sites\E\events4singles\images\dinnerparties_b6.gif <-- ftp.netregistry.com.au /images dinnerparties_b6.gif
2006.05.17 17:02 B E:\Virtual Sites\E\events4singles\images\dinnerparties_b6_over.gif <-- ftp.netregistry.com.au /images dinnerparties_b6_over.gif
2006.05.17 17:02 B E:\Virtual Sites\E\events4singles\images\dinnerparties_b7.gif <-- ftp.netregistry.com.au /images dinnerparties_b7.gif
2006.05.17 17:02 B E:\Virtual Sites\E\events4singles\images\dinnerparties_b7_over.gif <-- ftp.netregistry.com.au /images dinnerparties_b7_over.gif
2006.05.17 17:02 B E:\Virtual Sites\E\events4singles\images\dinnerparties_b8.gif <-- ftp.netregistry.com.au /images dinnerparties_b8.gif
2006.05.17 17:02 B E:\Virtual Sites\E\events4singles\images\dinnerparties_b8_over.gif <-- ftp.netregistry.com.au /images dinnerparties_b8_over.gif
2006.05.17 17:02 B E:\Virtual Sites\E\events4singles\images\dinnerparties_left.gif <-- ftp.netregistry.com.au /images dinnerparties_left.gif
2006.05.17 17:02 B E:\Virtual Sites\E\events4singles\images\dinnerparties_right.gif <-- ftp.netregistry.com.au /images dinnerparties_right.gif
2006.05.17 17:02 B E:\Virtual Sites\E\events4singles\images\dinnertable.gif <-- ftp.netregistry.com.au /images dinnertable.gif
2006.05.17 17:02 B E:\Virtual Sites\E\events4singles\images\DivineInterventions170x60.gif <-- ftp.netregistry.com.au /images DivineInterventions170x60.gif
2006.05.17 17:02 B E:\Virtual Sites\E\events4singles\images\dot_b.gif <-- ftp.netregistry.com.au /images dot_b.gif
2006.05.17 17:02 B E:\Virtual Sites\E\events4singles\images\Dove123x70.gif <-- ftp.netregistry.com.au /images Dove123x70.gif
2006.05.17 17:02 B E:\Virtual Sites\E\events4singles\images\Dove141x80.gif <-- ftp.netregistry.com.au /images Dove141x80.gif
2006.05.17 17:02 B E:\Virtual Sites\E\events4singles\images\Dove155x38.gif <-- ftp.netregistry.com.au /images Dove155x38.gif
2006.05.17 17:02 B E:\Virtual Sites\E\events4singles\images\dove_int_87x90.jpg <-- ftp.netregistry.com.au /images dove_int_87x90.jpg
2006.05.17 17:02 B E:\Virtual Sites\E\events4singles\images\doveint_87x90.jpg <-- ftp.netregistry.com.au /images doveint_87x90.jpg
2006.05.17 17:02 B E:\Virtual Sites\E\events4singles\images\down.gif <-- ftp.netregistry.com.au /images down.gif
2006.05.17 17:02 B E:\Virtual Sites\E\events4singles\images\dreamweaver.gif <-- ftp.netregistry.com.au /images dreamweaver.gif
2006.05.17 17:02 B E:\Virtual Sites\E\events4singles\images\dt_diamand_mavroudis.jpg <-- ftp.netregistry.com.au /images dt_diamand_mavroudis.jpg
2006.05.17 17:02 B E:\Virtual Sites\E\events4singles\images\dt_dianne_dupont.jpg <-- ftp.netregistry.com.au /images dt_dianne_dupont.jpg
2006.05.17 17:02 B E:\Virtual Sites\E\events4singles\images\dt_farah_shah.jpg <-- ftp.netregistry.com.au /images dt_farah_shah.jpg
2006.05.17 17:02 B E:\Virtual Sites\E\events4singles\images\dt_fernando_ebony.jpg <-- ftp.netregistry.com.au /images dt_fernando_ebony.jpg
2006.05.17 17:02 B E:\Virtual Sites\E\events4singles\images\dt_guillermo_henriquez.jpg <-- ftp.netregistry.com.au /images dt_guillermo_henriquez.jpg
2006.05.17 17:02 B E:\Virtual Sites\E\events4singles\images\dt_jean-luc_stora.jpg <-- ftp.netregistry.com.au /images dt_jean-luc_stora.jpg
2006.05.17 17:02 B E:\Virtual Sites\E\events4singles\images\dt_justin_brown.jpg <-- ftp.netregistry.com.au /images dt_justin_brown.jpg
2006.05.17 17:02 B E:\Virtual Sites\E\events4singles\images\dt_kaylene_pomana_jones.jpg <-- ftp.netregistry.com.au /images dt_kaylene_pomana_jones.jpg
2006.05.17 17:02 B E:\Virtual Sites\E\events4singles\images\dt_maureen_acosta.jpg <-- ftp.netregistry.com.au /images dt_maureen_acosta.jpg
2006.05.17 17:02 B E:\Virtual Sites\E\events4singles\images\dt_maya_martinez.jpg <-- ftp.netregistry.com.au /images dt_maya_martinez.jpg
2006.05.17 17:02 B E:\Virtual Sites\E\events4singles\images\dt_michael_mina.jpg <-- ftp.netregistry.com.au /images dt_michael_mina.jpg
2006.05.17 17:02 B E:\Virtual Sites\E\events4singles\images\dt_mina_waks.jpg <-- ftp.netregistry.com.au /images dt_mina_waks.jpg
2006.05.17 17:02 B E:\Virtual Sites\E\events4singles\images\dt_minerva_fairchild.jpg <-- ftp.netregistry.com.au /images dt_minerva_fairchild.jpg
2006.05.17 17:02 B E:\Virtual Sites\E\events4singles\images\dt_nate_mendelsohn.jpg <-- ftp.netregistry.com.au /images dt_nate_mendelsohn.jpg
2006.05.17 17:02 B E:\Virtual Sites\E\events4singles\images\dt_nigel_douglas.jpg <-- ftp.netregistry.com.au /images dt_nigel_douglas.jpg
2006.05.17 17:02 B E:\Virtual Sites\E\events4singles\images\dt_rachel_jv.jpg <-- ftp.netregistry.com.au /images dt_rachel_jv.jpg
2006.05.17 17:02 B E:\Virtual Sites\E\events4singles\images\dt_ruth_sarpong.jpg <-- ftp.netregistry.com.au /images dt_ruth_sarpong.jpg
2006.05.17 17:02 B E:\Virtual Sites\E\events4singles\images\dt_sam_iam.jpg <-- ftp.netregistry.com.au /images dt_sam_iam.jpg
2006.05.17 17:02 B E:\Virtual Sites\E\events4singles\images\dt_sarrah_john.jpg <-- ftp.netregistry.com.au /images dt_sarrah_john.jpg
2006.05.17 17:02 B E:\Virtual Sites\E\events4singles\images\dt_scott_fox.jpg <-- ftp.netregistry.com.au /images dt_scott_fox.jpg
2006.05.17 17:02 B E:\Virtual Sites\E\events4singles\images\dt_sky_blue.jpg <-- ftp.netregistry.com.au /images dt_sky_blue.jpg
2006.05.17 17:02 B E:\Virtual Sites\E\events4singles\images\dt_vimala_sarma.jpg <-- ftp.netregistry.com.au /images dt_vimala_sarma.jpg
2006.05.17 17:02 B E:\Virtual Sites\E\events4singles\images\e-commerce.jpg <-- ftp.netregistry.com.au /images e-commerce.jpg
2006.05.17 17:02 B E:\Virtual Sites\E\events4singles\images\e01.gif <-- ftp.netregistry.com.au /images e01.gif
2006.05.17 17:02 B E:\Virtual Sites\E\events4singles\images\e02.gif <-- ftp.netregistry.com.au /images e02.gif
2006.05.17 17:02 B E:\Virtual Sites\E\events4singles\images\e03.gif <-- ftp.netregistry.com.au /images e03.gif
2006.05.17 17:02 B E:\Virtual Sites\E\events4singles\images\e04.gif <-- ftp.netregistry.com.au /images e04.gif
2006.05.17 17:02 B E:\Virtual Sites\E\events4singles\images\e05.gif <-- ftp.netregistry.com.au /images e05.gif
2006.05.17 17:02 B E:\Virtual Sites\E\events4singles\images\E4S.psd <-- ftp.netregistry.com.au /images E4S.psd
2006.05.17 17:02 B E:\Virtual Sites\E\events4singles\images\E4S_120x50.gif <-- ftp.netregistry.com.au /images E4S_120x50.gif
2006.05.17 17:02 B E:\Virtual Sites\E\events4singles\images\E4S_158x57.gif <-- ftp.netregistry.com.au /images E4S_158x57.gif
2006.05.17 17:02 B E:\Virtual Sites\E\events4singles\images\E4S_160x67.gif <-- ftp.netregistry.com.au /images E4S_160x67.gif
2006.05.17 17:02 B E:\Virtual Sites\E\events4singles\images\E4S_260x50.gif <-- ftp.netregistry.com.au /images E4S_260x50.gif
2006.05.17 17:02 B E:\Virtual Sites\E\events4singles\images\e4s_a3.gif <-- ftp.netregistry.com.au /images e4s_a3.gif
2006.05.17 17:02 B E:\Virtual Sites\E\events4singles\images\E4S_advert_120x70.gif <-- ftp.netregistry.com.au /images E4S_advert_120x70.gif
2006.05.17 17:02 B E:\Virtual Sites\E\events4singles\images\e4s_advert_120x72.gif <-- ftp.netregistry.com.au /images e4s_advert_120x72.gif
2006.05.17 17:02 B E:\Virtual Sites\E\events4singles\images\E4S_advertise_120x50.gif <-- ftp.netregistry.com.au /images E4S_advertise_120x50.gif
2006.05.17 17:02 B E:\Virtual Sites\E\events4singles\images\E4S_banner_130x54.jpg <-- ftp.netregistry.com.au /images E4S_banner_130x54.jpg
2006.05.17 17:02 B E:\Virtual Sites\E\events4singles\images\e4s_logo1.pdf <-- ftp.netregistry.com.au /images e4s_logo1.pdf
2006.05.17 17:02 B E:\Virtual Sites\E\events4singles\images\E4S_Logo1_375x50.gif <-- ftp.netregistry.com.au /images E4S_Logo1_375x50.gif
2006.05.17 17:02 B E:\Virtual Sites\E\events4singles\images\e4s_logo2.pdf <-- ftp.netregistry.com.au /images e4s_logo2.pdf
2006.05.17 17:02 B E:\Virtual Sites\E\events4singles\images\E4S_Logo2_96x70.gif <-- ftp.netregistry.com.au /images E4S_Logo2_96x70.gif
2006.05.17 17:02 B E:\Virtual Sites\E\events4singles\images\E4S_Logo3_375x50.gif <-- ftp.netregistry.com.au /images E4S_Logo3_375x50.gif
2006.05.17 17:02 B E:\Virtual Sites\E\events4singles\images\E4S_Logo_120x180.gif <-- ftp.netregistry.com.au /images E4S_Logo_120x180.gif
2006.05.17 17:02 B E:\Virtual Sites\E\events4singles\images\E4S_Logo_375x50.jpg <-- ftp.netregistry.com.au /images E4S_Logo_375x50.jpg
2006.05.17 17:02 B E:\Virtual Sites\E\events4singles\images\E4S_Logo_55x40.jpg <-- ftp.netregistry.com.au /images E4S_Logo_55x40.jpg
2006.05.17 17:02 B E:\Virtual Sites\E\events4singles\images\E4S_Logo_90x66.gif <-- ftp.netregistry.com.au /images E4S_Logo_90x66.gif
2006.05.17 17:02 B E:\Virtual Sites\E\events4singles\images\E4S_Logo_a4flier.gif <-- ftp.netregistry.com.au /images E4S_Logo_a4flier.gif
2006.05.17 17:02 B E:\Virtual Sites\E\events4singles\images\E4S_Logo_dis.gif <-- ftp.netregistry.com.au /images E4S_Logo_dis.gif
2006.05.17 17:02 B E:\Virtual Sites\E\events4singles\images\E4S_Logo_dis25x18.gif <-- ftp.netregistry.com.au /images E4S_Logo_dis25x18.gif
2006.05.17 17:02 B E:\Virtual Sites\E\events4singles\images\E4S_Logo_usa_140x33.gif <-- ftp.netregistry.com.au /images E4S_Logo_usa_140x33.gif
2006.05.17 17:02 B E:\Virtual Sites\E\events4singles\images\E4S_Logo_usa_160x50.gif <-- ftp.netregistry.com.au /images E4S_Logo_usa_160x50.gif
2006.05.17 17:02 B E:\Virtual Sites\E\events4singles\images\E4S_Logo_usa_247x50.gif <-- ftp.netregistry.com.au /images E4S_Logo_usa_247x50.gif
2006.05.17 17:02 B E:\Virtual Sites\E\events4singles\images\E4S_Logo_usa_357x50.gif <-- ftp.netregistry.com.au /images E4S_Logo_usa_357x50.gif
2006.05.17 17:02 B E:\Virtual Sites\E\events4singles\images\E4S_Logo_usa_50.psd <-- ftp.netregistry.com.au /images E4S_Logo_usa_50.psd
2006.05.17 17:02 B E:\Virtual Sites\E\events4singles\images\e4smship.psd <-- ftp.netregistry.com.au /images e4smship.psd
2006.05.17 17:02 B E:\Virtual Sites\E\events4singles\images\e4spersonals_275x120.gif <-- ftp.netregistry.com.au /images e4spersonals_275x120.gif
2006.05.17 17:02 B E:\Virtual Sites\E\events4singles\images\e4spersonals_290x120.gif <-- ftp.netregistry.com.au /images e4spersonals_290x120.gif
2006.05.17 17:02 B E:\Virtual Sites\E\events4singles\images\e4spersonals_300x120.gif <-- ftp.netregistry.com.au /images e4spersonals_300x120.gif
2006.05.17 17:02 B E:\Virtual Sites\E\events4singles\images\e4spersonals_318x111.gif <-- ftp.netregistry.com.au /images e4spersonals_318x111.gif
2006.05.17 17:02 B E:\Virtual Sites\E\events4singles\images\eatandmeet2.gif <-- ftp.netregistry.com.au /images eatandmeet2.gif
2006.05.17 17:02 B E:\Virtual Sites\E\events4singles\images\Eatandmeet_150x94.gif <-- ftp.netregistry.com.au /images Eatandmeet_150x94.gif
2006.05.17 17:02 B E:\Virtual Sites\E\events4singles\images\EdenIntro102x80.jpg <-- ftp.netregistry.com.au /images EdenIntro102x80.jpg
2006.05.17 17:02 B E:\Virtual Sites\E\events4singles\images\eflame_120x80.gif <-- ftp.netregistry.com.au /images eflame_120x80.gif
2006.05.17 17:02 B E:\Virtual Sites\E\events4singles\images\eflame_animated.gif <-- ftp.netregistry.com.au /images eflame_animated.gif
2006.05.17 17:02 B E:\Virtual Sites\E\events4singles\images\eleganthouseparties.jpg <-- ftp.netregistry.com.au /images eleganthouseparties.jpg
2006.05.17 17:02 B E:\Virtual Sites\E\events4singles\images\elreo_140x89.gif <-- ftp.netregistry.com.au /images elreo_140x89.gif
2006.05.17 17:02 B E:\Virtual Sites\E\events4singles\images\elreo_355x123.gif <-- ftp.netregistry.com.au /images elreo_355x123.gif
2006.05.17 17:02 B E:\Virtual Sites\E\events4singles\images\elreo_399x150.gif <-- ftp.netregistry.com.au /images elreo_399x150.gif
2006.05.17 17:02 B E:\Virtual Sites\E\events4singles\images\Email_this_page.gif <-- ftp.netregistry.com.au /images Email_this_page.gif
2006.05.17 17:02 B E:\Virtual Sites\E\events4singles\images\emmaaveda_165x65.gif <-- ftp.netregistry.com.au /images emmaaveda_165x65.gif
2006.05.17 17:02 B E:\Virtual Sites\E\events4singles\images\enlightened_150x59.gif <-- ftp.netregistry.com.au /images enlightened_150x59.gif
2006.05.17 17:02 B E:\Virtual Sites\E\events4singles\images\entrenous_120x79.gif <-- ftp.netregistry.com.au /images entrenous_120x79.gif
2006.05.17 17:02 B E:\Virtual Sites\E\events4singles\images\entrenous_120x80.gif <-- ftp.netregistry.com.au /images entrenous_120x80.gif
2006.05.17 17:02 B E:\Virtual Sites\E\events4singles\images\entrenous_170x38.gif <-- ftp.netregistry.com.au /images entrenous_170x38.gif
2006.05.17 17:02 B E:\Virtual Sites\E\events4singles\images\entrenous_184x50.gif <-- ftp.netregistry.com.au /images entrenous_184x50.gif
2006.05.17 17:02 B E:\Virtual Sites\E\events4singles\images\evcalendar.gif <-- ftp.netregistry.com.au /images evcalendar.gif
2006.05.17 17:02 B E:\Virtual Sites\E\events4singles\images\evcalendar.js <-- ftp.netregistry.com.au /images evcalendar.js
2006.05.17 17:02 B E:\Virtual Sites\E\events4singles\images\evcalendar_b1.gif <-- ftp.netregistry.com.au /images evcalendar_b1.gif
2006.05.17 17:02 B E:\Virtual Sites\E\events4singles\images\evcalendar_b1_over.gif <-- ftp.netregistry.com.au /images evcalendar_b1_over.gif
2006.05.17 17:02 B E:\Virtual Sites\E\events4singles\images\evcalendar_b2.gif <-- ftp.netregistry.com.au /images evcalendar_b2.gif
2006.05.17 17:02 B E:\Virtual Sites\E\events4singles\images\evcalendar_b2_over.gif <-- ftp.netregistry.com.au /images evcalendar_b2_over.gif
2006.05.17 17:02 B E:\Virtual Sites\E\events4singles\images\evcalendar_b3.gif <-- ftp.netregistry.com.au /images evcalendar_b3.gif
2006.05.17 17:02 B E:\Virtual Sites\E\events4singles\images\evcalendar_b3_over.gif <-- ftp.netregistry.com.au /images evcalendar_b3_over.gif
2006.05.17 17:02 B E:\Virtual Sites\E\events4singles\images\evcalendar_b4.gif <-- ftp.netregistry.com.au /images evcalendar_b4.gif
2006.05.17 17:02 B E:\Virtual Sites\E\events4singles\images\evcalendar_b4_over.gif <-- ftp.netregistry.com.au /images evcalendar_b4_over.gif
2006.05.17 17:02 B E:\Virtual Sites\E\events4singles\images\evcalendar_b5.gif <-- ftp.netregistry.com.au /images evcalendar_b5.gif
2006.05.17 17:02 B E:\Virtual Sites\E\events4singles\images\evcalendar_b5_over.gif <-- ftp.netregistry.com.au /images evcalendar_b5_over.gif
2006.05.17 17:02 B E:\Virtual Sites\E\events4singles\images\evcalendar_b6.gif <-- ftp.netregistry.com.au /images evcalendar_b6.gif
2006.05.17 17:02 B E:\Virtual Sites\E\events4singles\images\evcalendar_b6_over.gif <-- ftp.netregistry.com.au /images evcalendar_b6_over.gif
2006.05.17 17:02 B E:\Virtual Sites\E\events4singles\images\evcalendar_b7.gif <-- ftp.netregistry.com.au /images evcalendar_b7.gif
2006.05.17 17:02 B E:\Virtual Sites\E\events4singles\images\evcalendar_b7_over.gif <-- ftp.netregistry.com.au /images evcalendar_b7_over.gif
2006.05.17 17:02 B E:\Virtual Sites\E\events4singles\images\evcalendar_bottom.gif <-- ftp.netregistry.com.au /images evcalendar_bottom.gif
2006.05.17 17:02 B E:\Virtual Sites\E\events4singles\images\evcalendar_top.gif <-- ftp.netregistry.com.au /images evcalendar_top.gif
2006.05.17 17:02 B E:\Virtual Sites\E\events4singles\images\event_calendar_wollongong.htm <-- ftp.netregistry.com.au /images event_calendar_wollongong.htm
2006.05.17 17:02 B E:\Virtual Sites\E\events4singles\images\EVENTCALENDAR_red.gif <-- ftp.netregistry.com.au /images EVENTCALENDAR_red.gif
2006.05.17 17:02 B E:\Virtual Sites\E\events4singles\images\eventofmonth.pdf <-- ftp.netregistry.com.au /images eventofmonth.pdf
2006.05.17 17:02 B E:\Virtual Sites\E\events4singles\images\eventofmonth1.psd <-- ftp.netregistry.com.au /images eventofmonth1.psd
2006.05.17 17:02 B E:\Virtual Sites\E\events4singles\images\eventoura_170x77.gif <-- ftp.netregistry.com.au /images eventoura_170x77.gif
2006.05.17 17:02 B E:\Virtual Sites\E\events4singles\images\events4singles-72x468x60.gif <-- ftp.netregistry.com.au /images events4singles-72x468x60.gif
2006.05.17 17:02 B E:\Virtual Sites\E\events4singles\images\events4singles_oz.gif <-- ftp.netregistry.com.au /images events4singles_oz.gif
2006.05.17 17:02 B E:\Virtual Sites\E\events4singles\images\events4singles_psychicguild.gif <-- ftp.netregistry.com.au /images events4singles_psychicguild.gif
2006.05.17 17:03 B E:\Virtual Sites\E\events4singles\images\events_adelaide.htm <-- ftp.netregistry.com.au /images events_adelaide.htm
2006.05.17 17:03 B E:\Virtual Sites\E\events4singles\images\events_brisbane.htm <-- ftp.netregistry.com.au /images events_brisbane.htm
2006.05.17 17:03 B E:\Virtual Sites\E\events4singles\images\events_canberra.htm <-- ftp.netregistry.com.au /images events_canberra.htm
2006.05.17 17:03 B E:\Virtual Sites\E\events4singles\images\events_geelong.htm <-- ftp.netregistry.com.au /images events_geelong.htm
2006.05.17 17:03 B E:\Virtual Sites\E\events4singles\images\events_hobart.htm <-- ftp.netregistry.com.au /images events_hobart.htm
2006.05.17 17:03 B E:\Virtual Sites\E\events4singles\images\events_melbourne.htm <-- ftp.netregistry.com.au /images events_melbourne.htm
2006.05.17 17:03 B E:\Virtual Sites\E\events4singles\images\events_perth.htm <-- ftp.netregistry.com.au /images events_perth.htm
2006.05.17 17:03 B E:\Virtual Sites\E\events4singles\images\events_sunshine_coast.htm <-- ftp.netregistry.com.au /images events_sunshine_coast.htm
2006.05.17 17:03 B E:\Virtual Sites\E\events4singles\images\eventscalenderhome.html <-- ftp.netregistry.com.au /images eventscalenderhome.html
2006.05.17 17:03 B E:\Virtual Sites\E\events4singles\images\Eventscalhome.jpg <-- ftp.netregistry.com.au /images Eventscalhome.jpg
2006.05.17 17:03 B E:\Virtual Sites\E\events4singles\images\eventscalhome.js <-- ftp.netregistry.com.au /images eventscalhome.js
2006.05.17 17:03 B E:\Virtual Sites\E\events4singles\images\eventscalhome_b1.jpg <-- ftp.netregistry.com.au /images eventscalhome_b1.jpg
2006.05.17 17:03 B E:\Virtual Sites\E\events4singles\images\eventscalhome_b1_over.jpg <-- ftp.netregistry.com.au /images eventscalhome_b1_over.jpg
2006.05.17 17:03 B E:\Virtual Sites\E\events4singles\images\eventscalhome_b2.jpg <-- ftp.netregistry.com.au /images eventscalhome_b2.jpg
2006.05.17 17:03 B E:\Virtual Sites\E\events4singles\images\eventscalhome_b2_over.jpg <-- ftp.netregistry.com.au /images eventscalhome_b2_over.jpg
2006.05.17 17:03 B E:\Virtual Sites\E\events4singles\images\eventscalhome_b3.jpg <-- ftp.netregistry.com.au /images eventscalhome_b3.jpg
2006.05.17 17:03 B E:\Virtual Sites\E\events4singles\images\eventscalhome_b3_over.jpg <-- ftp.netregistry.com.au /images eventscalhome_b3_over.jpg
2006.05.17 17:03 B E:\Virtual Sites\E\events4singles\images\eventscalhome_b4.jpg <-- ftp.netregistry.com.au /images eventscalhome_b4.jpg
2006.05.17 17:03 B E:\Virtual Sites\E\events4singles\images\eventscalhome_b4_over.jpg <-- ftp.netregistry.com.au /images eventscalhome_b4_over.jpg
2006.05.17 17:03 B E:\Virtual Sites\E\events4singles\images\eventscalhome_b5.jpg <-- ftp.netregistry.com.au /images eventscalhome_b5.jpg
2006.05.17 17:03 B E:\Virtual Sites\E\events4singles\images\eventscalhome_b5_over.jpg <-- ftp.netregistry.com.au /images eventscalhome_b5_over.jpg
2006.05.17 17:03 B E:\Virtual Sites\E\events4singles\images\eventscalhome_b6.jpg <-- ftp.netregistry.com.au /images eventscalhome_b6.jpg
2006.05.17 17:03 B E:\Virtual Sites\E\events4singles\images\eventscalhome_b6_over.jpg <-- ftp.netregistry.com.au /images eventscalhome_b6_over.jpg
2006.05.17 17:03 B E:\Virtual Sites\E\events4singles\images\eventscalhome_left.jpg <-- ftp.netregistry.com.au /images eventscalhome_left.jpg
2006.05.17 17:03 B E:\Virtual Sites\E\events4singles\images\eventscalhome_right.jpg <-- ftp.netregistry.com.au /images eventscalhome_right.jpg
2006.05.17 17:03 B E:\Virtual Sites\E\events4singles\images\everblue.jpg <-- ftp.netregistry.com.au /images everblue.jpg
2006.05.17 17:03 B E:\Virtual Sites\E\events4singles\images\Expedia140x90.gif <-- ftp.netregistry.com.au /images Expedia140x90.gif
2006.05.17 17:03 B E:\Virtual Sites\E\events4singles\images\faa_nicki_ad_1.gif <-- ftp.netregistry.com.au /images faa_nicki_ad_1.gif
2006.05.17 17:03 B E:\Virtual Sites\E\events4singles\images\faa_nicki_ad_2.gif <-- ftp.netregistry.com.au /images faa_nicki_ad_2.gif
2006.05.17 17:03 B E:\Virtual Sites\E\events4singles\images\fallinlove.gif <-- ftp.netregistry.com.au /images fallinlove.gif
2006.05.17 17:03 B E:\Virtual Sites\E\events4singles\images\Fast_Impressions155x46.jpg <-- ftp.netregistry.com.au /images Fast_Impressions155x46.jpg
2006.05.17 17:03 B E:\Virtual Sites\E\events4singles\images\fastdate_120x80.gif <-- ftp.netregistry.com.au /images fastdate_120x80.gif
2006.05.17 17:03 B E:\Virtual Sites\E\events4singles\images\fastimpressions.jpg <-- ftp.netregistry.com.au /images fastimpressions.jpg
2006.05.17 17:03 B E:\Virtual Sites\E\events4singles\images\fastimpressions_155x58.gif <-- ftp.netregistry.com.au /images fastimpressions_155x58.gif
2006.05.17 17:03 B E:\Virtual Sites\E\events4singles\images\fergusson72x95.gif <-- ftp.netregistry.com.au /images fergusson72x95.gif
2006.05.17 17:03 B E:\Virtual Sites\E\events4singles\images\feverlunches_132x33.jpg <-- ftp.netregistry.com.au /images feverlunches_132x33.jpg
2006.05.17 17:03 B E:\Virtual Sites\E\events4singles\images\feverlunches_160x36.gif <-- ftp.netregistry.com.au /images feverlunches_160x36.gif
2006.05.17 17:03 B E:\Virtual Sites\E\events4singles\images\fiesta06_300x225.gif <-- ftp.netregistry.com.au /images fiesta06_300x225.gif
2006.05.17 17:03 B E:\Virtual Sites\E\events4singles\images\find-the-right-psychic165x6.gif <-- ftp.netregistry.com.au /images find-the-right-psychic165x6.gif
2006.05.17 17:03 B E:\Virtual Sites\E\events4singles\images\find-the-right-psychic200x7.gif <-- ftp.netregistry.com.au /images find-the-right-psychic200x7.gif
2006.05.17 17:03 B E:\Virtual Sites\E\events4singles\images\First Penisula.JPG <-- ftp.netregistry.com.au /images First Penisula.JPG
2006.05.17 17:03 B E:\Virtual Sites\E\events4singles\images\First-Penisula_120x75.jpg <-- ftp.netregistry.com.au /images First-Penisula_120x75.jpg
2006.05.17 17:03 B E:\Virtual Sites\E\events4singles\images\firstclass_170x-47.jpg <-- ftp.netregistry.com.au /images firstclass_170x-47.jpg
2006.05.17 17:03 B E:\Virtual Sites\E\events4singles\images\firstclassspeeddate_150x87.jpg <-- ftp.netregistry.com.au /images firstclassspeeddate_150x87.jpg
2006.05.17 17:03 B E:\Virtual Sites\E\events4singles\images\firstpenisula_120x100.jpg <-- ftp.netregistry.com.au /images firstpenisula_120x100.jpg
2006.05.17 17:03 B E:\Virtual Sites\E\events4singles\images\firstpenisula_120x103.jpg <-- ftp.netregistry.com.au /images firstpenisula_120x103.jpg
2006.05.17 17:03 B E:\Virtual Sites\E\events4singles\images\flash.gif <-- ftp.netregistry.com.au /images flash.gif
2006.05.17 17:03 B E:\Virtual Sites\E\events4singles\images\flirt_party165x38.gif <-- ftp.netregistry.com.au /images flirt_party165x38.gif
2006.05.17 17:03 B E:\Virtual Sites\E\events4singles\images\flirtcoach.jpg <-- ftp.netregistry.com.au /images flirtcoach.jpg
2006.05.17 17:03 B E:\Virtual Sites\E\events4singles\images\FlirtPartyLogo165x117.jpg <-- ftp.netregistry.com.au /images FlirtPartyLogo165x117.jpg
2006.05.17 17:03 B E:\Virtual Sites\E\events4singles\images\FlyerFront_complete copySMALL(3).JPG <-- ftp.netregistry.com.au /images FlyerFront_complete copySMALL(3).JPG
2006.05.17 17:03 B E:\Virtual Sites\E\events4singles\images\fon_bar01.gif <-- ftp.netregistry.com.au /images fon_bar01.gif
2006.05.17 17:03 B E:\Virtual Sites\E\events4singles\images\fon_left01.gif <-- ftp.netregistry.com.au /images fon_left01.gif
2006.05.17 17:03 B E:\Virtual Sites\E\events4singles\images\fon_left02.gif <-- ftp.netregistry.com.au /images fon_left02.gif
2006.05.17 17:03 B E:\Virtual Sites\E\events4singles\images\fon_top01.gif <-- ftp.netregistry.com.au /images fon_top01.gif
2006.05.17 17:03 B E:\Virtual Sites\E\events4singles\images\footer_bg.gif <-- ftp.netregistry.com.au /images footer_bg.gif
2006.05.17 17:03 B E:\Virtual Sites\E\events4singles\images\form01.gif <-- ftp.netregistry.com.au /images form01.gif
2006.05.17 17:03 B E:\Virtual Sites\E\events4singles\images\form02.gif <-- ftp.netregistry.com.au /images form02.gif
2006.05.17 17:03 B E:\Virtual Sites\E\events4singles\images\form03.gif <-- ftp.netregistry.com.au /images form03.gif
2006.05.17 17:03 B E:\Virtual Sites\E\events4singles\images\Friends_200x52.jpg <-- ftp.netregistry.com.au /images Friends_200x52.jpg
2006.05.17 17:03 B E:\Virtual Sites\E\events4singles\images\Friends_250x65.gif <-- ftp.netregistry.com.au /images Friends_250x65.gif
2006.05.17 17:03 B E:\Virtual Sites\E\events4singles\images\FriendsAndAdventures_12x42.gif <-- ftp.netregistry.com.au /images FriendsAndAdventures_12x42.gif
2006.05.17 17:03 B E:\Virtual Sites\E\events4singles\images\friendsandadventures_140x94.jpg <-- ftp.netregistry.com.au /images friendsandadventures_140x94.jpg
2006.05.17 17:03 B E:\Virtual Sites\E\events4singles\images\FriendsAndAdventures_adelai.jpg <-- ftp.netregistry.com.au /images FriendsAndAdventures_adelai.jpg
2006.05.17 17:03 B E:\Virtual Sites\E\events4singles\images\FriendsAndAdventures_brisba.jpg <-- ftp.netregistry.com.au /images FriendsAndAdventures_brisba.jpg
2006.05.17 17:03 B E:\Virtual Sites\E\events4singles\images\FriendsAndAdventures_canber.jpg <-- ftp.netregistry.com.au /images FriendsAndAdventures_canber.jpg
2006.05.17 17:03 B E:\Virtual Sites\E\events4singles\images\FriendsAndAdventures_darwin.jpg <-- ftp.netregistry.com.au /images FriendsAndAdventures_darwin.jpg
2006.05.17 17:03 B E:\Virtual Sites\E\events4singles\images\FriendsAndAdventures_hobart.jpg <-- ftp.netregistry.com.au /images FriendsAndAdventures_hobart.jpg
2006.05.17 17:03 B E:\Virtual Sites\E\events4singles\images\FriendsAndAdventures_logo_w.jpg <-- ftp.netregistry.com.au /images FriendsAndAdventures_logo_w.jpg
2006.05.17 17:03 B E:\Virtual Sites\E\events4singles\images\FriendsAndAdventures_melbho.jpg <-- ftp.netregistry.com.au /images FriendsAndAdventures_melbho.jpg
2006.05.17 17:03 B E:\Virtual Sites\E\events4singles\images\FriendsAndAdventures_melbou.jpg <-- ftp.netregistry.com.au /images FriendsAndAdventures_melbou.jpg
2006.05.17 17:03 B E:\Virtual Sites\E\events4singles\images\FriendsAndAdventures_perthh.jpg <-- ftp.netregistry.com.au /images FriendsAndAdventures_perthh.jpg
2006.05.17 17:03 B E:\Virtual Sites\E\events4singles\images\funckybutts_170x83.gif <-- ftp.netregistry.com.au /images funckybutts_170x83.gif
2006.05.17 17:03 B E:\Virtual Sites\E\events4singles\images\functionsafloat_150x101.gif <-- ftp.netregistry.com.au /images functionsafloat_150x101.gif
2006.05.17 17:03 B E:\Virtual Sites\E\events4singles\images\funfoodfriendship_120x50.gif <-- ftp.netregistry.com.au /images funfoodfriendship_120x50.gif
2006.05.17 17:03 B E:\Virtual Sites\E\events4singles\images\funfoodfriendship_150x63.gif <-- ftp.netregistry.com.au /images funfoodfriendship_150x63.gif
2006.05.17 17:03 B E:\Virtual Sites\E\events4singles\images\funkytangologo_100x90.gif <-- ftp.netregistry.com.au /images funkytangologo_100x90.gif
2006.05.17 17:03 B E:\Virtual Sites\E\events4singles\images\funnightout_468x55.gif <-- ftp.netregistry.com.au /images funnightout_468x55.gif
2006.05.17 17:03 B E:\Virtual Sites\E\events4singles\images\gcode_150x94.jpg <-- ftp.netregistry.com.au /images gcode_150x94.jpg
2006.05.17 17:03 B E:\Virtual Sites\E\events4singles\images\GDC 1.jpg <-- ftp.netregistry.com.au /images GDC 1.jpg
2006.05.17 17:03 B E:\Virtual Sites\E\events4singles\images\GDS_150x134.jpg <-- ftp.netregistry.com.au /images GDS_150x134.jpg
2006.05.17 17:03 B E:\Virtual Sites\E\events4singles\images\georgesplace_170x90.gif <-- ftp.netregistry.com.au /images georgesplace_170x90.gif
2006.05.17 17:03 B E:\Virtual Sites\E\events4singles\images\gettingoutsingles_149x62.gif <-- ftp.netregistry.com.au /images gettingoutsingles_149x62.gif
2006.05.17 17:03 B E:\Virtual Sites\E\events4singles\images\goldilocks.gif <-- ftp.netregistry.com.au /images goldilocks.gif
2006.05.17 17:03 B E:\Virtual Sites\E\events4singles\images\greenpapaya_120x50.gif <-- ftp.netregistry.com.au /images greenpapaya_120x50.gif
2006.05.17 17:03 B E:\Virtual Sites\E\events4singles\images\greyline.gif <-- ftp.netregistry.com.au /images greyline.gif
2006.05.17 17:03 B E:\Virtual Sites\E\events4singles\images\grid.gif <-- ftp.netregistry.com.au /images grid.gif
2006.05.17 17:03 B E:\Virtual Sites\E\events4singles\images\guerilla.jpg <-- ftp.netregistry.com.au /images guerilla.jpg
2006.05.17 17:03 B E:\Virtual Sites\E\events4singles\images\h20_170x91.jpg <-- ftp.netregistry.com.au /images h20_170x91.jpg
2006.05.17 17:03 B E:\Virtual Sites\E\events4singles\images\halogo_120x53.gif <-- ftp.netregistry.com.au /images halogo_120x53.gif
2006.05.17 17:03 B E:\Virtual Sites\E\events4singles\images\halogo_140x60.gif <-- ftp.netregistry.com.au /images halogo_140x60.gif
2006.05.17 17:03 B E:\Virtual Sites\E\events4singles\images\halogo_160x70.gif <-- ftp.netregistry.com.au /images halogo_160x70.gif
2006.05.17 17:03 B E:\Virtual Sites\E\events4singles\images\harlen2.gif <-- ftp.netregistry.com.au /images harlen2.gif
2006.05.17 17:03 B E:\Virtual Sites\E\events4singles\images\harlen_150x99.jpg <-- ftp.netregistry.com.au /images harlen_150x99.jpg
2006.05.17 17:03 B E:\Virtual Sites\E\events4singles\images\hatparty.gif <-- ftp.netregistry.com.au /images hatparty.gif
2006.05.17 17:03 B E:\Virtual Sites\E\events4singles\images\hdchauffeur_140x53.gif <-- ftp.netregistry.com.au /images hdchauffeur_140x53.gif
2006.05.17 17:03 B E:\Virtual Sites\E\events4singles\images\header_img_1.jpg <-- ftp.netregistry.com.au /images header_img_1.jpg
2006.05.17 17:03 B E:\Virtual Sites\E\events4singles\images\header_logo.gif <-- ftp.netregistry.com.au /images header_logo.gif
2006.05.17 17:03 B E:\Virtual Sites\E\events4singles\images\high_index.gif <-- ftp.netregistry.com.au /images high_index.gif
2006.05.17 17:03 B E:\Virtual Sites\E\events4singles\images\hollywood-72x120x50.gif <-- ftp.netregistry.com.au /images hollywood-72x120x50.gif
2006.05.17 17:03 B E:\Virtual Sites\E\events4singles\images\hollywood.gif <-- ftp.netregistry.com.au /images hollywood.gif
2006.05.17 17:03 B E:\Virtual Sites\E\events4singles\images\hollywood_120x50.gif <-- ftp.netregistry.com.au /images hollywood_120x50.gif
2006.05.17 17:03 B E:\Virtual Sites\E\events4singles\images\hollywoodOLD-72x120x50.gif <-- ftp.netregistry.com.au /images hollywoodOLD-72x120x50.gif
2006.05.17 17:03 B E:\Virtual Sites\E\events4singles\images\hollywoodSocialClub.gif <-- ftp.netregistry.com.au /images hollywoodSocialClub.gif
2006.05.17 17:03 B E:\Virtual Sites\E\events4singles\images\hollywoodSocialClub.psd <-- ftp.netregistry.com.au /images hollywoodSocialClub.psd
2006.05.17 17:03 B E:\Virtual Sites\E\events4singles\images\hollywoodSocialClub_105x70.gif <-- ftp.netregistry.com.au /images hollywoodSocialClub_105x70.gif
2006.05.17 17:03 B E:\Virtual Sites\E\events4singles\images\hollywoodSSG120x70.gif <-- ftp.netregistry.com.au /images hollywoodSSG120x70.gif
2006.05.17 17:03 B E:\Virtual Sites\E\events4singles\images\hollywoodSSG120x80.gif <-- ftp.netregistry.com.au /images hollywoodSSG120x80.gif
2006.05.17 17:03 B E:\Virtual Sites\E\events4singles\images\home_dinnerset.jpg <-- ftp.netregistry.com.au /images home_dinnerset.jpg
2006.05.17 17:03 B E:\Virtual Sites\E\events4singles\images\Home_eventsshows.gif <-- ftp.netregistry.com.au /images Home_eventsshows.gif
2006.05.17 17:03 B E:\Virtual Sites\E\events4singles\images\home_flask.jpg <-- ftp.netregistry.com.au /images home_flask.jpg
2006.05.17 17:03 B E:\Virtual Sites\E\events4singles\images\Home_givegift.gif <-- ftp.netregistry.com.au /images Home_givegift.gif
2006.05.17 17:03 B E:\Virtual Sites\E\events4singles\images\Home_links.gif <-- ftp.netregistry.com.au /images Home_links.gif
2006.05.17 17:03 B E:\Virtual Sites\E\events4singles\images\Home_members.gif <-- ftp.netregistry.com.au /images Home_members.gif
2006.05.17 17:03 B E:\Virtual Sites\E\events4singles\images\Home_onlineshopping.gif <-- ftp.netregistry.com.au /images Home_onlineshopping.gif
2006.05.17 17:03 B E:\Virtual Sites\E\events4singles\images\Home_promotions.gif <-- ftp.netregistry.com.au /images Home_promotions.gif
2006.05.17 17:03 B E:\Virtual Sites\E\events4singles\images\Home_search_facility.gif <-- ftp.netregistry.com.au /images Home_search_facility.gif
2006.05.17 17:03 B E:\Virtual Sites\E\events4singles\images\Home_smartsearch.gif <-- ftp.netregistry.com.au /images Home_smartsearch.gif
2006.05.17 17:03 B E:\Virtual Sites\E\events4singles\images\homepageheader.gif <-- ftp.netregistry.com.au /images homepageheader.gif
2006.05.17 17:03 B E:\Virtual Sites\E\events4singles\images\hornsbyWorldFitness120x100.gif <-- ftp.netregistry.com.au /images hornsbyWorldFitness120x100.gif
2006.05.17 17:03 B E:\Virtual Sites\E\events4singles\images\horoscope-72x468x40.gif <-- ftp.netregistry.com.au /images horoscope-72x468x40.gif
2006.05.17 17:03 B E:\Virtual Sites\E\events4singles\images\horoscope.gif <-- ftp.netregistry.com.au /images horoscope.gif
2006.05.17 17:03 B E:\Virtual Sites\E\events4singles\images\horoscopeALL-72x468x60.gif <-- ftp.netregistry.com.au /images horoscopeALL-72x468x60.gif
2006.05.17 17:03 B E:\Virtual Sites\E\events4singles\images\horoscopeALL.gif <-- ftp.netregistry.com.au /images horoscopeALL.gif
2006.05.17 17:03 B E:\Virtual Sites\E\events4singles\images\hostamurder_120x100.gif <-- ftp.netregistry.com.au /images hostamurder_120x100.gif
2006.05.17 17:03 B E:\Virtual Sites\E\events4singles\images\hostels_button.gif <-- ftp.netregistry.com.au /images hostels_button.gif
2006.05.17 17:03 B E:\Virtual Sites\E\events4singles\images\hotdatinglogo.gif <-- ftp.netregistry.com.au /images hotdatinglogo.gif
2006.05.17 17:03 B E:\Virtual Sites\E\events4singles\images\hotelclub_sm.gif <-- ftp.netregistry.com.au /images hotelclub_sm.gif
2006.05.17 17:03 B E:\Virtual Sites\E\events4singles\images\hotelclubnet.gif <-- ftp.netregistry.com.au /images hotelclubnet.gif
2006.05.17 17:03 B E:\Virtual Sites\E\events4singles\images\hotels120x40_ani.gif <-- ftp.netregistry.com.au /images hotels120x40_ani.gif
2006.05.17 17:03 B E:\Virtual Sites\E\events4singles\images\hotels_button.gif <-- ftp.netregistry.com.au /images hotels_button.gif
2006.05.17 17:03 B E:\Virtual Sites\E\events4singles\images\hotSeat165x37.gif <-- ftp.netregistry.com.au /images hotSeat165x37.gif
2006.05.17 17:03 B E:\Virtual Sites\E\events4singles\images\how-to-72x368x48.gif <-- ftp.netregistry.com.au /images how-to-72x368x48.gif
2006.05.17 17:03 B E:\Virtual Sites\E\events4singles\images\how2date.gif <-- ftp.netregistry.com.au /images how2date.gif
2006.05.17 17:03 B E:\Virtual Sites\E\events4singles\images\hoyts-72x150x85.gif <-- ftp.netregistry.com.au /images hoyts-72x150x85.gif
2006.05.17 17:03 B E:\Virtual Sites\E\events4singles\images\hoytsgift.jpg <-- ftp.netregistry.com.au /images hoytsgift.jpg
2006.05.17 17:03 B E:\Virtual Sites\E\events4singles\images\iasc_170x56.gif <-- ftp.netregistry.com.au /images iasc_170x56.gif
2006.05.17 17:03 B E:\Virtual Sites\E\events4singles\images\icia_170x46.jpg <-- ftp.netregistry.com.au /images icia_170x46.jpg
2006.05.17 17:03 B E:\Virtual Sites\E\events4singles\images\icon_adelaide.gif <-- ftp.netregistry.com.au /images icon_adelaide.gif
2006.05.17 17:03 B E:\Virtual Sites\E\events4singles\images\icon_ani_singlesnews150x60.gif <-- ftp.netregistry.com.au /images icon_ani_singlesnews150x60.gif
2006.05.17 17:03 B E:\Virtual Sites\E\events4singles\images\icon_brisbane.gif <-- ftp.netregistry.com.au /images icon_brisbane.gif
2006.05.17 17:03 B E:\Virtual Sites\E\events4singles\images\icon_canberra.gif <-- ftp.netregistry.com.au /images icon_canberra.gif
2006.05.17 17:03 B E:\Virtual Sites\E\events4singles\images\icon_centralcoast.gif <-- ftp.netregistry.com.au /images icon_centralcoast.gif
2006.05.17 17:03 B E:\Virtual Sites\E\events4singles\images\icon_daily_events.gif <-- ftp.netregistry.com.au /images icon_daily_events.gif
2006.05.17 17:03 B E:\Virtual Sites\E\events4singles\images\icon_dance_classes.gif <-- ftp.netregistry.com.au /images icon_dance_classes.gif
2006.05.17 17:03 B E:\Virtual Sites\E\events4singles\images\icon_danceclasses.gif <-- ftp.netregistry.com.au /images icon_danceclasses.gif
2006.05.17 17:03 B E:\Virtual Sites\E\events4singles\images\icon_darwin.gif <-- ftp.netregistry.com.au /images icon_darwin.gif
2006.05.17 17:03 B E:\Virtual Sites\E\events4singles\images\icon_dc.gif <-- ftp.netregistry.com.au /images icon_dc.gif
2006.05.17 17:03 B E:\Virtual Sites\E\events4singles\images\icon_e.gif <-- ftp.netregistry.com.au /images icon_e.gif
2006.05.17 17:03 B E:\Virtual Sites\E\events4singles\images\icon_event_calendar.gif <-- ftp.netregistry.com.au /images icon_event_calendar.gif
2006.05.17 17:03 B E:\Virtual Sites\E\events4singles\images\icon_geelong.gif <-- ftp.netregistry.com.au /images icon_geelong.gif
2006.05.17 17:03 B E:\Virtual Sites\E\events4singles\images\icon_goldcoast.gif <-- ftp.netregistry.com.au /images icon_goldcoast.gif
2006.05.17 17:03 B E:\Virtual Sites\E\events4singles\images\icon_hobart.gif <-- ftp.netregistry.com.au /images icon_hobart.gif
2006.05.17 17:03 B E:\Virtual Sites\E\events4singles\images\icon_i.gif <-- ftp.netregistry.com.au /images icon_i.gif
2006.05.17 17:03 B E:\Virtual Sites\E\events4singles\images\icon_melbourne.gif <-- ftp.netregistry.com.au /images icon_melbourne.gif
2006.05.17 17:03 B E:\Virtual Sites\E\events4singles\images\icon_newcastle.gif <-- ftp.netregistry.com.au /images icon_newcastle.gif
2006.05.17 17:03 B E:\Virtual Sites\E\events4singles\images\icon_perth.gif <-- ftp.netregistry.com.au /images icon_perth.gif
2006.05.17 17:03 B E:\Virtual Sites\E\events4singles\images\icon_sunshinecoast.gif <-- ftp.netregistry.com.au /images icon_sunshinecoast.gif
2006.05.17 17:03 B E:\Virtual Sites\E\events4singles\images\icon_sydney.gif <-- ftp.netregistry.com.au /images icon_sydney.gif
2006.05.17 17:03 B E:\Virtual Sites\E\events4singles\images\icon_w.gif <-- ftp.netregistry.com.au /images icon_w.gif
2006.05.17 17:03 B E:\Virtual Sites\E\events4singles\images\icon_wollongong.gif <-- ftp.netregistry.com.au /images icon_wollongong.gif
2006.05.17 17:03 B E:\Virtual Sites\E\events4singles\images\icon_wollongong2.gif <-- ftp.netregistry.com.au /images icon_wollongong2.gif
2006.05.17 17:03 B E:\Virtual Sites\E\events4singles\images\idont_design1.gif <-- ftp.netregistry.com.au /images idont_design1.gif
2006.05.17 17:03 B E:\Virtual Sites\E\events4singles\images\iitakes2_120x70.jpg <-- ftp.netregistry.com.au /images iitakes2_120x70.jpg
2006.05.17 17:03 B E:\Virtual Sites\E\events4singles\images\imagebydes_170x87.gif <-- ftp.netregistry.com.au /images imagebydes_170x87.gif
2006.05.17 17:03 B E:\Virtual Sites\E\events4singles\images\imageupdate_160x108.jpg <-- ftp.netregistry.com.au /images imageupdate_160x108.jpg
2006.05.17 17:03 B E:\Virtual Sites\E\events4singles\images\img_golf_120x115.jpg <-- ftp.netregistry.com.au /images img_golf_120x115.jpg
2006.05.17 17:03 B E:\Virtual Sites\E\events4singles\images\img_jazz.gif <-- ftp.netregistry.com.au /images img_jazz.gif
2006.05.17 17:03 B E:\Virtual Sites\E\events4singles\images\img_ro.gif <-- ftp.netregistry.com.au /images img_ro.gif
2006.05.17 17:03 B E:\Virtual Sites\E\events4singles\images\indepthgirlsdemo.gif <-- ftp.netregistry.com.au /images indepthgirlsdemo.gif
2006.05.17 17:03 B E:\Virtual Sites\E\events4singles\images\index.html <-- ftp.netregistry.com.au /images index.html
2006.05.17 17:03 B E:\Virtual Sites\E\events4singles\images\index_menu1.gif <-- ftp.netregistry.com.au /images index_menu1.gif
2006.05.17 17:03 B E:\Virtual Sites\E\events4singles\images\index_menu1.js <-- ftp.netregistry.com.au /images index_menu1.js
2006.05.17 17:03 B E:\Virtual Sites\E\events4singles\images\index_menu1_b1.gif <-- ftp.netregistry.com.au /images index_menu1_b1.gif
2006.05.17 17:03 B E:\Virtual Sites\E\events4singles\images\index_menu1_b1_over.gif <-- ftp.netregistry.com.au /images index_menu1_b1_over.gif
2006.05.17 17:03 B E:\Virtual Sites\E\events4singles\images\index_menu1_b2.gif <-- ftp.netregistry.com.au /images index_menu1_b2.gif
2006.05.17 17:03 B E:\Virtual Sites\E\events4singles\images\index_menu1_b2_over.gif <-- ftp.netregistry.com.au /images index_menu1_b2_over.gif
2006.05.17 17:03 B E:\Virtual Sites\E\events4singles\images\index_menu1_b3.gif <-- ftp.netregistry.com.au /images index_menu1_b3.gif
2006.05.17 17:03 B E:\Virtual Sites\E\events4singles\images\index_menu1_b3_over.gif <-- ftp.netregistry.com.au /images index_menu1_b3_over.gif
2006.05.17 17:03 B E:\Virtual Sites\E\events4singles\images\index_menu1_b4.gif <-- ftp.netregistry.com.au /images index_menu1_b4.gif
2006.05.17 17:03 B E:\Virtual Sites\E\events4singles\images\index_menu1_b4_over.gif <-- ftp.netregistry.com.au /images index_menu1_b4_over.gif
2006.05.17 17:03 B E:\Virtual Sites\E\events4singles\images\index_menu1_b5.gif <-- ftp.netregistry.com.au /images index_menu1_b5.gif
2006.05.17 17:03 B E:\Virtual Sites\E\events4singles\images\index_menu1_b5_over.gif <-- ftp.netregistry.com.au /images index_menu1_b5_over.gif
2006.05.17 17:03 B E:\Virtual Sites\E\events4singles\images\index_menu1_b6.gif <-- ftp.netregistry.com.au /images index_menu1_b6.gif
2006.05.17 17:03 B E:\Virtual Sites\E\events4singles\images\index_menu1_b6_over.gif <-- ftp.netregistry.com.au /images index_menu1_b6_over.gif
2006.05.17 17:03 B E:\Virtual Sites\E\events4singles\images\index_menu1_l.gif <-- ftp.netregistry.com.au /images index_menu1_l.gif
2006.05.17 17:03 B E:\Virtual Sites\E\events4singles\images\index_menu1_l2.gif <-- ftp.netregistry.com.au /images index_menu1_l2.gif
2006.05.17 17:03 B E:\Virtual Sites\E\events4singles\images\index_menu1_left.gif <-- ftp.netregistry.com.au /images index_menu1_left.gif
2006.05.17 17:03 B E:\Virtual Sites\E\events4singles\images\index_menu1_right.gif <-- ftp.netregistry.com.au /images index_menu1_right.gif
2006.05.17 17:03 B E:\Virtual Sites\E\events4singles\images\index_menutop.gif <-- ftp.netregistry.com.au /images index_menutop.gif
2006.05.17 17:04 B E:\Virtual Sites\E\events4singles\images\index_menutop.js <-- ftp.netregistry.com.au /images index_menutop.js
2006.05.17 17:04 B E:\Virtual Sites\E\events4singles\images\index_menutop_b1.gif <-- ftp.netregistry.com.au /images index_menutop_b1.gif
2006.05.17 17:04 B E:\Virtual Sites\E\events4singles\images\index_menutop_b1_over.gif <-- ftp.netregistry.com.au /images index_menutop_b1_over.gif
2006.05.17 17:04 B E:\Virtual Sites\E\events4singles\images\index_menutop_b2.gif <-- ftp.netregistry.com.au /images index_menutop_b2.gif
2006.05.17 17:04 B E:\Virtual Sites\E\events4singles\images\index_menutop_b2_over.gif <-- ftp.netregistry.com.au /images index_menutop_b2_over.gif
2006.05.17 17:04 B E:\Virtual Sites\E\events4singles\images\index_menutop_b3.gif <-- ftp.netregistry.com.au /images index_menutop_b3.gif
2006.05.17 17:04 B E:\Virtual Sites\E\events4singles\images\index_menutop_b3_over.gif <-- ftp.netregistry.com.au /images index_menutop_b3_over.gif
2006.05.17 17:04 B E:\Virtual Sites\E\events4singles\images\index_menutop_b4.gif <-- ftp.netregistry.com.au /images index_menutop_b4.gif
2006.05.17 17:04 B E:\Virtual Sites\E\events4singles\images\index_menutop_b4_over.gif <-- ftp.netregistry.com.au /images index_menutop_b4_over.gif
2006.05.17 17:04 B E:\Virtual Sites\E\events4singles\images\index_menutop_b5.gif <-- ftp.netregistry.com.au /images index_menutop_b5.gif
2006.05.17 17:04 B E:\Virtual Sites\E\events4singles\images\index_menutop_b5_over.gif <-- ftp.netregistry.com.au /images index_menutop_b5_over.gif
2006.05.17 17:04 B E:\Virtual Sites\E\events4singles\images\index_menutop_b6.gif <-- ftp.netregistry.com.au /images index_menutop_b6.gif
2006.05.17 17:04 B E:\Virtual Sites\E\events4singles\images\index_menutop_b6_over.gif <-- ftp.netregistry.com.au /images index_menutop_b6_over.gif
2006.05.17 17:04 B E:\Virtual Sites\E\events4singles\images\index_menutop_b7.gif <-- ftp.netregistry.com.au /images index_menutop_b7.gif
2006.05.17 17:04 B E:\Virtual Sites\E\events4singles\images\index_menutop_b7_over.gif <-- ftp.netregistry.com.au /images index_menutop_b7_over.gif
2006.05.17 17:04 B E:\Virtual Sites\E\events4singles\images\index_menutop_b8.gif <-- ftp.netregistry.com.au /images index_menutop_b8.gif
2006.05.17 17:04 B E:\Virtual Sites\E\events4singles\images\index_menutop_b8_over.gif <-- ftp.netregistry.com.au /images index_menutop_b8_over.gif
2006.05.17 17:04 B E:\Virtual Sites\E\events4singles\images\index_menutop_l.gif <-- ftp.netregistry.com.au /images index_menutop_l.gif
2006.05.17 17:04 B E:\Virtual Sites\E\events4singles\images\index_menutop_l2.gif <-- ftp.netregistry.com.au /images index_menutop_l2.gif
2006.05.17 17:04 B E:\Virtual Sites\E\events4singles\images\index_menutop_left.gif <-- ftp.netregistry.com.au /images index_menutop_left.gif
2006.05.17 17:04 B E:\Virtual Sites\E\events4singles\images\index_menutop_right.gif <-- ftp.netregistry.com.au /images index_menutop_right.gif
2006.05.17 17:04 B E:\Virtual Sites\E\events4singles\images\index_nav2.gif <-- ftp.netregistry.com.au /images index_nav2.gif
2006.05.17 17:04 B E:\Virtual Sites\E\events4singles\images\index_nav2.js <-- ftp.netregistry.com.au /images index_nav2.js
2006.05.17 17:04 B E:\Virtual Sites\E\events4singles\images\index_nav2_b1.gif <-- ftp.netregistry.com.au /images index_nav2_b1.gif
2006.05.17 17:04 B E:\Virtual Sites\E\events4singles\images\index_nav2_b1_over.gif <-- ftp.netregistry.com.au /images index_nav2_b1_over.gif
2006.05.17 17:04 B E:\Virtual Sites\E\events4singles\images\index_nav2_b2.gif <-- ftp.netregistry.com.au /images index_nav2_b2.gif
2006.05.17 17:04 B E:\Virtual Sites\E\events4singles\images\index_nav2_b2_over.gif <-- ftp.netregistry.com.au /images index_nav2_b2_over.gif
2006.05.17 17:04 B E:\Virtual Sites\E\events4singles\images\index_nav2_b3.gif <-- ftp.netregistry.com.au /images index_nav2_b3.gif
2006.05.17 17:04 B E:\Virtual Sites\E\events4singles\images\index_nav2_b3_over.gif <-- ftp.netregistry.com.au /images index_nav2_b3_over.gif
2006.05.17 17:04 B E:\Virtual Sites\E\events4singles\images\index_nav2_b4.gif <-- ftp.netregistry.com.au /images index_nav2_b4.gif
2006.05.17 17:04 B E:\Virtual Sites\E\events4singles\images\index_nav2_b4_over.gif <-- ftp.netregistry.com.au /images index_nav2_b4_over.gif
2006.05.17 17:04 B E:\Virtual Sites\E\events4singles\images\index_nav2_b5.gif <-- ftp.netregistry.com.au /images index_nav2_b5.gif
2006.05.17 17:04 B E:\Virtual Sites\E\events4singles\images\index_nav2_b5_over.gif <-- ftp.netregistry.com.au /images index_nav2_b5_over.gif
2006.05.17 17:04 B E:\Virtual Sites\E\events4singles\images\index_nav2_l.gif <-- ftp.netregistry.com.au /images index_nav2_l.gif
2006.05.17 17:04 B E:\Virtual Sites\E\events4singles\images\index_nav2_l2.gif <-- ftp.netregistry.com.au /images index_nav2_l2.gif
2006.05.17 17:04 B E:\Virtual Sites\E\events4singles\images\index_nav2_left.gif <-- ftp.netregistry.com.au /images index_nav2_left.gif
2006.05.17 17:04 B E:\Virtual Sites\E\events4singles\images\index_nav2_right.gif <-- ftp.netregistry.com.au /images index_nav2_right.gif
2006.05.17 17:04 B E:\Virtual Sites\E\events4singles\images\indexmenu_top.js <-- ftp.netregistry.com.au /images indexmenu_top.js
2006.05.17 17:04 B E:\Virtual Sites\E\events4singles\images\indexmenu_top_b1.gif <-- ftp.netregistry.com.au /images indexmenu_top_b1.gif
2006.05.17 17:04 B E:\Virtual Sites\E\events4singles\images\indexmenu_top_b1_over.gif <-- ftp.netregistry.com.au /images indexmenu_top_b1_over.gif
2006.05.17 17:04 B E:\Virtual Sites\E\events4singles\images\indexmenu_top_b2.gif <-- ftp.netregistry.com.au /images indexmenu_top_b2.gif
2006.05.17 17:04 B E:\Virtual Sites\E\events4singles\images\indexmenu_top_b2_over.gif <-- ftp.netregistry.com.au /images indexmenu_top_b2_over.gif
2006.05.17 17:04 B E:\Virtual Sites\E\events4singles\images\indexmenu_top_b3.gif <-- ftp.netregistry.com.au /images indexmenu_top_b3.gif
2006.05.17 17:04 B E:\Virtual Sites\E\events4singles\images\indexmenu_top_b3_over.gif <-- ftp.netregistry.com.au /images indexmenu_top_b3_over.gif
2006.05.17 17:04 B E:\Virtual Sites\E\events4singles\images\indexmenu_top_b4.gif <-- ftp.netregistry.com.au /images indexmenu_top_b4.gif
2006.05.17 17:04 B E:\Virtual Sites\E\events4singles\images\indexmenu_top_b4_over.gif <-- ftp.netregistry.com.au /images indexmenu_top_b4_over.gif
2006.05.17 17:04 B E:\Virtual Sites\E\events4singles\images\indexmenu_top_b5.gif <-- ftp.netregistry.com.au /images indexmenu_top_b5.gif
2006.05.17 17:04 B E:\Virtual Sites\E\events4singles\images\indexmenu_top_b5_over.gif <-- ftp.netregistry.com.au /images indexmenu_top_b5_over.gif
2006.05.17 17:04 B E:\Virtual Sites\E\events4singles\images\indexmenu_top_b6.gif <-- ftp.netregistry.com.au /images indexmenu_top_b6.gif
2006.05.17 17:04 B E:\Virtual Sites\E\events4singles\images\indexmenu_top_b6_over.gif <-- ftp.netregistry.com.au /images indexmenu_top_b6_over.gif
2006.05.17 17:04 B E:\Virtual Sites\E\events4singles\images\indexmenu_top_l.gif <-- ftp.netregistry.com.au /images indexmenu_top_l.gif
2006.05.17 17:04 B E:\Virtual Sites\E\events4singles\images\indexmenu_top_l2.gif <-- ftp.netregistry.com.au /images indexmenu_top_l2.gif
2006.05.17 17:04 B E:\Virtual Sites\E\events4singles\images\indexmenu_top_left.gif <-- ftp.netregistry.com.au /images indexmenu_top_left.gif
2006.05.17 17:04 B E:\Virtual Sites\E\events4singles\images\indexmenu_top_right.gif <-- ftp.netregistry.com.au /images indexmenu_top_right.gif
2006.05.17 17:04 B E:\Virtual Sites\E\events4singles\images\indigo_92x85.jpg <-- ftp.netregistry.com.au /images indigo_92x85.jpg
2006.05.17 17:04 B E:\Virtual Sites\E\events4singles\images\inspiringindv_250x30.gif <-- ftp.netregistry.com.au /images inspiringindv_250x30.gif
2006.05.17 17:04 B E:\Virtual Sites\E\events4singles\images\inspiringindv_468x58.gif <-- ftp.netregistry.com.au /images inspiringindv_468x58.gif
2006.05.17 17:04 B E:\Virtual Sites\E\events4singles\images\intelligent_romance_anim1_1.gif <-- ftp.netregistry.com.au /images intelligent_romance_anim1_1.gif
2006.05.17 17:04 B E:\Virtual Sites\E\events4singles\images\intelligent_romance_anim1_2.gif <-- ftp.netregistry.com.au /images intelligent_romance_anim1_2.gif
2006.05.17 17:04 B E:\Virtual Sites\E\events4singles\images\intelligentromance_750x100.gif <-- ftp.netregistry.com.au /images intelligentromance_750x100.gif
2006.05.17 17:04 B E:\Virtual Sites\E\events4singles\images\intro-btn.gif <-- ftp.netregistry.com.au /images intro-btn.gif
2006.05.17 17:04 B E:\Virtual Sites\E\events4singles\images\Introductions.gif <-- ftp.netregistry.com.au /images Introductions.gif
2006.05.17 17:04 B E:\Virtual Sites\E\events4singles\images\introductions_110x98.jpg <-- ftp.netregistry.com.au /images introductions_110x98.jpg
2006.05.17 17:04 B E:\Virtual Sites\E\events4singles\images\introductions_140x125.jpg <-- ftp.netregistry.com.au /images introductions_140x125.jpg
2006.05.17 17:04 B E:\Virtual Sites\E\events4singles\images\italia1.gif <-- ftp.netregistry.com.au /images italia1.gif
2006.05.17 17:04 B E:\Virtual Sites\E\events4singles\images\itsadate_93x100.jpg <-- ftp.netregistry.com.au /images itsadate_93x100.jpg
2006.05.17 17:04 B E:\Virtual Sites\E\events4singles\images\ittakes22.gif <-- ftp.netregistry.com.au /images ittakes22.gif
2006.05.17 17:04 B E:\Virtual Sites\E\events4singles\images\ittakes2_120x80.gif <-- ftp.netregistry.com.au /images ittakes2_120x80.gif
2006.05.17 17:04 B E:\Virtual Sites\E\events4singles\images\J&f.gif <-- ftp.netregistry.com.au /images J&f.gif
2006.05.17 17:04 B E:\Virtual Sites\E\events4singles\images\J4S.jpg <-- ftp.netregistry.com.au /images J4S.jpg
2006.05.17 17:04 B E:\Virtual Sites\E\events4singles\images\j4singles_170x88.gif <-- ftp.netregistry.com.au /images j4singles_170x88.gif
2006.05.17 17:04 B E:\Virtual Sites\E\events4singles\images\J4singles_mayflier.jpg <-- ftp.netregistry.com.au /images J4singles_mayflier.jpg
2006.05.17 17:04 B E:\Virtual Sites\E\events4singles\images\j4singleslogo.gif <-- ftp.netregistry.com.au /images j4singleslogo.gif
2006.05.17 17:04 B E:\Virtual Sites\E\events4singles\images\janethall.jpg <-- ftp.netregistry.com.au /images janethall.jpg
2006.05.17 17:04 B E:\Virtual Sites\E\events4singles\images\jazzband.jpg <-- ftp.netregistry.com.au /images jazzband.jpg
2006.05.17 17:04 B E:\Virtual Sites\E\events4singles\images\jazzband_160x101.jpg <-- ftp.netregistry.com.au /images jazzband_160x101.jpg
2006.05.17 17:04 B E:\Virtual Sites\E\events4singles\images\jenberry_90x95.gif <-- ftp.netregistry.com.au /images jenberry_90x95.gif
2006.05.17 17:04 B E:\Virtual Sites\E\events4singles\images\jennytwohig-sml.jpg <-- ftp.netregistry.com.au /images jennytwohig-sml.jpg
2006.05.17 17:04 B E:\Virtual Sites\E\events4singles\images\jessicarevill.gif <-- ftp.netregistry.com.au /images jessicarevill.gif
2006.05.17 17:04 B E:\Virtual Sites\E\events4singles\images\jewel_cross.jpg <-- ftp.netregistry.com.au /images jewel_cross.jpg
2006.05.17 17:04 B E:\Virtual Sites\E\events4singles\images\jewel_earrings.jpg <-- ftp.netregistry.com.au /images jewel_earrings.jpg
2006.05.17 17:04 B E:\Virtual Sites\E\events4singles\images\jewel_watchorion.jpg <-- ftp.netregistry.com.au /images jewel_watchorion.jpg
2006.05.17 17:04 B E:\Virtual Sites\E\events4singles\images\JillsLogo.gif <-- ftp.netregistry.com.au /images JillsLogo.gif
2006.05.17 17:04 B E:\Virtual Sites\E\events4singles\images\joannemansell-sml.jpg <-- ftp.netregistry.com.au /images joannemansell-sml.jpg
2006.05.17 17:04 B E:\Virtual Sites\E\events4singles\images\join_banner_120x90.gif <-- ftp.netregistry.com.au /images join_banner_120x90.gif
2006.05.17 17:04 B E:\Virtual Sites\E\events4singles\images\joincollage.jpg <-- ftp.netregistry.com.au /images joincollage.jpg
2006.05.17 17:04 B E:\Virtual Sites\E\events4singles\images\jr-01.jpg <-- ftp.netregistry.com.au /images jr-01.jpg
2006.05.17 17:04 B E:\Virtual Sites\E\events4singles\images\jr-02.jpg <-- ftp.netregistry.com.au /images jr-02.jpg
2006.05.17 17:04 B E:\Virtual Sites\E\events4singles\images\jr-03.jpg <-- ftp.netregistry.com.au /images jr-03.jpg
2006.05.17 17:04 B E:\Virtual Sites\E\events4singles\images\jr-04.jpg <-- ftp.netregistry.com.au /images jr-04.jpg
2006.05.17 17:04 B E:\Virtual Sites\E\events4singles\images\jr-05.jpg <-- ftp.netregistry.com.au /images jr-05.jpg
2006.05.17 17:04 B E:\Virtual Sites\E\events4singles\images\jr-06.jpg <-- ftp.netregistry.com.au /images jr-06.jpg
2006.05.17 17:04 B E:\Virtual Sites\E\events4singles\images\jr-07.jpg <-- ftp.netregistry.com.au /images jr-07.jpg
2006.05.17 17:04 B E:\Virtual Sites\E\events4singles\images\jr-08.jpg <-- ftp.netregistry.com.au /images jr-08.jpg
2006.05.17 17:04 B E:\Virtual Sites\E\events4singles\images\jr-09.jpg <-- ftp.netregistry.com.au /images jr-09.jpg
2006.05.17 17:04 B E:\Virtual Sites\E\events4singles\images\jr-10.jpg <-- ftp.netregistry.com.au /images jr-10.jpg
2006.05.17 17:04 B E:\Virtual Sites\E\events4singles\images\jr-11.jpg <-- ftp.netregistry.com.au /images jr-11.jpg
2006.05.17 17:04 B E:\Virtual Sites\E\events4singles\images\jr-m.jpg <-- ftp.netregistry.com.au /images jr-m.jpg
2006.05.17 17:04 B E:\Virtual Sites\E\events4singles\images\jr-n-1.gif <-- ftp.netregistry.com.au /images jr-n-1.gif
2006.05.17 17:04 B E:\Virtual Sites\E\events4singles\images\jr-n.jpg <-- ftp.netregistry.com.au /images jr-n.jpg
2006.05.17 17:04 B E:\Virtual Sites\E\events4singles\images\juice banner 150x85.gif <-- ftp.netregistry.com.au /images juice banner 150x85.gif
2006.05.17 17:04 B E:\Virtual Sites\E\events4singles\images\julianna-72x120x50.gif <-- ftp.netregistry.com.au /images julianna-72x120x50.gif
2006.05.17 17:04 B E:\Virtual Sites\E\events4singles\images\julianna-72x120x50.jpg <-- ftp.netregistry.com.au /images julianna-72x120x50.jpg
2006.05.17 17:04 B E:\Virtual Sites\E\events4singles\images\julianna-b-1.gif <-- ftp.netregistry.com.au /images julianna-b-1.gif
2006.05.17 17:04 B E:\Virtual Sites\E\events4singles\images\Julianna1.gif <-- ftp.netregistry.com.au /images Julianna1.gif
2006.05.17 17:04 B E:\Virtual Sites\E\events4singles\images\julianna_01.jpg <-- ftp.netregistry.com.au /images julianna_01.jpg
2006.05.17 17:04 B E:\Virtual Sites\E\events4singles\images\julianna_02.jpg <-- ftp.netregistry.com.au /images julianna_02.jpg
2006.05.17 17:04 B E:\Virtual Sites\E\events4singles\images\julianna_03.jpg <-- ftp.netregistry.com.au /images julianna_03.jpg
2006.05.17 17:04 B E:\Virtual Sites\E\events4singles\images\julianna_04.jpg <-- ftp.netregistry.com.au /images julianna_04.jpg
2006.05.17 17:04 B E:\Virtual Sites\E\events4singles\images\julianna_100x35.gif <-- ftp.netregistry.com.au /images julianna_100x35.gif
2006.05.17 17:04 B E:\Virtual Sites\E\events4singles\images\julianna_120x50.gif <-- ftp.netregistry.com.au /images julianna_120x50.gif
2006.05.17 17:04 B E:\Virtual Sites\E\events4singles\images\julianna_375x75.gif <-- ftp.netregistry.com.au /images julianna_375x75.gif
2006.05.17 17:04 B E:\Virtual Sites\E\events4singles\images\julianna_logo1.gif <-- ftp.netregistry.com.au /images julianna_logo1.gif
2006.05.17 17:04 B E:\Virtual Sites\E\events4singles\images\julianna_logo2.gif <-- ftp.netregistry.com.au /images julianna_logo2.gif
2006.05.17 17:04 B E:\Virtual Sites\E\events4singles\images\Juliemarie.jpg <-- ftp.netregistry.com.au /images Juliemarie.jpg
2006.05.17 17:04 B E:\Virtual Sites\E\events4singles\images\Juliemarie_85x100.jpg <-- ftp.netregistry.com.au /images Juliemarie_85x100.jpg
2006.05.17 17:04 B E:\Virtual Sites\E\events4singles\images\just4singles-FLIER.gif <-- ftp.netregistry.com.au /images just4singles-FLIER.gif
2006.05.17 17:04 B E:\Virtual Sites\E\events4singles\images\just4singles_160x41.gif <-- ftp.netregistry.com.au /images just4singles_160x41.gif
2006.05.17 17:04 B E:\Virtual Sites\E\events4singles\images\just4singles_170x70.jpg <-- ftp.netregistry.com.au /images just4singles_170x70.jpg
2006.05.17 17:04 B E:\Virtual Sites\E\events4singles\images\katejames_100x111.jpg <-- ftp.netregistry.com.au /images katejames_100x111.jpg
2006.05.17 17:04 B E:\Virtual Sites\E\events4singles\images\keithgilbert-sml.jpg <-- ftp.netregistry.com.au /images keithgilbert-sml.jpg
2006.05.17 17:04 B E:\Virtual Sites\E\events4singles\images\Kilikanoon170x60.gif <-- ftp.netregistry.com.au /images Kilikanoon170x60.gif
2006.05.17 17:04 B E:\Virtual Sites\E\events4singles\images\killerprofile_men.gif <-- ftp.netregistry.com.au /images killerprofile_men.gif
2006.05.17 17:04 B E:\Virtual Sites\E\events4singles\images\killerprofile_women.gif <-- ftp.netregistry.com.au /images killerprofile_women.gif
2006.05.17 17:04 B E:\Virtual Sites\E\events4singles\images\krispykreme_120x60.jpg <-- ftp.netregistry.com.au /images krispykreme_120x60.jpg
2006.05.17 17:04 B E:\Virtual Sites\E\events4singles\images\krispykreme_120x80.jpg <-- ftp.netregistry.com.au /images krispykreme_120x80.jpg
2006.05.17 17:04 B E:\Virtual Sites\E\events4singles\images\labomba_165x61.gif <-- ftp.netregistry.com.au /images labomba_165x61.gif
2006.05.17 17:04 B E:\Virtual Sites\E\events4singles\images\land_Poolb.jpg <-- ftp.netregistry.com.au /images land_Poolb.jpg
2006.05.17 17:04 B E:\Virtual Sites\E\events4singles\images\largefriends_ani_120x80.gif <-- ftp.netregistry.com.au /images largefriends_ani_120x80.gif
2006.05.17 17:04 B E:\Virtual Sites\E\events4singles\images\largefriends_moving.gif <-- ftp.netregistry.com.au /images largefriends_moving.gif
2006.05.17 17:04 B E:\Virtual Sites\E\events4singles\images\lasting.jpg <-- ftp.netregistry.com.au /images lasting.jpg
2006.05.17 17:04 B E:\Virtual Sites\E\events4singles\images\latestnews.gif <-- ftp.netregistry.com.au /images latestnews.gif
2006.05.17 17:04 B E:\Virtual Sites\E\events4singles\images\LatinDanceAustralia-72x180x42.gif <-- ftp.netregistry.com.au /images LatinDanceAustralia-72x180x42.gif
2006.05.17 17:04 B E:\Virtual Sites\E\events4singles\images\LatinDanceAustralia100x105.gif <-- ftp.netregistry.com.au /images LatinDanceAustralia100x105.gif
2006.05.17 17:04 B E:\Virtual Sites\E\events4singles\images\latindanceaustralia_125x166.jpg <-- ftp.netregistry.com.au /images latindanceaustralia_125x166.jpg
2006.05.17 17:04 B E:\Virtual Sites\E\events4singles\images\latindancecorroboree_120x60.gif <-- ftp.netregistry.com.au /images latindancecorroboree_120x60.gif
2006.05.17 17:04 B E:\Virtual Sites\E\events4singles\images\latinexplosion_142x100.gif <-- ftp.netregistry.com.au /images latinexplosion_142x100.gif
2006.05.17 17:04 B E:\Virtual Sites\E\events4singles\images\latinexplosion_72x100.gif <-- ftp.netregistry.com.au /images latinexplosion_72x100.gif
2006.05.17 17:04 B E:\Virtual Sites\E\events4singles\images\latinexplosion_90x125.gif <-- ftp.netregistry.com.au /images latinexplosion_90x125.gif
2006.05.17 17:04 B E:\Virtual Sites\E\events4singles\images\latinFestival_159x100.jpg <-- ftp.netregistry.com.au /images latinFestival_159x100.jpg
2006.05.17 17:04 B E:\Virtual Sites\E\events4singles\images\latinfever_165x59.jpg <-- ftp.netregistry.com.au /images latinfever_165x59.jpg
2006.05.17 17:04 B E:\Virtual Sites\E\events4singles\images\latinfusion_90x105.jpg <-- ftp.netregistry.com.au /images latinfusion_90x105.jpg
2006.05.17 17:04 B E:\Virtual Sites\E\events4singles\images\Latinlover143x72.gif <-- ftp.netregistry.com.au /images Latinlover143x72.gif
2006.05.17 17:04 B E:\Virtual Sites\E\events4singles\images\latinmotion_170x74.jpg <-- ftp.netregistry.com.au /images latinmotion_170x74.jpg
2006.05.17 17:04 B E:\Virtual Sites\E\events4singles\images\LaurenbyCrystelle.jpg <-- ftp.netregistry.com.au /images LaurenbyCrystelle.jpg
2006.05.17 17:04 B E:\Virtual Sites\E\events4singles\images\ldcorroboree_140x148.jpg <-- ftp.netregistry.com.au /images ldcorroboree_140x148.jpg
2006.05.17 17:04 B E:\Virtual Sites\E\events4singles\images\ldcorroboree_pics.jpg <-- ftp.netregistry.com.au /images ldcorroboree_pics.jpg
2006.05.17 17:04 B E:\Virtual Sites\E\events4singles\images\learn2date_123x60.gif <-- ftp.netregistry.com.au /images learn2date_123x60.gif
2006.05.17 17:04 B E:\Virtual Sites\E\events4singles\images\leclubrendevous_150x91.gif <-- ftp.netregistry.com.au /images leclubrendevous_150x91.gif
2006.05.17 17:04 B E:\Virtual Sites\E\events4singles\images\leclubrendevous_80x48.gif <-- ftp.netregistry.com.au /images leclubrendevous_80x48.gif
2006.05.17 17:04 B E:\Virtual Sites\E\events4singles\images\leclubrendezvous.gif <-- ftp.netregistry.com.au /images leclubrendezvous.gif
2006.05.17 17:04 B E:\Virtual Sites\E\events4singles\images\lerocbris.jpg <-- ftp.netregistry.com.au /images lerocbris.jpg
2006.05.17 17:04 B E:\Virtual Sites\E\events4singles\images\lestep_146x117.jpg <-- ftp.netregistry.com.au /images lestep_146x117.jpg
2006.05.17 17:04 B E:\Virtual Sites\E\events4singles\images\lestep_170x81.gif <-- ftp.netregistry.com.au /images lestep_170x81.gif
2006.05.17 17:04 B E:\Virtual Sites\E\events4singles\images\lestep_190x62.gif <-- ftp.netregistry.com.au /images lestep_190x62.gif
2006.05.17 17:04 B E:\Virtual Sites\E\events4singles\images\lets-1.jpg <-- ftp.netregistry.com.au /images lets-1.jpg
2006.05.17 17:04 B E:\Virtual Sites\E\events4singles\images\lets-2.jpg <-- ftp.netregistry.com.au /images lets-2.jpg
2006.05.17 17:04 B E:\Virtual Sites\E\events4singles\images\lets-btn-sml.gif <-- ftp.netregistry.com.au /images lets-btn-sml.gif
2006.05.17 17:04 B E:\Virtual Sites\E\events4singles\images\letsmeetsingles-72x120x50.gif <-- ftp.netregistry.com.au /images letsmeetsingles-72x120x50.gif
2006.05.17 17:04 B E:\Virtual Sites\E\events4singles\images\lfad_where.gif <-- ftp.netregistry.com.au /images lfad_where.gif
2006.05.17 17:04 B E:\Virtual Sites\E\events4singles\images\lia-3.jpg <-- ftp.netregistry.com.au /images lia-3.jpg
2006.05.17 17:04 B E:\Virtual Sites\E\events4singles\images\Lia_food-1.jpg <-- ftp.netregistry.com.au /images Lia_food-1.jpg
2006.05.17 17:04 B E:\Virtual Sites\E\events4singles\images\life-btn.gif <-- ftp.netregistry.com.au /images life-btn.gif
2006.05.17 17:04 B E:\Virtual Sites\E\events4singles\images\life_c1.gif <-- ftp.netregistry.com.au /images life_c1.gif
2006.05.17 17:04 B E:\Virtual Sites\E\events4singles\images\life_partner.gif <-- ftp.netregistry.com.au /images life_partner.gif
2006.05.17 17:04 B E:\Virtual Sites\E\events4singles\images\linkbanner2.gif <-- ftp.netregistry.com.au /images linkbanner2.gif
2006.05.17 17:04 B E:\Virtual Sites\E\events4singles\images\linux.gif <-- ftp.netregistry.com.au /images linux.gif
2006.05.17 17:04 B E:\Virtual Sites\E\events4singles\images\liquidtours_140x79.gif <-- ftp.netregistry.com.au /images liquidtours_140x79.gif
2006.05.17 17:04 B E:\Virtual Sites\E\events4singles\images\lisaphillips.jpg <-- ftp.netregistry.com.au /images lisaphillips.jpg
2006.05.17 17:04 B E:\Virtual Sites\E\events4singles\images\lisaphillips_72x100.jpg <-- ftp.netregistry.com.au /images lisaphillips_72x100.jpg
2006.05.17 17:04 B E:\Virtual Sites\E\events4singles\images\livePsychic_120x50.gif <-- ftp.netregistry.com.au /images livePsychic_120x50.gif
2006.05.17 17:04 B E:\Virtual Sites\E\events4singles\images\LivingNowDirectory.gif <-- ftp.netregistry.com.au /images LivingNowDirectory.gif
2006.05.17 17:04 B E:\Virtual Sites\E\events4singles\images\LivingNowDirectory165x57.gif <-- ftp.netregistry.com.au /images LivingNowDirectory165x57.gif
2006.05.17 17:04 B E:\Virtual Sites\E\events4singles\images\livnow-72x160x43.gif <-- ftp.netregistry.com.au /images livnow-72x160x43.gif
2006.05.17 17:04 B E:\Virtual Sites\E\events4singles\images\livnow72x160x43.gif <-- ftp.netregistry.com.au /images livnow72x160x43.gif
2006.05.17 17:04 B E:\Virtual Sites\E\events4singles\images\lloydwells_100x107.gif <-- ftp.netregistry.com.au /images lloydwells_100x107.gif
2006.05.17 17:04 B E:\Virtual Sites\E\events4singles\images\lloydwells_122x80.jpg <-- ftp.netregistry.com.au /images lloydwells_122x80.jpg
2006.05.17 17:04 B E:\Virtual Sites\E\events4singles\images\lloydwells_250.jpg <-- ftp.netregistry.com.au /images lloydwells_250.jpg
2006.05.17 17:04 B E:\Virtual Sites\E\events4singles\images\lloydwells_minipage1.jpg <-- ftp.netregistry.com.au /images lloydwells_minipage1.jpg
2006.05.17 17:04 B E:\Virtual Sites\E\events4singles\images\lloydwells_minipage2.jpg <-- ftp.netregistry.com.au /images lloydwells_minipage2.jpg
2006.05.17 17:04 B E:\Virtual Sites\E\events4singles\images\lloydwells_minipage3.jpg <-- ftp.netregistry.com.au /images lloydwells_minipage3.jpg
2006.05.17 17:05 B E:\Virtual Sites\E\events4singles\images\lm_hotels_button.gif <-- ftp.netregistry.com.au /images lm_hotels_button.gif
2006.05.17 17:05 B E:\Virtual Sites\E\events4singles\images\lms-btn-01.gif <-- ftp.netregistry.com.au /images lms-btn-01.gif
2006.05.17 17:05 B E:\Virtual Sites\E\events4singles\images\lms_ban1.gif <-- ftp.netregistry.com.au /images lms_ban1.gif
2006.05.17 17:05 B E:\Virtual Sites\E\events4singles\images\lmscollage.gif <-- ftp.netregistry.com.au /images lmscollage.gif
2006.05.17 17:05 B E:\Virtual Sites\E\events4singles\images\lmsp01.gif <-- ftp.netregistry.com.au /images lmsp01.gif
2006.05.17 17:05 B E:\Virtual Sites\E\events4singles\images\lmsp02.gif <-- ftp.netregistry.com.au /images lmsp02.gif
2006.05.17 17:05 B E:\Virtual Sites\E\events4singles\images\lnm07.jpg <-- ftp.netregistry.com.au /images lnm07.jpg
2006.05.17 17:05 B E:\Virtual Sites\E\events4singles\images\lockedandloaded.jpg <-- ftp.netregistry.com.au /images lockedandloaded.jpg
2006.05.17 17:05 B E:\Virtual Sites\E\events4singles\images\logo-1.gif <-- ftp.netregistry.com.au /images logo-1.gif
2006.05.17 17:05 B E:\Virtual Sites\E\events4singles\images\logo-10.jpg <-- ftp.netregistry.com.au /images logo-10.jpg
2006.05.17 17:05 B E:\Virtual Sites\E\events4singles\images\logo-11.gif <-- ftp.netregistry.com.au /images logo-11.gif
2006.05.17 17:05 B E:\Virtual Sites\E\events4singles\images\logo-12.gif <-- ftp.netregistry.com.au /images logo-12.gif
2006.05.17 17:05 B E:\Virtual Sites\E\events4singles\images\logo-13.jpg <-- ftp.netregistry.com.au /images logo-13.jpg
2006.05.17 17:05 B E:\Virtual Sites\E\events4singles\images\logo-14.jpg <-- ftp.netregistry.com.au /images logo-14.jpg
2006.05.17 17:05 B E:\Virtual Sites\E\events4singles\images\logo-15.jpg <-- ftp.netregistry.com.au /images logo-15.jpg
2006.05.17 17:05 B E:\Virtual Sites\E\events4singles\images\logo-16.jpg <-- ftp.netregistry.com.au /images logo-16.jpg
2006.05.17 17:05 B E:\Virtual Sites\E\events4singles\images\logo-17.gif <-- ftp.netregistry.com.au /images logo-17.gif
2006.05.17 17:05 B E:\Virtual Sites\E\events4singles\images\logo-18.jpg <-- ftp.netregistry.com.au /images logo-18.jpg
2006.05.17 17:05 B E:\Virtual Sites\E\events4singles\images\logo-19.gif <-- ftp.netregistry.com.au /images logo-19.gif
2006.05.17 17:05 B E:\Virtual Sites\E\events4singles\images\logo-22.jpg <-- ftp.netregistry.com.au /images logo-22.jpg
2006.05.17 17:05 B E:\Virtual Sites\E\events4singles\images\logo-25.jpg <-- ftp.netregistry.com.au /images logo-25.jpg
2006.05.17 17:05 B E:\Virtual Sites\E\events4singles\images\logo-27.gif <-- ftp.netregistry.com.au /images logo-27.gif
2006.05.17 17:05 B E:\Virtual Sites\E\events4singles\images\logo-30.jpg <-- ftp.netregistry.com.au /images logo-30.jpg
2006.05.17 17:05 B E:\Virtual Sites\E\events4singles\images\logo-33.gif <-- ftp.netregistry.com.au /images logo-33.gif
2006.05.17 17:05 B E:\Virtual Sites\E\events4singles\images\logo-34.jpg <-- ftp.netregistry.com.au /images logo-34.jpg
2006.05.17 17:05 B E:\Virtual Sites\E\events4singles\images\logo-36.gif <-- ftp.netregistry.com.au /images logo-36.gif
2006.05.17 17:05 B E:\Virtual Sites\E\events4singles\images\logo-4.jpg <-- ftp.netregistry.com.au /images logo-4.jpg
2006.05.17 17:05 B E:\Virtual Sites\E\events4singles\images\logo-46.gif <-- ftp.netregistry.com.au /images logo-46.gif
2006.05.17 17:05 B E:\Virtual Sites\E\events4singles\images\logo-48.jpg <-- ftp.netregistry.com.au /images logo-48.jpg
2006.05.17 17:05 B E:\Virtual Sites\E\events4singles\images\logo-7.gif <-- ftp.netregistry.com.au /images logo-7.gif
2006.05.17 17:05 B E:\Virtual Sites\E\events4singles\images\logo.gif <-- ftp.netregistry.com.au /images logo.gif
2006.05.17 17:05 B E:\Virtual Sites\E\events4singles\images\logo3.gif <-- ftp.netregistry.com.au /images logo3.gif
2006.05.17 17:05 B E:\Virtual Sites\E\events4singles\images\logo_e4smship.jpg <-- ftp.netregistry.com.au /images logo_e4smship.jpg
2006.05.17 17:05 B E:\Virtual Sites\E\events4singles\images\Logos_18to31_460.gif <-- ftp.netregistry.com.au /images Logos_18to31_460.gif
2006.05.17 17:05 B E:\Virtual Sites\E\events4singles\images\lookingLove.gif <-- ftp.netregistry.com.au /images lookingLove.gif
2006.05.17 17:05 B E:\Virtual Sites\E\events4singles\images\lori1.1.jpg <-- ftp.netregistry.com.au /images lori1.1.jpg
2006.05.17 17:05 B E:\Virtual Sites\E\events4singles\images\Lori2.jpg <-- ftp.netregistry.com.au /images Lori2.jpg
2006.05.17 17:05 B E:\Virtual Sites\E\events4singles\images\Lori3.jpg <-- ftp.netregistry.com.au /images Lori3.jpg
2006.05.17 17:05 B E:\Virtual Sites\E\events4singles\images\Lori4.jpg <-- ftp.netregistry.com.au /images Lori4.jpg
2006.05.17 17:05 B E:\Virtual Sites\E\events4singles\images\Lori5.jpg <-- ftp.netregistry.com.au /images Lori5.jpg
2006.05.17 17:05 B E:\Virtual Sites\E\events4singles\images\Lori6.jpg <-- ftp.netregistry.com.au /images Lori6.jpg
2006.05.17 17:05 B E:\Virtual Sites\E\events4singles\images\lorraine_100x125.jpg <-- ftp.netregistry.com.au /images lorraine_100x125.jpg
2006.05.17 17:05 B E:\Virtual Sites\E\events4singles\images\lotteryusa_150x70.gif <-- ftp.netregistry.com.au /images lotteryusa_150x70.gif
2006.05.17 17:05 B E:\Virtual Sites\E\events4singles\images\lottousa_90x170.gif <-- ftp.netregistry.com.au /images lottousa_90x170.gif
2006.05.17 17:05 B E:\Virtual Sites\E\events4singles\images\lounge_room-2.jpg <-- ftp.netregistry.com.au /images lounge_room-2.jpg
2006.05.17 17:05 B E:\Virtual Sites\E\events4singles\images\lounge_room-girls.jpg <-- ftp.netregistry.com.au /images lounge_room-girls.jpg
2006.05.17 17:05 B E:\Virtual Sites\E\events4singles\images\love-life-coaches2.gif <-- ftp.netregistry.com.au /images love-life-coaches2.gif
2006.05.17 17:05 B E:\Virtual Sites\E\events4singles\images\loveSite120x35.gif <-- ftp.netregistry.com.au /images loveSite120x35.gif
2006.05.17 17:05 B E:\Virtual Sites\E\events4singles\images\loveSite120x70.gif <-- ftp.netregistry.com.au /images loveSite120x70.gif
2006.05.17 17:05 B E:\Virtual Sites\E\events4singles\images\loveSite2_120x70.gif <-- ftp.netregistry.com.au /images loveSite2_120x70.gif
2006.05.17 17:05 B E:\Virtual Sites\E\events4singles\images\LoveSites.gif <-- ftp.netregistry.com.au /images LoveSites.gif
2006.05.17 17:05 B E:\Virtual Sites\E\events4singles\images\lsw-130x70-2.gif <-- ftp.netregistry.com.au /images lsw-130x70-2.gif
2006.05.17 17:05 B E:\Virtual Sites\E\events4singles\images\luxury-yacht_161x85.gif <-- ftp.netregistry.com.au /images luxury-yacht_161x85.gif
2006.05.17 17:05 B E:\Virtual Sites\E\events4singles\images\lw-minipage.jpg <-- ftp.netregistry.com.au /images lw-minipage.jpg
2006.05.17 17:05 B E:\Virtual Sites\E\events4singles\images\lw-minipage1.jpg <-- ftp.netregistry.com.au /images lw-minipage1.jpg
2006.05.17 17:05 B E:\Virtual Sites\E\events4singles\images\lw-minipageb.jpg <-- ftp.netregistry.com.au /images lw-minipageb.jpg
2006.05.17 17:05 B E:\Virtual Sites\E\events4singles\images\lw_minipage_image1.jpg <-- ftp.netregistry.com.au /images lw_minipage_image1.jpg
2006.05.17 17:05 B E:\Virtual Sites\E\events4singles\images\lw_minipage_image2.jpg <-- ftp.netregistry.com.au /images lw_minipage_image2.jpg
2006.05.17 17:05 B E:\Virtual Sites\E\events4singles\images\lwells_animated_122x80.gif <-- ftp.netregistry.com.au /images lwells_animated_122x80.gif
2006.05.17 17:05 B E:\Virtual Sites\E\events4singles\images\LynnChampion.gif <-- ftp.netregistry.com.au /images LynnChampion.gif
2006.05.17 17:05 B E:\Virtual Sites\E\events4singles\images\m2.gif <-- ftp.netregistry.com.au /images m2.gif
2006.05.17 17:05 B E:\Virtual Sites\E\events4singles\images\mailto-SPAM-72x70x30.gif <-- ftp.netregistry.com.au /images mailto-SPAM-72x70x30.gif
2006.05.17 17:05 B E:\Virtual Sites\E\events4singles\images\mailto.gif <-- ftp.netregistry.com.au /images mailto.gif
2006.05.17 17:05 B E:\Virtual Sites\E\events4singles\images\main_banner.gif <-- ftp.netregistry.com.au /images main_banner.gif
2006.05.17 17:05 B E:\Virtual Sites\E\events4singles\images\main_bg.gif <-- ftp.netregistry.com.au /images main_bg.gif
2006.05.17 17:05 B E:\Virtual Sites\E\events4singles\images\main_topbar.gif <-- ftp.netregistry.com.au /images main_topbar.gif
2006.05.17 17:05 B E:\Virtual Sites\E\events4singles\images\mainzdidge.jpg <-- ftp.netregistry.com.au /images mainzdidge.jpg
2006.05.17 17:05 B E:\Virtual Sites\E\events4singles\images\makehomepage_o.gif <-- ftp.netregistry.com.au /images makehomepage_o.gif
2006.05.17 17:05 B E:\Virtual Sites\E\events4singles\images\makemeover_119x80.jpg <-- ftp.netregistry.com.au /images makemeover_119x80.jpg
2006.05.17 17:05 B E:\Virtual Sites\E\events4singles\images\Mango-Dance-Studio_100x94.gif <-- ftp.netregistry.com.au /images Mango-Dance-Studio_100x94.gif
2006.05.17 17:05 B E:\Virtual Sites\E\events4singles\images\Mango_80x169.jpg <-- ftp.netregistry.com.au /images Mango_80x169.jpg
2006.05.17 17:05 B E:\Virtual Sites\E\events4singles\images\mansguide.gif <-- ftp.netregistry.com.au /images mansguide.gif
2006.05.17 17:05 B E:\Virtual Sites\E\events4singles\images\map10444.gif <-- ftp.netregistry.com.au /images map10444.gif
2006.05.17 17:05 B E:\Virtual Sites\E\events4singles\images\map11771.gif <-- ftp.netregistry.com.au /images map11771.gif
2006.05.17 17:05 B E:\Virtual Sites\E\events4singles\images\map6166.gif <-- ftp.netregistry.com.au /images map6166.gif
2006.05.17 17:05 B E:\Virtual Sites\E\events4singles\images\mapAQUAfinal-350x350.gif <-- ftp.netregistry.com.au /images mapAQUAfinal-350x350.gif
2006.05.17 17:05 B E:\Virtual Sites\E\events4singles\images\market_100x101.jpg <-- ftp.netregistry.com.au /images market_100x101.jpg
2006.05.17 17:05 B E:\Virtual Sites\E\events4singles\images\markettave_120x120.gif <-- ftp.netregistry.com.au /images markettave_120x120.gif
2006.05.17 17:05 B E:\Virtual Sites\E\events4singles\images\markettavern_120x120.gif <-- ftp.netregistry.com.au /images markettavern_120x120.gif
2006.05.17 17:05 B E:\Virtual Sites\E\events4singles\images\martin-books-72x205x70.gif <-- ftp.netregistry.com.au /images martin-books-72x205x70.gif
2006.05.17 17:05 B E:\Virtual Sites\E\events4singles\images\martin-books.gif <-- ftp.netregistry.com.au /images martin-books.gif
2006.05.17 17:05 B E:\Virtual Sites\E\events4singles\images\martinbooks_205x70.gif <-- ftp.netregistry.com.au /images martinbooks_205x70.gif
2006.05.17 17:05 B E:\Virtual Sites\E\events4singles\images\Masquerade-Ball.gif <-- ftp.netregistry.com.au /images Masquerade-Ball.gif
2006.05.17 17:05 B E:\Virtual Sites\E\events4singles\images\Masters-Banner.jpg <-- ftp.netregistry.com.au /images Masters-Banner.jpg
2006.05.17 17:05 B E:\Virtual Sites\E\events4singles\images\Masters_120x57.jpg <-- ftp.netregistry.com.au /images Masters_120x57.jpg
2006.05.17 17:05 B E:\Virtual Sites\E\events4singles\images\maureen-1.jpg <-- ftp.netregistry.com.au /images maureen-1.jpg
2006.05.17 17:05 B E:\Virtual Sites\E\events4singles\images\maureen_sml.gif <-- ftp.netregistry.com.au /images maureen_sml.gif
2006.05.17 17:05 B E:\Virtual Sites\E\events4singles\images\may-ball-web-header-flat.gif <-- ftp.netregistry.com.au /images may-ball-web-header-flat.gif
2006.05.17 17:05 B E:\Virtual Sites\E\events4singles\images\media_lifecoaches_128x96.jpg <-- ftp.netregistry.com.au /images media_lifecoaches_128x96.jpg
2006.05.17 17:05 B E:\Virtual Sites\E\events4singles\images\meet-btn-01.gif <-- ftp.netregistry.com.au /images meet-btn-01.gif
2006.05.17 17:05 B E:\Virtual Sites\E\events4singles\images\meet_at_dinner_150x70.gif <-- ftp.netregistry.com.au /images meet_at_dinner_150x70.gif
2006.05.17 17:05 B E:\Virtual Sites\E\events4singles\images\meet_at_dinner_205x70.gif <-- ftp.netregistry.com.au /images meet_at_dinner_205x70.gif
2006.05.17 17:05 B E:\Virtual Sites\E\events4singles\images\meetatdinner-72x120x50.jpg <-- ftp.netregistry.com.au /images meetatdinner-72x120x50.jpg
2006.05.17 17:05 B E:\Virtual Sites\E\events4singles\images\meetatdinner_205x70.gif <-- ftp.netregistry.com.au /images meetatdinner_205x70.gif
2006.05.17 17:05 B E:\Virtual Sites\E\events4singles\images\megajam movie cover Xsmall.JPG <-- ftp.netregistry.com.au /images megajam movie cover Xsmall.JPG
2006.05.17 17:05 B E:\Virtual Sites\E\events4singles\images\megisti_143x110.gif <-- ftp.netregistry.com.au /images megisti_143x110.gif
2006.05.17 17:05 B E:\Virtual Sites\E\events4singles\images\megistiblu_120x87.gif <-- ftp.netregistry.com.au /images megistiblu_120x87.gif
2006.05.17 17:05 B E:\Virtual Sites\E\events4singles\images\megistiblu_147x90.gif <-- ftp.netregistry.com.au /images megistiblu_147x90.gif
2006.05.17 17:05 B E:\Virtual Sites\E\events4singles\images\melbourne.gif <-- ftp.netregistry.com.au /images melbourne.gif
2006.05.17 17:05 B E:\Virtual Sites\E\events4singles\images\melbourne_250x50.gif <-- ftp.netregistry.com.au /images melbourne_250x50.gif
2006.05.17 17:05 B E:\Virtual Sites\E\events4singles\images\Melbournerivercruises.JPG <-- ftp.netregistry.com.au /images Melbournerivercruises.JPG
2006.05.17 17:05 B E:\Virtual Sites\E\events4singles\images\Melbournerivercruises_165x9.jpg <-- ftp.netregistry.com.au /images Melbournerivercruises_165x9.jpg
2006.05.17 17:05 B E:\Virtual Sites\E\events4singles\images\MelbournRiverCruises.jpg <-- ftp.netregistry.com.au /images MelbournRiverCruises.jpg
2006.05.17 17:05 B E:\Virtual Sites\E\events4singles\images\melbsing_98x90.gif <-- ftp.netregistry.com.au /images melbsing_98x90.gif
2006.05.17 17:05 B E:\Virtual Sites\E\events4singles\images\memberoffers.psd <-- ftp.netregistry.com.au /images memberoffers.psd
2006.05.17 17:05 B E:\Virtual Sites\E\events4singles\images\memorabilialogo.gif <-- ftp.netregistry.com.au /images memorabilialogo.gif
2006.05.17 17:05 B E:\Virtual Sites\E\events4singles\images\menasanimals_145x85.gif <-- ftp.netregistry.com.au /images menasanimals_145x85.gif
2006.05.17 17:05 B E:\Virtual Sites\E\events4singles\images\menasanimals_170x100.jpg <-- ftp.netregistry.com.au /images menasanimals_170x100.jpg
2006.05.17 17:05 B E:\Virtual Sites\E\events4singles\images\mendalogo.gif <-- ftp.netregistry.com.au /images mendalogo.gif
2006.05.17 17:05 B E:\Virtual Sites\E\events4singles\images\Menu_DanceBank.gif <-- ftp.netregistry.com.au /images Menu_DanceBank.gif
2006.05.17 17:05 B E:\Virtual Sites\E\events4singles\images\Menu_DanceServices.gif <-- ftp.netregistry.com.au /images Menu_DanceServices.gif
2006.05.17 17:05 B E:\Virtual Sites\E\events4singles\images\Menu_DanceStyles.gif <-- ftp.netregistry.com.au /images Menu_DanceStyles.gif
2006.05.17 17:05 B E:\Virtual Sites\E\events4singles\images\Menu_home.gif <-- ftp.netregistry.com.au /images Menu_home.gif
2006.05.17 17:05 B E:\Virtual Sites\E\events4singles\images\Menu_Members.gif <-- ftp.netregistry.com.au /images Menu_Members.gif
2006.05.17 17:05 B E:\Virtual Sites\E\events4singles\images\Menu_Shopping.gif <-- ftp.netregistry.com.au /images Menu_Shopping.gif
2006.05.17 17:05 B E:\Virtual Sites\E\events4singles\images\Menu_Spacer_Left.gif <-- ftp.netregistry.com.au /images Menu_Spacer_Left.gif
2006.05.17 17:05 B E:\Virtual Sites\E\events4singles\images\Menu_Spacer_Right.gif <-- ftp.netregistry.com.au /images Menu_Spacer_Right.gif
2006.05.17 17:05 B E:\Virtual Sites\E\events4singles\images\Menu_WhatsOn.gif <-- ftp.netregistry.com.au /images Menu_WhatsOn.gif
2006.05.17 17:05 B E:\Virtual Sites\E\events4singles\images\metropersonal_120x80.gif <-- ftp.netregistry.com.au /images metropersonal_120x80.gif
2006.05.17 17:05 B E:\Virtual Sites\E\events4singles\images\metropersonal_120x81.jpg <-- ftp.netregistry.com.au /images metropersonal_120x81.jpg
2006.05.17 17:05 B E:\Virtual Sites\E\events4singles\images\metropersonal_120x83.jpg <-- ftp.netregistry.com.au /images metropersonal_120x83.jpg
2006.05.17 17:05 B E:\Virtual Sites\E\events4singles\images\metropersonal_80x126.jpg <-- ftp.netregistry.com.au /images metropersonal_80x126.jpg
2006.05.17 17:05 B E:\Virtual Sites\E\events4singles\images\metropersonal_90x102.jpg <-- ftp.netregistry.com.au /images metropersonal_90x102.jpg
2006.05.17 17:05 B E:\Virtual Sites\E\events4singles\images\metropolis.jpg <-- ftp.netregistry.com.au /images metropolis.jpg
2006.05.17 17:05 B E:\Virtual Sites\E\events4singles\images\Michelle_enlightened_102x95.jpg <-- ftp.netregistry.com.au /images Michelle_enlightened_102x95.jpg
2006.05.17 17:05 B E:\Virtual Sites\E\events4singles\images\midbar.jpg <-- ftp.netregistry.com.au /images midbar.jpg
2006.05.17 17:05 B E:\Virtual Sites\E\events4singles\images\million_120x80.jpg <-- ftp.netregistry.com.au /images million_120x80.jpg
2006.05.17 17:05 B E:\Virtual Sites\E\events4singles\images\Millionaire-Matchmaker-120x.jpg <-- ftp.netregistry.com.au /images Millionaire-Matchmaker-120x.jpg
2006.05.17 17:05 B E:\Virtual Sites\E\events4singles\images\millionmatch_120x84.gif <-- ftp.netregistry.com.au /images millionmatch_120x84.gif
2006.05.17 17:05 B E:\Virtual Sites\E\events4singles\images\millionmatchnew_120x80.jpg <-- ftp.netregistry.com.au /images millionmatchnew_120x80.jpg
2006.05.17 17:05 B E:\Virtual Sites\E\events4singles\images\millionmatchvalentines_120x.gif <-- ftp.netregistry.com.au /images millionmatchvalentines_120x.gif
2006.05.17 17:05 B E:\Virtual Sites\E\events4singles\images\millionmatchvalentines_190x.jpg <-- ftp.netregistry.com.au /images millionmatchvalentines_190x.jpg
2006.05.17 17:05 B E:\Virtual Sites\E\events4singles\images\millionmatchvalentines_ani2.gif <-- ftp.netregistry.com.au /images millionmatchvalentines_ani2.gif
2006.05.17 17:05 B E:\Virtual Sites\E\events4singles\images\millionmatchvalentines_ani_.gif <-- ftp.netregistry.com.au /images millionmatchvalentines_ani_.gif
2006.05.17 17:05 B E:\Virtual Sites\E\events4singles\images\mingleSingles300705.gif <-- ftp.netregistry.com.au /images mingleSingles300705.gif
2006.05.17 17:05 B E:\Virtual Sites\E\events4singles\images\minglessingles_118x70.gif <-- ftp.netregistry.com.au /images minglessingles_118x70.gif
2006.05.17 17:05 B E:\Virtual Sites\E\events4singles\images\minglessingles_90x50.gif <-- ftp.netregistry.com.au /images minglessingles_90x50.gif
2006.05.17 17:05 B E:\Virtual Sites\E\events4singles\images\Mix-94.5-perth_212x80.jpg <-- ftp.netregistry.com.au /images Mix-94.5-perth_212x80.jpg
2006.05.17 17:05 B E:\Virtual Sites\E\events4singles\images\mix1065_117x60.jpg <-- ftp.netregistry.com.au /images mix1065_117x60.jpg
2006.05.17 17:05 B E:\Virtual Sites\E\events4singles\images\mixnmatch_120x71.jpg <-- ftp.netregistry.com.au /images mixnmatch_120x71.jpg
2006.05.17 17:05 B E:\Virtual Sites\E\events4singles\images\mixnmatch_150x89.jpg <-- ftp.netregistry.com.au /images mixnmatch_150x89.jpg
2006.05.17 17:05 B E:\Virtual Sites\E\events4singles\images\mmmenu1_195x16_over.gif <-- ftp.netregistry.com.au /images mmmenu1_195x16_over.gif
2006.05.17 17:05 B E:\Virtual Sites\E\events4singles\images\mmmenu2_167x16_over.gif <-- ftp.netregistry.com.au /images mmmenu2_167x16_over.gif
2006.05.17 17:05 B E:\Virtual Sites\E\events4singles\images\mmmenu3_144x16_over.gif <-- ftp.netregistry.com.au /images mmmenu3_144x16_over.gif
2006.05.17 17:05 B E:\Virtual Sites\E\events4singles\images\mmmenu4_195x16_over.gif <-- ftp.netregistry.com.au /images mmmenu4_195x16_over.gif
2006.05.17 17:05 B E:\Virtual Sites\E\events4singles\images\mmmenu5_177x16_over.gif <-- ftp.netregistry.com.au /images mmmenu5_177x16_over.gif
2006.05.17 17:05 B E:\Virtual Sites\E\events4singles\images\mmmenu6_133x16_over.gif <-- ftp.netregistry.com.au /images mmmenu6_133x16_over.gif
2006.05.17 17:05 B E:\Virtual Sites\E\events4singles\images\mobile.gif <-- ftp.netregistry.com.au /images mobile.gif
2006.05.17 17:05 B E:\Virtual Sites\E\events4singles\images\Modern-Man---1-Day-Seminar.jpg <-- ftp.netregistry.com.au /images Modern-Man---1-Day-Seminar.jpg
2006.05.17 17:05 B E:\Virtual Sites\E\events4singles\images\Modernrockperth_125x119.gif <-- ftp.netregistry.com.au /images Modernrockperth_125x119.gif
2006.05.17 17:05 B E:\Virtual Sites\E\events4singles\images\Modernrockperth_125x119.gif.psd <-- ftp.netregistry.com.au /images Modernrockperth_125x119.gif.psd
2006.05.17 17:05 B E:\Virtual Sites\E\events4singles\images\mpnetlogo.gif <-- ftp.netregistry.com.au /images mpnetlogo.gif
2006.05.17 17:05 B E:\Virtual Sites\E\events4singles\images\MRTV_header.jpg <-- ftp.netregistry.com.au /images MRTV_header.jpg
2006.05.17 17:05 B E:\Virtual Sites\E\events4singles\images\MRTV_header_big.jpg <-- ftp.netregistry.com.au /images MRTV_header_big.jpg
2006.05.17 17:05 B E:\Virtual Sites\E\events4singles\images\msc-cruises_135x78.jpg <-- ftp.netregistry.com.au /images msc-cruises_135x78.jpg
2006.05.17 17:05 B E:\Virtual Sites\E\events4singles\images\msc-cruises_145x84.jpg <-- ftp.netregistry.com.au /images msc-cruises_145x84.jpg
2006.05.17 17:05 B E:\Virtual Sites\E\events4singles\images\MSC_Cruises160x63.gif <-- ftp.netregistry.com.au /images MSC_Cruises160x63.gif
2006.05.17 17:05 B E:\Virtual Sites\E\events4singles\images\msollogo.gif <-- ftp.netregistry.com.au /images msollogo.gif
2006.05.17 17:05 B E:\Virtual Sites\E\events4singles\images\mStreet_160x70.gif <-- ftp.netregistry.com.au /images mStreet_160x70.gif
2006.05.17 17:05 B E:\Virtual Sites\E\events4singles\images\murder_120x100.gif <-- ftp.netregistry.com.au /images murder_120x100.gif
2006.05.17 17:05 B E:\Virtual Sites\E\events4singles\images\murder_melb.jpg <-- ftp.netregistry.com.au /images murder_melb.jpg
2006.05.17 17:05 B E:\Virtual Sites\E\events4singles\images\murdermysteries_170x67.jpg <-- ftp.netregistry.com.au /images murdermysteries_170x67.jpg
2006.05.17 17:05 B E:\Virtual Sites\E\events4singles\images\murdermysteries_171x67.jpg <-- ftp.netregistry.com.au /images murdermysteries_171x67.jpg
2006.05.17 17:05 B E:\Virtual Sites\E\events4singles\images\music_midnightoil.jpg <-- ftp.netregistry.com.au /images music_midnightoil.jpg
2006.05.17 17:05 B E:\Virtual Sites\E\events4singles\images\music_powderfinger.jpg <-- ftp.netregistry.com.au /images music_powderfinger.jpg
2006.05.17 17:05 B E:\Virtual Sites\E\events4singles\images\mustangbar_150x80.gif <-- ftp.netregistry.com.au /images mustangbar_150x80.gif
2006.05.17 17:05 B E:\Virtual Sites\E\events4singles\images\MVperthcruises_120x87.gif <-- ftp.netregistry.com.au /images MVperthcruises_120x87.gif
2006.05.17 17:05 B E:\Virtual Sites\E\events4singles\images\MyFriend165x27.gif <-- ftp.netregistry.com.au /images MyFriend165x27.gif
2006.05.17 17:05 B E:\Virtual Sites\E\events4singles\images\MyFriends_165x80.jpg <-- ftp.netregistry.com.au /images MyFriends_165x80.jpg
2006.05.17 17:05 B E:\Virtual Sites\E\events4singles\images\netregpow.gif <-- ftp.netregistry.com.au /images netregpow.gif
2006.05.17 17:05 B E:\Virtual Sites\E\events4singles\images\network_170x66.jpg <-- ftp.netregistry.com.au /images network_170x66.jpg
2006.05.17 17:05 B E:\Virtual Sites\E\events4singles\images\networkblue_170x66.jpg <-- ftp.netregistry.com.au /images networkblue_170x66.jpg
2006.05.17 17:05 B E:\Virtual Sites\E\events4singles\images\new_zealand_map-350.gif <-- ftp.netregistry.com.au /images new_zealand_map-350.gif
2006.05.17 17:06 B E:\Virtual Sites\E\events4singles\images\newfriends_120x50.gif <-- ftp.netregistry.com.au /images newfriends_120x50.gif
2006.05.17 17:06 B E:\Virtual Sites\E\events4singles\images\newmini5.gif <-- ftp.netregistry.com.au /images newmini5.gif
2006.05.17 17:06 B E:\Virtual Sites\E\events4singles\images\newsletterlink.gif <-- ftp.netregistry.com.au /images newsletterlink.gif
2006.05.17 17:06 B E:\Virtual Sites\E\events4singles\images\newtownGym135x50.gif <-- ftp.netregistry.com.au /images newtownGym135x50.gif
2006.05.17 17:06 B E:\Virtual Sites\E\events4singles\images\nextmove-72x290x60.gif <-- ftp.netregistry.com.au /images nextmove-72x290x60.gif
2006.05.17 17:06 B E:\Virtual Sites\E\events4singles\images\nextmove-72x290x60.gif.gif <-- ftp.netregistry.com.au /images nextmove-72x290x60.gif.gif
2006.05.17 17:06 B E:\Virtual Sites\E\events4singles\images\nlp_167x42.gif <-- ftp.netregistry.com.au /images nlp_167x42.gif
2006.05.17 17:06 B E:\Virtual Sites\E\events4singles\images\nlp_168x104.jpg <-- ftp.netregistry.com.au /images nlp_168x104.jpg
2006.05.17 17:06 B E:\Virtual Sites\E\events4singles\images\nrlogo.gif <-- ftp.netregistry.com.au /images nrlogo.gif
2006.05.17 17:06 B E:\Virtual Sites\E\events4singles\images\nswmap.gif <-- ftp.netregistry.com.au /images nswmap.gif
2006.05.17 17:06 B E:\Virtual Sites\E\events4singles\images\nuroc_170x88.gif <-- ftp.netregistry.com.au /images nuroc_170x88.gif
2006.05.17 17:06 B E:\Virtual Sites\E\events4singles\images\officeink.jpg <-- ftp.netregistry.com.au /images officeink.jpg
2006.05.17 17:06 B E:\Virtual Sites\E\events4singles\images\officemobile$1deals.gif <-- ftp.netregistry.com.au /images officemobile$1deals.gif
2006.05.17 17:06 B E:\Virtual Sites\E\events4singles\images\oneandonly.gif <-- ftp.netregistry.com.au /images oneandonly.gif
2006.05.17 17:06 B E:\Virtual Sites\E\events4singles\images\online-btn.gif <-- ftp.netregistry.com.au /images online-btn.gif
2006.05.17 17:06 B E:\Virtual Sites\E\events4singles\images\online_dating.gif <-- ftp.netregistry.com.au /images online_dating.gif
2006.05.17 17:06 B E:\Virtual Sites\E\events4singles\images\online_dating.htm <-- ftp.netregistry.com.au /images online_dating.htm
2006.05.17 17:06 B E:\Virtual Sites\E\events4singles\images\online_dating_int.htm <-- ftp.netregistry.com.au /images online_dating_int.htm
2006.05.17 17:06 B E:\Virtual Sites\E\events4singles\images\other.html <-- ftp.netregistry.com.au /images other.html
2006.05.17 17:06 B E:\Virtual Sites\E\events4singles\images\other.js <-- ftp.netregistry.com.au /images other.js
2006.05.17 17:06 B E:\Virtual Sites\E\events4singles\images\other_b1.gif <-- ftp.netregistry.com.au /images other_b1.gif
2006.05.17 17:06 B E:\Virtual Sites\E\events4singles\images\other_b1_over.gif <-- ftp.netregistry.com.au /images other_b1_over.gif
2006.05.17 17:06 B E:\Virtual Sites\E\events4singles\images\other_b2.gif <-- ftp.netregistry.com.au /images other_b2.gif
2006.05.17 17:06 B E:\Virtual Sites\E\events4singles\images\other_b2_over.gif <-- ftp.netregistry.com.au /images other_b2_over.gif
2006.05.17 17:06 B E:\Virtual Sites\E\events4singles\images\other_b3.gif <-- ftp.netregistry.com.au /images other_b3.gif
2006.05.17 17:06 B E:\Virtual Sites\E\events4singles\images\other_b3_over.gif <-- ftp.netregistry.com.au /images other_b3_over.gif
2006.05.17 17:06 B E:\Virtual Sites\E\events4singles\images\other_b4.gif <-- ftp.netregistry.com.au /images other_b4.gif
2006.05.17 17:06 B E:\Virtual Sites\E\events4singles\images\other_b4_over.gif <-- ftp.netregistry.com.au /images other_b4_over.gif
2006.05.17 17:06 B E:\Virtual Sites\E\events4singles\images\other_b5.gif <-- ftp.netregistry.com.au /images other_b5.gif
2006.05.17 17:06 B E:\Virtual Sites\E\events4singles\images\other_b5_over.gif <-- ftp.netregistry.com.au /images other_b5_over.gif
2006.05.17 17:06 B E:\Virtual Sites\E\events4singles\images\other_b6.gif <-- ftp.netregistry.com.au /images other_b6.gif
2006.05.17 17:06 B E:\Virtual Sites\E\events4singles\images\other_b6_over.gif <-- ftp.netregistry.com.au /images other_b6_over.gif
2006.05.17 17:06 B E:\Virtual Sites\E\events4singles\images\other_left.gif <-- ftp.netregistry.com.au /images other_left.gif
2006.05.17 17:06 B E:\Virtual Sites\E\events4singles\images\other_right.gif <-- ftp.netregistry.com.au /images other_right.gif
2006.05.17 17:06 B E:\Virtual Sites\E\events4singles\images\othernav.html <-- ftp.netregistry.com.au /images othernav.html
2006.05.17 17:06 B E:\Virtual Sites\E\events4singles\images\othernav.js <-- ftp.netregistry.com.au /images othernav.js
2006.05.17 17:06 B E:\Virtual Sites\E\events4singles\images\othernav_b1.gif <-- ftp.netregistry.com.au /images othernav_b1.gif
2006.05.17 17:06 B E:\Virtual Sites\E\events4singles\images\othernav_b1_over.gif <-- ftp.netregistry.com.au /images othernav_b1_over.gif
2006.05.17 17:06 B E:\Virtual Sites\E\events4singles\images\othernav_b2.gif <-- ftp.netregistry.com.au /images othernav_b2.gif
2006.05.17 17:06 B E:\Virtual Sites\E\events4singles\images\othernav_b2_over.gif <-- ftp.netregistry.com.au /images othernav_b2_over.gif
2006.05.17 17:06 B E:\Virtual Sites\E\events4singles\images\othernav_b3.gif <-- ftp.netregistry.com.au /images othernav_b3.gif
2006.05.17 17:06 B E:\Virtual Sites\E\events4singles\images\othernav_b3_over.gif <-- ftp.netregistry.com.au /images othernav_b3_over.gif
2006.05.17 17:06 B E:\Virtual Sites\E\events4singles\images\othernav_b4.gif <-- ftp.netregistry.com.au /images othernav_b4.gif
2006.05.17 17:06 B E:\Virtual Sites\E\events4singles\images\othernav_b4_over.gif <-- ftp.netregistry.com.au /images othernav_b4_over.gif
2006.05.17 17:06 B E:\Virtual Sites\E\events4singles\images\othernav_b5.gif <-- ftp.netregistry.com.au /images othernav_b5.gif
2006.05.17 17:06 B E:\Virtual Sites\E\events4singles\images\othernav_b5_over.gif <-- ftp.netregistry.com.au /images othernav_b5_over.gif
2006.05.17 17:06 B E:\Virtual Sites\E\events4singles\images\othernav_b6.gif <-- ftp.netregistry.com.au /images othernav_b6.gif
2006.05.17 17:06 B E:\Virtual Sites\E\events4singles\images\othernav_b6_over.gif <-- ftp.netregistry.com.au /images othernav_b6_over.gif
2006.05.17 17:06 B E:\Virtual Sites\E\events4singles\images\othernav_left.gif <-- ftp.netregistry.com.au /images othernav_left.gif
2006.05.17 17:06 B E:\Virtual Sites\E\events4singles\images\othernav_right.gif <-- ftp.netregistry.com.au /images othernav_right.gif
2006.05.17 17:06 B E:\Virtual Sites\E\events4singles\images\over28.gif <-- ftp.netregistry.com.au /images over28.gif
2006.05.17 17:06 B E:\Virtual Sites\E\events4singles\images\overseasconnections_120x80.gif <-- ftp.netregistry.com.au /images overseasconnections_120x80.gif
2006.05.17 17:06 B E:\Virtual Sites\E\events4singles\images\ozeworld100.gif <-- ftp.netregistry.com.au /images ozeworld100.gif
2006.05.17 17:06 B E:\Virtual Sites\E\events4singles\images\ozeworld_ani.gif <-- ftp.netregistry.com.au /images ozeworld_ani.gif
2006.05.17 17:06 B E:\Virtual Sites\E\events4singles\images\ozeworldbanner.gif <-- ftp.netregistry.com.au /images ozeworldbanner.gif
2006.05.17 17:06 B E:\Virtual Sites\E\events4singles\images\ozeworldhome.gif <-- ftp.netregistry.com.au /images ozeworldhome.gif
2006.05.17 17:06 B E:\Virtual Sites\E\events4singles\images\ozeworldlogo.gif <-- ftp.netregistry.com.au /images ozeworldlogo.gif
2006.05.17 17:06 B E:\Virtual Sites\E\events4singles\images\ozibadge_5rotation.gif <-- ftp.netregistry.com.au /images ozibadge_5rotation.gif
2006.05.17 17:06 B E:\Virtual Sites\E\events4singles\images\ozibadge_5rotation1.gif <-- ftp.netregistry.com.au /images ozibadge_5rotation1.gif
2006.05.17 17:06 B E:\Virtual Sites\E\events4singles\images\ozibadge_7aniimg.gif <-- ftp.netregistry.com.au /images ozibadge_7aniimg.gif
2006.05.17 17:06 B E:\Virtual Sites\E\events4singles\images\ozibadge_7rotation1.gif <-- ftp.netregistry.com.au /images ozibadge_7rotation1.gif
2006.05.17 17:06 B E:\Virtual Sites\E\events4singles\images\ozlotteries_168x45.gif <-- ftp.netregistry.com.au /images ozlotteries_168x45.gif
2006.05.17 17:06 B E:\Virtual Sites\E\events4singles\images\oztrails_170x90.gif <-- ftp.netregistry.com.au /images oztrails_170x90.gif
2006.05.17 17:06 B E:\Virtual Sites\E\events4singles\images\page_bg.jpg <-- ftp.netregistry.com.au /images page_bg.jpg
2006.05.17 17:06 B E:\Virtual Sites\E\events4singles\images\pan-bnr-1.jpg <-- ftp.netregistry.com.au /images pan-bnr-1.jpg
2006.05.17 17:06 B E:\Virtual Sites\E\events4singles\images\pan-btn-02.gif <-- ftp.netregistry.com.au /images pan-btn-02.gif
2006.05.17 17:06 B E:\Virtual Sites\E\events4singles\images\PAN-hdr-2.gif <-- ftp.netregistry.com.au /images PAN-hdr-2.gif
2006.05.17 17:06 B E:\Virtual Sites\E\events4singles\images\pan-hdr-b.gif <-- ftp.netregistry.com.au /images pan-hdr-b.gif
2006.05.17 17:06 B E:\Virtual Sites\E\events4singles\images\pan-ind-btn.jpg <-- ftp.netregistry.com.au /images pan-ind-btn.jpg
2006.05.17 17:06 B E:\Virtual Sites\E\events4singles\images\partnerfriends_99x99.gif <-- ftp.netregistry.com.au /images partnerfriends_99x99.gif
2006.05.17 17:06 B E:\Virtual Sites\E\events4singles\images\party-girl2.jpg <-- ftp.netregistry.com.au /images party-girl2.jpg
2006.05.17 17:06 B E:\Virtual Sites\E\events4singles\images\party-girl5.jpg <-- ftp.netregistry.com.au /images party-girl5.jpg
2006.05.17 17:06 B E:\Virtual Sites\E\events4singles\images\partyatthepub_an_160x138.gif <-- ftp.netregistry.com.au /images partyatthepub_an_160x138.gif
2006.05.17 17:06 B E:\Virtual Sites\E\events4singles\images\partyatthepub_an_160x90.gif <-- ftp.netregistry.com.au /images partyatthepub_an_160x90.gif
2006.05.17 17:06 B E:\Virtual Sites\E\events4singles\images\partyatthepublink1.jpg <-- ftp.netregistry.com.au /images partyatthepublink1.jpg
2006.05.17 17:06 B E:\Virtual Sites\E\events4singles\images\partyatthepublink2.jpg <-- ftp.netregistry.com.au /images partyatthepublink2.jpg
2006.05.17 17:06 B E:\Virtual Sites\E\events4singles\images\passionatePartnersLogo.gif <-- ftp.netregistry.com.au /images passionatePartnersLogo.gif
2006.05.17 17:06 B E:\Virtual Sites\E\events4singles\images\passionforlife.gif <-- ftp.netregistry.com.au /images passionforlife.gif
2006.05.17 17:06 B E:\Virtual Sites\E\events4singles\images\passionforlife.jpg <-- ftp.netregistry.com.au /images passionforlife.jpg
2006.05.17 17:06 B E:\Virtual Sites\E\events4singles\images\patent.jpg <-- ftp.netregistry.com.au /images patent.jpg
2006.05.17 17:06 B E:\Virtual Sites\E\events4singles\images\patpowell.jpg <-- ftp.netregistry.com.au /images patpowell.jpg
2006.05.17 17:06 B E:\Virtual Sites\E\events4singles\images\paulaIland.jpg <-- ftp.netregistry.com.au /images paulaIland.jpg
2006.05.17 17:06 B E:\Virtual Sites\E\events4singles\images\peaceworkx-72x100x80.gif <-- ftp.netregistry.com.au /images peaceworkx-72x100x80.gif
2006.05.17 17:06 B E:\Virtual Sites\E\events4singles\images\peaceworkx-kissing2.gif <-- ftp.netregistry.com.au /images peaceworkx-kissing2.gif
2006.05.17 17:06 B E:\Virtual Sites\E\events4singles\images\peaceworkx_100x80.gif <-- ftp.netregistry.com.au /images peaceworkx_100x80.gif
2006.05.17 17:06 B E:\Virtual Sites\E\events4singles\images\Pearllove.gif <-- ftp.netregistry.com.au /images Pearllove.gif
2006.05.17 17:06 B E:\Virtual Sites\E\events4singles\images\pearlove_150x39.jpg <-- ftp.netregistry.com.au /images pearlove_150x39.jpg
2006.05.17 17:06 B E:\Virtual Sites\E\events4singles\images\pearlove_170x43.jpg <-- ftp.netregistry.com.au /images pearlove_170x43.jpg
2006.05.17 17:06 B E:\Virtual Sites\E\events4singles\images\pedaltours_165x70.jpg <-- ftp.netregistry.com.au /images pedaltours_165x70.jpg
2006.05.17 17:06 B E:\Virtual Sites\E\events4singles\images\penguinwatercruise_107x131.gif <-- ftp.netregistry.com.au /images penguinwatercruise_107x131.gif
2006.05.17 17:06 B E:\Virtual Sites\E\events4singles\images\Penny_90x124.jpg <-- ftp.netregistry.com.au /images Penny_90x124.jpg
2006.05.17 17:06 B E:\Virtual Sites\E\events4singles\images\peoplemagnet.jpg <-- ftp.netregistry.com.au /images peoplemagnet.jpg
2006.05.17 17:06 B E:\Virtual Sites\E\events4singles\images\perfectdates_120x50.gif <-- ftp.netregistry.com.au /images perfectdates_120x50.gif
2006.05.17 17:06 B E:\Virtual Sites\E\events4singles\images\perfectdates_133x50.gif <-- ftp.netregistry.com.au /images perfectdates_133x50.gif
2006.05.17 17:06 B E:\Virtual Sites\E\events4singles\images\perfectpartner-72x120x50.gif <-- ftp.netregistry.com.au /images perfectpartner-72x120x50.gif
2006.05.17 17:06 B E:\Virtual Sites\E\events4singles\images\perfectpartner-72x120x50.jpg <-- ftp.netregistry.com.au /images perfectpartner-72x120x50.jpg
2006.05.17 17:06 B E:\Virtual Sites\E\events4singles\images\perfectpartner_120x50.gif <-- ftp.netregistry.com.au /images perfectpartner_120x50.gif
2006.05.17 17:06 B E:\Virtual Sites\E\events4singles\images\perfectpartner_170x64.gif <-- ftp.netregistry.com.au /images perfectpartner_170x64.gif
2006.05.17 17:06 B E:\Virtual Sites\E\events4singles\images\perfectpartnerNEW.gif <-- ftp.netregistry.com.au /images perfectpartnerNEW.gif
2006.05.17 17:06 B E:\Virtual Sites\E\events4singles\images\perfectpartners_170x74.gif <-- ftp.netregistry.com.au /images perfectpartners_170x74.gif
2006.05.17 17:06 B E:\Virtual Sites\E\events4singles\images\peronis_170x90.gif <-- ftp.netregistry.com.au /images peronis_170x90.gif
2006.05.17 17:06 B E:\Virtual Sites\E\events4singles\images\personalinvite1.gif <-- ftp.netregistry.com.au /images personalinvite1.gif
2006.05.17 17:06 B E:\Virtual Sites\E\events4singles\images\personalinvite_123x68.jpg <-- ftp.netregistry.com.au /images personalinvite_123x68.jpg
2006.05.17 17:06 B E:\Virtual Sites\E\events4singles\images\personalinvite_123x86.gif <-- ftp.netregistry.com.au /images personalinvite_123x86.gif
2006.05.17 17:06 B E:\Virtual Sites\E\events4singles\images\personalinvite_123x88.gif <-- ftp.netregistry.com.au /images personalinvite_123x88.gif
2006.05.17 17:06 B E:\Virtual Sites\E\events4singles\images\personalinvite_125x80.gif <-- ftp.netregistry.com.au /images personalinvite_125x80.gif
2006.05.17 17:06 B E:\Virtual Sites\E\events4singles\images\personalinvite_150x82.jpg <-- ftp.netregistry.com.au /images personalinvite_150x82.jpg
2006.05.17 17:06 B E:\Virtual Sites\E\events4singles\images\personalinvite_170x78.jpg <-- ftp.netregistry.com.au /images personalinvite_170x78.jpg
2006.05.17 17:06 B E:\Virtual Sites\E\events4singles\images\personals-72x225x50.gif <-- ftp.netregistry.com.au /images personals-72x225x50.gif
2006.05.17 17:06 B E:\Virtual Sites\E\events4singles\images\personals-72x375x48.gif <-- ftp.netregistry.com.au /images personals-72x375x48.gif
2006.05.17 17:06 B E:\Virtual Sites\E\events4singles\images\personals-events4singles.gif <-- ftp.netregistry.com.au /images personals-events4singles.gif
2006.05.17 17:06 B E:\Virtual Sites\E\events4singles\images\personals.gif <-- ftp.netregistry.com.au /images personals.gif
2006.05.17 17:06 B E:\Virtual Sites\E\events4singles\images\personals120by80.gif <-- ftp.netregistry.com.au /images personals120by80.gif
2006.05.17 17:06 B E:\Virtual Sites\E\events4singles\images\personals_120x100.jpg <-- ftp.netregistry.com.au /images personals_120x100.jpg
2006.05.17 17:06 B E:\Virtual Sites\E\events4singles\images\personals_120x80.gif <-- ftp.netregistry.com.au /images personals_120x80.gif
2006.05.17 17:06 B E:\Virtual Sites\E\events4singles\images\personals_225x50.gif <-- ftp.netregistry.com.au /images personals_225x50.gif
2006.05.17 17:06 B E:\Virtual Sites\E\events4singles\images\perth-a-btn.gif <-- ftp.netregistry.com.au /images perth-a-btn.gif
2006.05.17 17:06 B E:\Virtual Sites\E\events4singles\images\Phoenix-Lifestyle_165x55.gif <-- ftp.netregistry.com.au /images Phoenix-Lifestyle_165x55.gif
2006.05.17 17:06 B E:\Virtual Sites\E\events4singles\images\phoenix_flier.jpg <-- ftp.netregistry.com.au /images phoenix_flier.jpg
2006.05.17 17:06 B E:\Virtual Sites\E\events4singles\images\phuze_56x165.jpg <-- ftp.netregistry.com.au /images phuze_56x165.jpg
2006.05.17 17:06 B E:\Virtual Sites\E\events4singles\images\pib2.jpg <-- ftp.netregistry.com.au /images pib2.jpg
2006.05.17 17:06 B E:\Virtual Sites\E\events4singles\images\pib_160x79.jpg <-- ftp.netregistry.com.au /images pib_160x79.jpg
2006.05.17 17:06 B E:\Virtual Sites\E\events4singles\images\pioneerdvd.jpg <-- ftp.netregistry.com.au /images pioneerdvd.jpg
2006.05.17 17:06 B E:\Virtual Sites\E\events4singles\images\pitch_climbing_centre_165x7.jpg <-- ftp.netregistry.com.au /images pitch_climbing_centre_165x7.jpg
2006.05.17 17:06 B E:\Virtual Sites\E\events4singles\images\pittwaterPersonalFitness120.gif <-- ftp.netregistry.com.au /images pittwaterPersonalFitness120.gif
2006.05.17 17:06 B E:\Virtual Sites\E\events4singles\images\placestogo120x40_ani.gif <-- ftp.netregistry.com.au /images placestogo120x40_ani.gif
2006.05.17 17:06 B E:\Virtual Sites\E\events4singles\images\pollbar.gif <-- ftp.netregistry.com.au /images pollbar.gif
2006.05.17 17:06 B E:\Virtual Sites\E\events4singles\images\priscilla_118x100.gif <-- ftp.netregistry.com.au /images priscilla_118x100.gif
2006.05.17 17:06 B E:\Virtual Sites\E\events4singles\images\prmg_100x85.jpg <-- ftp.netregistry.com.au /images prmg_100x85.jpg
2006.05.17 17:06 B E:\Virtual Sites\E\events4singles\images\prmg_logo.gif <-- ftp.netregistry.com.au /images prmg_logo.gif
2006.05.17 17:06 B E:\Virtual Sites\E\events4singles\images\prodance_170x90.gif <-- ftp.netregistry.com.au /images prodance_170x90.gif
2006.05.17 17:06 B E:\Virtual Sites\E\events4singles\images\profiledoctor.gif <-- ftp.netregistry.com.au /images profiledoctor.gif
2006.05.17 17:06 B E:\Virtual Sites\E\events4singles\images\profiledoctor_170x72.gif <-- ftp.netregistry.com.au /images profiledoctor_170x72.gif
2006.05.17 17:06 B E:\Virtual Sites\E\events4singles\images\progressivedinner2_160x102.gif <-- ftp.netregistry.com.au /images progressivedinner2_160x102.gif
2006.05.17 17:06 B E:\Virtual Sites\E\events4singles\images\PSNL-btn-hm.gif <-- ftp.netregistry.com.au /images PSNL-btn-hm.gif
2006.05.17 17:06 B E:\Virtual Sites\E\events4singles\images\PSNL-hm-btn.gif <-- ftp.netregistry.com.au /images PSNL-hm-btn.gif
2006.05.17 17:06 B E:\Virtual Sites\E\events4singles\images\PSNL_01.gif <-- ftp.netregistry.com.au /images PSNL_01.gif
2006.05.17 17:06 B E:\Virtual Sites\E\events4singles\images\psychics4singles.htm <-- ftp.netregistry.com.au /images psychics4singles.htm
2006.05.17 17:06 B E:\Virtual Sites\E\events4singles\images\pubmates_121x50.gif <-- ftp.netregistry.com.au /images pubmates_121x50.gif
2006.05.17 17:06 B E:\Virtual Sites\E\events4singles\images\pubmates_149x50.gif <-- ftp.netregistry.com.au /images pubmates_149x50.gif
2006.05.17 17:06 B E:\Virtual Sites\E\events4singles\images\pubmates_160x62.gif <-- ftp.netregistry.com.au /images pubmates_160x62.gif
2006.05.17 17:06 B E:\Virtual Sites\E\events4singles\images\puppy.jpg <-- ftp.netregistry.com.au /images puppy.jpg
2006.05.17 17:06 B E:\Virtual Sites\E\events4singles\images\purelysocial_120x71.jpg <-- ftp.netregistry.com.au /images purelysocial_120x71.jpg
2006.05.17 17:06 B E:\Virtual Sites\E\events4singles\images\purelysocial_160x77.gif <-- ftp.netregistry.com.au /images purelysocial_160x77.gif
2006.05.17 17:06 B E:\Virtual Sites\E\events4singles\images\purelysocial_160x94.gif <-- ftp.netregistry.com.au /images purelysocial_160x94.gif
2006.05.17 17:06 B E:\Virtual Sites\E\events4singles\images\qualityoflife_170x48.jpg <-- ftp.netregistry.com.au /images qualityoflife_170x48.jpg
2006.05.17 17:06 B E:\Virtual Sites\E\events4singles\images\queen_nile_100x100.jpg <-- ftp.netregistry.com.au /images queen_nile_100x100.jpg
2006.05.17 17:06 B E:\Virtual Sites\E\events4singles\images\quicksilver_170x66.jpg <-- ftp.netregistry.com.au /images quicksilver_170x66.jpg
2006.05.17 17:06 B E:\Virtual Sites\E\events4singles\images\quicksilver_snork.jpg <-- ftp.netregistry.com.au /images quicksilver_snork.jpg
2006.05.17 17:06 B E:\Virtual Sites\E\events4singles\images\raineforest_154x97.jpg <-- ftp.netregistry.com.au /images raineforest_154x97.jpg
2006.05.17 17:06 B E:\Virtual Sites\E\events4singles\images\RaptureCard_2.gif <-- ftp.netregistry.com.au /images RaptureCard_2.gif
2006.05.17 17:06 B E:\Virtual Sites\E\events4singles\images\ratestogo.jpg <-- ftp.netregistry.com.au /images ratestogo.jpg
2006.05.17 17:06 B E:\Virtual Sites\E\events4singles\images\red-rose_144x85.gif <-- ftp.netregistry.com.au /images red-rose_144x85.gif
2006.05.17 17:06 B E:\Virtual Sites\E\events4singles\images\red_bbg.gif <-- ftp.netregistry.com.au /images red_bbg.gif
2006.05.17 17:06 B E:\Virtual Sites\E\events4singles\images\red_bullet.gif <-- ftp.netregistry.com.au /images red_bullet.gif
2006.05.17 17:06 B E:\Virtual Sites\E\events4singles\images\red_bullet2.gif <-- ftp.netregistry.com.au /images red_bullet2.gif
2006.05.17 17:06 B E:\Virtual Sites\E\events4singles\images\red_L1.gif <-- ftp.netregistry.com.au /images red_L1.gif
2006.05.17 17:06 B E:\Virtual Sites\E\events4singles\images\red_L2.gif <-- ftp.netregistry.com.au /images red_L2.gif
2006.05.17 17:06 B E:\Virtual Sites\E\events4singles\images\red_L3.gif <-- ftp.netregistry.com.au /images red_L3.gif
2006.05.17 17:06 B E:\Virtual Sites\E\events4singles\images\red_L4.gif <-- ftp.netregistry.com.au /images red_L4.gif
2006.05.17 17:06 B E:\Virtual Sites\E\events4singles\images\red_M1.gif <-- ftp.netregistry.com.au /images red_M1.gif
2006.05.17 17:06 B E:\Virtual Sites\E\events4singles\images\red_M2.gif <-- ftp.netregistry.com.au /images red_M2.gif
2006.05.17 17:06 B E:\Virtual Sites\E\events4singles\images\red_M3.gif <-- ftp.netregistry.com.au /images red_M3.gif
2006.05.17 17:06 B E:\Virtual Sites\E\events4singles\images\red_M4.gif <-- ftp.netregistry.com.au /images red_M4.gif
2006.05.17 17:06 B E:\Virtual Sites\E\events4singles\images\red_M5.gif <-- ftp.netregistry.com.au /images red_M5.gif
2006.05.17 17:06 B E:\Virtual Sites\E\events4singles\images\red_M6.gif <-- ftp.netregistry.com.au /images red_M6.gif
2006.05.17 17:06 B E:\Virtual Sites\E\events4singles\images\red_M7.gif <-- ftp.netregistry.com.au /images red_M7.gif
2006.05.17 17:06 B E:\Virtual Sites\E\events4singles\images\red_M8.gif <-- ftp.netregistry.com.au /images red_M8.gif
2006.05.17 17:06 B E:\Virtual Sites\E\events4singles\images\red_pbg.gif <-- ftp.netregistry.com.au /images red_pbg.gif
2006.05.17 17:06 B E:\Virtual Sites\E\events4singles\images\red_tbg.gif <-- ftp.netregistry.com.au /images red_tbg.gif
2006.05.17 17:06 B E:\Virtual Sites\E\events4singles\images\redballoondays-72x120x60.gif <-- ftp.netregistry.com.au /images redballoondays-72x120x60.gif
2006.05.17 17:06 B E:\Virtual Sites\E\events4singles\images\redballoondays-72x150X80.gif <-- ftp.netregistry.com.au /images redballoondays-72x150X80.gif
2006.05.17 17:06 B E:\Virtual Sites\E\events4singles\images\redballoondays=72x120x60.gif <-- ftp.netregistry.com.au /images redballoondays=72x120x60.gif
2006.05.17 17:06 B E:\Virtual Sites\E\events4singles\images\RedBaloon468x60.gif <-- ftp.netregistry.com.au /images RedBaloon468x60.gif
2006.05.17 17:06 B E:\Virtual Sites\E\events4singles\images\redRose_120x80.jpg <-- ftp.netregistry.com.au /images redRose_120x80.jpg
2006.05.17 17:06 B E:\Virtual Sites\E\events4singles\images\Relationship_Teleclasses.gif <-- ftp.netregistry.com.au /images Relationship_Teleclasses.gif
2006.05.17 17:06 B E:\Virtual Sites\E\events4singles\images\relationshipremedies_150x97.jpg <-- ftp.netregistry.com.au /images relationshipremedies_150x97.jpg
2006.05.17 17:06 B E:\Virtual Sites\E\events4singles\images\relationshipremedies_650x97.gif <-- ftp.netregistry.com.au /images relationshipremedies_650x97.gif
2006.05.17 17:06 B E:\Virtual Sites\E\events4singles\images\relrekin_120x160.jpg <-- ftp.netregistry.com.au /images relrekin_120x160.jpg
2006.05.17 17:06 B E:\Virtual Sites\E\events4singles\images\restaurantslogo.gif <-- ftp.netregistry.com.au /images restaurantslogo.gif
2006.05.17 17:06 B E:\Virtual Sites\E\events4singles\images\rhythmboat120x50.jpg <-- ftp.netregistry.com.au /images rhythmboat120x50.jpg
2006.05.17 17:06 B E:\Virtual Sites\E\events4singles\images\rhythmboatCruises.jpg <-- ftp.netregistry.com.au /images rhythmboatCruises.jpg
2006.05.17 17:06 B E:\Virtual Sites\E\events4singles\images\Rigby's.jpg <-- ftp.netregistry.com.au /images Rigby's.jpg
2006.05.17 17:06 B E:\Virtual Sites\E\events4singles\images\rio_134x90.jpg <-- ftp.netregistry.com.au /images rio_134x90.jpg
2006.05.17 17:06 B E:\Virtual Sites\E\events4singles\images\riorhythmics_165x87.gif <-- ftp.netregistry.com.au /images riorhythmics_165x87.gif
2006.05.17 17:06 B E:\Virtual Sites\E\events4singles\images\riorhythmics_165x88.gif <-- ftp.netregistry.com.au /images riorhythmics_165x88.gif
2006.05.17 17:06 B E:\Virtual Sites\E\events4singles\images\risque_165x81.gif <-- ftp.netregistry.com.au /images risque_165x81.gif
2006.05.17 17:06 B E:\Virtual Sites\E\events4singles\images\rivercity_165x95.jpg <-- ftp.netregistry.com.au /images rivercity_165x95.jpg
2006.05.17 17:06 B E:\Virtual Sites\E\events4singles\images\rivierasingles.gif <-- ftp.netregistry.com.au /images rivierasingles.gif
2006.05.17 17:06 B E:\Virtual Sites\E\events4singles\images\rivierasingles_170x75.jpg <-- ftp.netregistry.com.au /images rivierasingles_170x75.jpg
2006.05.17 17:06 B E:\Virtual Sites\E\events4singles\images\rl-sem-bnr.jpg <-- ftp.netregistry.com.au /images rl-sem-bnr.jpg
2006.05.17 17:06 B E:\Virtual Sites\E\events4singles\images\rockinghamcruises_121x100.gif <-- ftp.netregistry.com.au /images rockinghamcruises_121x100.gif
2006.05.17 17:06 B E:\Virtual Sites\E\events4singles\images\rockpt_160x89.gif <-- ftp.netregistry.com.au /images rockpt_160x89.gif
2006.05.17 17:06 B E:\Virtual Sites\E\events4singles\images\rocks-a.gif <-- ftp.netregistry.com.au /images rocks-a.gif
2006.05.17 17:06 B E:\Virtual Sites\E\events4singles\images\rosesonlylogo.gif <-- ftp.netregistry.com.au /images rosesonlylogo.gif
2006.05.17 17:06 B E:\Virtual Sites\E\events4singles\images\Rothvale165x60.gif <-- ftp.netregistry.com.au /images Rothvale165x60.gif
2006.05.17 17:06 B E:\Virtual Sites\E\events4singles\images\roundtable6.gif <-- ftp.netregistry.com.au /images roundtable6.gif
2006.05.17 17:06 B E:\Virtual Sites\E\events4singles\images\rsvp--72x200x97.gif <-- ftp.netregistry.com.au /images rsvp--72x200x97.gif
2006.05.17 17:06 B E:\Virtual Sites\E\events4singles\images\RSVP-72x130x70.gif <-- ftp.netregistry.com.au /images RSVP-72x130x70.gif
2006.05.17 17:07 B E:\Virtual Sites\E\events4singles\images\RSVP.gif <-- ftp.netregistry.com.au /images RSVP.gif
2006.05.17 17:07 B E:\Virtual Sites\E\events4singles\images\RSVP70x70.gif <-- ftp.netregistry.com.au /images RSVP70x70.gif
2006.05.17 17:07 B E:\Virtual Sites\E\events4singles\images\rsvp_120x40.gif <-- ftp.netregistry.com.au /images rsvp_120x40.gif
2006.05.17 17:07 B E:\Virtual Sites\E\events4singles\images\RSVP_120x70.gif <-- ftp.netregistry.com.au /images RSVP_120x70.gif
2006.05.17 17:07 B E:\Virtual Sites\E\events4singles\images\rsvpLARGE.gif <-- ftp.netregistry.com.au /images rsvpLARGE.gif
2006.05.17 17:07 B E:\Virtual Sites\E\events4singles\images\RSVPold-130x70.gif <-- ftp.netregistry.com.au /images RSVPold-130x70.gif
2006.05.17 17:07 B E:\Virtual Sites\E\events4singles\images\RSVPold-72x130x70.gif <-- ftp.netregistry.com.au /images RSVPold-72x130x70.gif
2006.05.17 17:07 B E:\Virtual Sites\E\events4singles\images\rt6_130x80.gif <-- ftp.netregistry.com.au /images rt6_130x80.gif
2006.05.17 17:07 B E:\Virtual Sites\E\events4singles\images\rt6_236x55.jpg <-- ftp.netregistry.com.au /images rt6_236x55.jpg
2006.05.17 17:07 B E:\Virtual Sites\E\events4singles\images\ruedismo_160x100.gif <-- ftp.netregistry.com.au /images ruedismo_160x100.gif
2006.05.17 17:07 B E:\Virtual Sites\E\events4singles\images\rumbarclub_165x61.gif <-- ftp.netregistry.com.au /images rumbarclub_165x61.gif
2006.05.17 17:07 B E:\Virtual Sites\E\events4singles\images\rwsbtn.jpg <-- ftp.netregistry.com.au /images rwsbtn.jpg
2006.05.17 17:07 B E:\Virtual Sites\E\events4singles\images\sab-1.gif <-- ftp.netregistry.com.au /images sab-1.gif
2006.05.17 17:07 B E:\Virtual Sites\E\events4singles\images\sab-1.jpg <-- ftp.netregistry.com.au /images sab-1.jpg
2006.05.17 17:07 B E:\Virtual Sites\E\events4singles\images\sab-2.gif <-- ftp.netregistry.com.au /images sab-2.gif
2006.05.17 17:07 B E:\Virtual Sites\E\events4singles\images\sab-3.gif <-- ftp.netregistry.com.au /images sab-3.gif
2006.05.17 17:07 B E:\Virtual Sites\E\events4singles\images\salsacongress2005_330x80.gif <-- ftp.netregistry.com.au /images salsacongress2005_330x80.gif
2006.05.17 17:07 B E:\Virtual Sites\E\events4singles\images\salsapassion_170x84.gif <-- ftp.netregistry.com.au /images salsapassion_170x84.gif
2006.05.17 17:07 B E:\Virtual Sites\E\events4singles\images\salsascene_450.gif <-- ftp.netregistry.com.au /images salsascene_450.gif
2006.05.17 17:07 B E:\Virtual Sites\E\events4singles\images\Sandpiper-Lodge.jpg <-- ftp.netregistry.com.au /images Sandpiper-Lodge.jpg
2006.05.17 17:07 B E:\Virtual Sites\E\events4singles\images\Sandpiper-Lodge_100x100.jpg <-- ftp.netregistry.com.au /images Sandpiper-Lodge_100x100.jpg
2006.05.17 17:07 B E:\Virtual Sites\E\events4singles\images\sandpiper468x60.gif <-- ftp.netregistry.com.au /images sandpiper468x60.gif
2006.05.17 17:07 B E:\Virtual Sites\E\events4singles\images\santainchimney.gif <-- ftp.netregistry.com.au /images santainchimney.gif
2006.05.17 17:07 B E:\Virtual Sites\E\events4singles\images\santainchimney1.gif <-- ftp.netregistry.com.au /images santainchimney1.gif
2006.05.17 17:07 B E:\Virtual Sites\E\events4singles\images\saq_12x314.jpg <-- ftp.netregistry.com.au /images saq_12x314.jpg
2006.05.17 17:07 B E:\Virtual Sites\E\events4singles\images\SAQ_STO_120x80.gif <-- ftp.netregistry.com.au /images SAQ_STO_120x80.gif
2006.05.17 17:07 B E:\Virtual Sites\E\events4singles\images\sc-72x100x50.gif <-- ftp.netregistry.com.au /images sc-72x100x50.gif
2006.05.17 17:07 B E:\Virtual Sites\E\events4singles\images\sc-topa-72x120x60.gif <-- ftp.netregistry.com.au /images sc-topa-72x120x60.gif
2006.05.17 17:07 B E:\Virtual Sites\E\events4singles\images\sc-topa.gif <-- ftp.netregistry.com.au /images sc-topa.gif
2006.05.17 17:07 B E:\Virtual Sites\E\events4singles\images\sc-topb.gif <-- ftp.netregistry.com.au /images sc-topb.gif
2006.05.17 17:07 B E:\Virtual Sites\E\events4singles\images\SCB2.gif <-- ftp.netregistry.com.au /images SCB2.gif
2006.05.17 17:07 B E:\Virtual Sites\E\events4singles\images\SearchWeb143x56.gif <-- ftp.netregistry.com.au /images SearchWeb143x56.gif
2006.05.17 17:07 B E:\Virtual Sites\E\events4singles\images\secret.jpg <-- ftp.netregistry.com.au /images secret.jpg
2006.05.17 17:07 B E:\Virtual Sites\E\events4singles\images\securityinfo.gif <-- ftp.netregistry.com.au /images securityinfo.gif
2006.05.17 17:07 B E:\Virtual Sites\E\events4singles\images\seekingyou468x60[1].gif <-- ftp.netregistry.com.au /images seekingyou468x60[1].gif
2006.05.17 17:07 B E:\Virtual Sites\E\events4singles\images\seekingyou[1].gif <-- ftp.netregistry.com.au /images seekingyou[1].gif
2006.05.17 17:07 B E:\Virtual Sites\E\events4singles\images\seminars-fay-1.jpg <-- ftp.netregistry.com.au /images seminars-fay-1.jpg
2006.05.17 17:07 B E:\Virtual Sites\E\events4singles\images\Sensational.gif <-- ftp.netregistry.com.au /images Sensational.gif
2006.05.17 17:07 B E:\Virtual Sites\E\events4singles\images\Sensational_107x90.gif <-- ftp.netregistry.com.au /images Sensational_107x90.gif
2006.05.17 17:07 B E:\Virtual Sites\E\events4singles\images\sensationallysingle_120x80.gif <-- ftp.netregistry.com.au /images sensationallysingle_120x80.gif
2006.05.17 17:07 B E:\Virtual Sites\E\events4singles\images\sentience_70x100.jpg <-- ftp.netregistry.com.au /images sentience_70x100.jpg
2006.05.17 17:07 B E:\Virtual Sites\E\events4singles\images\sentience_90x120.jpg <-- ftp.netregistry.com.au /images sentience_90x120.jpg
2006.05.17 17:07 B E:\Virtual Sites\E\events4singles\images\seredepity_142x80.jpg <-- ftp.netregistry.com.au /images seredepity_142x80.jpg
2006.05.17 17:07 B E:\Virtual Sites\E\events4singles\images\sexpectations.jpg <-- ftp.netregistry.com.au /images sexpectations.jpg
2006.05.17 17:07 B E:\Virtual Sites\E\events4singles\images\sexyrex.jpg <-- ftp.netregistry.com.au /images sexyrex.jpg
2006.05.17 17:07 B E:\Virtual Sites\E\events4singles\images\Shakedown 2005(2).jpg <-- ftp.netregistry.com.au /images Shakedown 2005(2).jpg
2006.05.17 17:07 B E:\Virtual Sites\E\events4singles\images\shopping120x40_ani.gif <-- ftp.netregistry.com.au /images shopping120x40_ani.gif
2006.05.17 17:07 B E:\Virtual Sites\E\events4singles\images\shoppingbanner.gif <-- ftp.netregistry.com.au /images shoppingbanner.gif
2006.05.17 17:07 B E:\Virtual Sites\E\events4singles\images\simplydrink_180x81.gif <-- ftp.netregistry.com.au /images simplydrink_180x81.gif
2006.05.17 17:07 B E:\Virtual Sites\E\events4singles\images\Simplysolo_banner1.gif <-- ftp.netregistry.com.au /images Simplysolo_banner1.gif
2006.05.17 17:07 B E:\Virtual Sites\E\events4singles\images\single-figures_106x69.jpg <-- ftp.netregistry.com.au /images single-figures_106x69.jpg
2006.05.17 17:07 B E:\Virtual Sites\E\events4singles\images\singleagain_150x99.gif <-- ftp.netregistry.com.au /images singleagain_150x99.gif
2006.05.17 17:07 B E:\Virtual Sites\E\events4singles\images\singleaustralia.jpg <-- ftp.netregistry.com.au /images singleaustralia.jpg
2006.05.17 17:07 B E:\Virtual Sites\E\events4singles\images\singlecrowd_120x59.jpg <-- ftp.netregistry.com.au /images singlecrowd_120x59.jpg
2006.05.17 17:07 B E:\Virtual Sites\E\events4singles\images\singlelife.jpg <-- ftp.netregistry.com.au /images singlelife.jpg
2006.05.17 17:07 B E:\Virtual Sites\E\events4singles\images\singlelife_160x87.jpg <-- ftp.netregistry.com.au /images singlelife_160x87.jpg
2006.05.17 17:07 B E:\Virtual Sites\E\events4singles\images\singles.gif <-- ftp.netregistry.com.au /images singles.gif
2006.05.17 17:07 B E:\Virtual Sites\E\events4singles\images\singles_au_1.gif <-- ftp.netregistry.com.au /images singles_au_1.gif
2006.05.17 17:07 B E:\Virtual Sites\E\events4singles\images\Singles_Health.jpg <-- ftp.netregistry.com.au /images Singles_Health.jpg
2006.05.17 17:07 B E:\Virtual Sites\E\events4singles\images\Singles_News.gif <-- ftp.netregistry.com.au /images Singles_News.gif
2006.05.17 17:07 B E:\Virtual Sites\E\events4singles\images\singlesatcaptainstable.gif <-- ftp.netregistry.com.au /images singlesatcaptainstable.gif
2006.05.17 17:07 B E:\Virtual Sites\E\events4singles\images\singlesatcaptainstable_150x.gif <-- ftp.netregistry.com.au /images singlesatcaptainstable_150x.gif
2006.05.17 17:07 B E:\Virtual Sites\E\events4singles\images\singlesconnect-72x150X92.gif <-- ftp.netregistry.com.au /images singlesconnect-72x150X92.gif
2006.05.17 17:07 B E:\Virtual Sites\E\events4singles\images\singlesconnection-4-72x150X92.gif <-- ftp.netregistry.com.au /images singlesconnection-4-72x150X92.gif
2006.05.17 17:07 B E:\Virtual Sites\E\events4singles\images\singlesconnection-8-72x150X92.gif <-- ftp.netregistry.com.au /images singlesconnection-8-72x150X92.gif
2006.05.17 17:07 B E:\Virtual Sites\E\events4singles\images\singlescrowd_120x107.jpg <-- ftp.netregistry.com.au /images singlescrowd_120x107.jpg
2006.05.17 17:07 B E:\Virtual Sites\E\events4singles\images\singlesCruise_us_200x72.gif <-- ftp.netregistry.com.au /images singlesCruise_us_200x72.gif
2006.05.17 17:07 B E:\Virtual Sites\E\events4singles\images\SinglesDirectory_Logo.jpg <-- ftp.netregistry.com.au /images SinglesDirectory_Logo.jpg
2006.05.17 17:07 B E:\Virtual Sites\E\events4singles\images\SinglesEventsReviewed_)120x.gif <-- ftp.netregistry.com.au /images SinglesEventsReviewed_)120x.gif
2006.05.17 17:07 B E:\Virtual Sites\E\events4singles\images\SinglesEventsReviewed_150x5.gif <-- ftp.netregistry.com.au /images SinglesEventsReviewed_150x5.gif
2006.05.17 17:07 B E:\Virtual Sites\E\events4singles\images\singlesolutions_170x72.jpg <-- ftp.netregistry.com.au /images singlesolutions_170x72.jpg
2006.05.17 17:07 B E:\Virtual Sites\E\events4singles\images\singlesonthegoCOM.jpg <-- ftp.netregistry.com.au /images singlesonthegoCOM.jpg
2006.05.17 17:07 B E:\Virtual Sites\E\events4singles\images\singlesplanet_130x79.gif <-- ftp.netregistry.com.au /images singlesplanet_130x79.gif
2006.05.17 17:07 B E:\Virtual Sites\E\events4singles\images\singlesplanet_150x91.gif <-- ftp.netregistry.com.au /images singlesplanet_150x91.gif
2006.05.17 17:07 B E:\Virtual Sites\E\events4singles\images\singlesplanet_165x100.gif <-- ftp.netregistry.com.au /images singlesplanet_165x100.gif
2006.05.17 17:07 B E:\Virtual Sites\E\events4singles\images\singlesWhoClick120x80.gif <-- ftp.netregistry.com.au /images singlesWhoClick120x80.gif
2006.05.17 17:07 B E:\Virtual Sites\E\events4singles\images\SIRROMET-sml.gif <-- ftp.netregistry.com.au /images SIRROMET-sml.gif
2006.05.17 17:07 B E:\Virtual Sites\E\events4singles\images\sirromet_120x50.gif <-- ftp.netregistry.com.au /images sirromet_120x50.gif
2006.05.17 17:07 B E:\Virtual Sites\E\events4singles\images\sixforsupper_80x140.gif <-- ftp.netregistry.com.au /images sixforsupper_80x140.gif
2006.05.17 17:07 B E:\Virtual Sites\E\events4singles\images\sixincity.gif <-- ftp.netregistry.com.au /images sixincity.gif
2006.05.17 17:07 B E:\Virtual Sites\E\events4singles\images\sixinthecity.gif <-- ftp.netregistry.com.au /images sixinthecity.gif
2006.05.17 17:07 B E:\Virtual Sites\E\events4singles\images\sixinthecity1.gif <-- ftp.netregistry.com.au /images sixinthecity1.gif
2006.05.17 17:07 B E:\Virtual Sites\E\events4singles\images\sixinthecity2.gif <-- ftp.netregistry.com.au /images sixinthecity2.gif
2006.05.17 17:07 B E:\Virtual Sites\E\events4singles\images\sixinthecity2_120x50.gif <-- ftp.netregistry.com.au /images sixinthecity2_120x50.gif
2006.05.17 17:07 B E:\Virtual Sites\E\events4singles\images\sixinthecity_120x67.gif <-- ftp.netregistry.com.au /images sixinthecity_120x67.gif
2006.05.17 17:07 B E:\Virtual Sites\E\events4singles\images\sixinthecity_131x150.gif <-- ftp.netregistry.com.au /images sixinthecity_131x150.gif
2006.05.17 17:07 B E:\Virtual Sites\E\events4singles\images\sixinthecity_155x177.gif <-- ftp.netregistry.com.au /images sixinthecity_155x177.gif
2006.05.17 17:07 B E:\Virtual Sites\E\events4singles\images\sixinthecity_157x87.gif <-- ftp.netregistry.com.au /images sixinthecity_157x87.gif
2006.05.17 17:07 B E:\Virtual Sites\E\events4singles\images\sixinthecity_167x95.gif <-- ftp.netregistry.com.au /images sixinthecity_167x95.gif
2006.05.17 17:07 B E:\Virtual Sites\E\events4singles\images\Skywalk-150x108.jpg <-- ftp.netregistry.com.au /images Skywalk-150x108.jpg
2006.05.17 17:07 B E:\Virtual Sites\E\events4singles\images\sleepingbag.jpg <-- ftp.netregistry.com.au /images sleepingbag.jpg
2006.05.17 17:07 B E:\Virtual Sites\E\events4singles\images\sm-orb-br.jpg <-- ftp.netregistry.com.au /images sm-orb-br.jpg
2006.05.17 17:07 B E:\Virtual Sites\E\events4singles\images\sm-orb-op-1.jpg <-- ftp.netregistry.com.au /images sm-orb-op-1.jpg
2006.05.17 17:07 B E:\Virtual Sites\E\events4singles\images\sm-orb-quay.jpg <-- ftp.netregistry.com.au /images sm-orb-quay.jpg
2006.05.17 17:07 B E:\Virtual Sites\E\events4singles\images\social-calender_170x37.jpg <-- ftp.netregistry.com.au /images social-calender_170x37.jpg
2006.05.17 17:07 B E:\Virtual Sites\E\events4singles\images\social8_70x107.gif <-- ftp.netregistry.com.au /images social8_70x107.gif
2006.05.17 17:07 B E:\Virtual Sites\E\events4singles\images\social_clubs1.gif <-- ftp.netregistry.com.au /images social_clubs1.gif
2006.05.17 17:07 B E:\Virtual Sites\E\events4singles\images\social_clubs1.js <-- ftp.netregistry.com.au /images social_clubs1.js
2006.05.17 17:07 B E:\Virtual Sites\E\events4singles\images\social_clubs1_b1.gif <-- ftp.netregistry.com.au /images social_clubs1_b1.gif
2006.05.17 17:07 B E:\Virtual Sites\E\events4singles\images\social_clubs1_b1_over.gif <-- ftp.netregistry.com.au /images social_clubs1_b1_over.gif
2006.05.17 17:07 B E:\Virtual Sites\E\events4singles\images\social_clubs1_b2.gif <-- ftp.netregistry.com.au /images social_clubs1_b2.gif
2006.05.17 17:07 B E:\Virtual Sites\E\events4singles\images\social_clubs1_b2_over.gif <-- ftp.netregistry.com.au /images social_clubs1_b2_over.gif
2006.05.17 17:07 B E:\Virtual Sites\E\events4singles\images\social_clubs1_b3.gif <-- ftp.netregistry.com.au /images social_clubs1_b3.gif
2006.05.17 17:07 B E:\Virtual Sites\E\events4singles\images\social_clubs1_b3_over.gif <-- ftp.netregistry.com.au /images social_clubs1_b3_over.gif
2006.05.17 17:07 B E:\Virtual Sites\E\events4singles\images\social_clubs1_b4.gif <-- ftp.netregistry.com.au /images social_clubs1_b4.gif
2006.05.17 17:07 B E:\Virtual Sites\E\events4singles\images\social_clubs1_b4_over.gif <-- ftp.netregistry.com.au /images social_clubs1_b4_over.gif
2006.05.17 17:07 B E:\Virtual Sites\E\events4singles\images\social_clubs1_b5.gif <-- ftp.netregistry.com.au /images social_clubs1_b5.gif
2006.05.17 17:07 B E:\Virtual Sites\E\events4singles\images\social_clubs1_b5_over.gif <-- ftp.netregistry.com.au /images social_clubs1_b5_over.gif
2006.05.17 17:07 B E:\Virtual Sites\E\events4singles\images\social_clubs1_b6.gif <-- ftp.netregistry.com.au /images social_clubs1_b6.gif
2006.05.17 17:07 B E:\Virtual Sites\E\events4singles\images\social_clubs1_b6_over.gif <-- ftp.netregistry.com.au /images social_clubs1_b6_over.gif
2006.05.17 17:07 B E:\Virtual Sites\E\events4singles\images\social_clubs1_b7.gif <-- ftp.netregistry.com.au /images social_clubs1_b7.gif
2006.05.17 17:07 B E:\Virtual Sites\E\events4singles\images\social_clubs1_b7_over.gif <-- ftp.netregistry.com.au /images social_clubs1_b7_over.gif
2006.05.17 17:07 B E:\Virtual Sites\E\events4singles\images\social_clubs1_b8.gif <-- ftp.netregistry.com.au /images social_clubs1_b8.gif
2006.05.17 17:07 B E:\Virtual Sites\E\events4singles\images\social_clubs1_b8_over.gif <-- ftp.netregistry.com.au /images social_clubs1_b8_over.gif
2006.05.17 17:07 B E:\Virtual Sites\E\events4singles\images\social_clubs1_left.gif <-- ftp.netregistry.com.au /images social_clubs1_left.gif
2006.05.17 17:07 B E:\Virtual Sites\E\events4singles\images\social_clubs1_right.gif <-- ftp.netregistry.com.au /images social_clubs1_right.gif
2006.05.17 17:07 B E:\Virtual Sites\E\events4singles\images\social_clubs_syd.htm <-- ftp.netregistry.com.au /images social_clubs_syd.htm
2006.05.17 17:07 B E:\Virtual Sites\E\events4singles\images\socialconnections.gif <-- ftp.netregistry.com.au /images socialconnections.gif
2006.05.17 17:07 B E:\Virtual Sites\E\events4singles\images\sociallife_120x53.jpg <-- ftp.netregistry.com.au /images sociallife_120x53.jpg
2006.05.17 17:07 B E:\Virtual Sites\E\events4singles\images\sociallife_120x70.jpg <-- ftp.netregistry.com.au /images sociallife_120x70.jpg
2006.05.17 17:07 B E:\Virtual Sites\E\events4singles\images\sociallife_120x80.jpg <-- ftp.netregistry.com.au /images sociallife_120x80.jpg
2006.05.17 17:07 B E:\Virtual Sites\E\events4singles\images\sojourntravel_170x66.gif <-- ftp.netregistry.com.au /images sojourntravel_170x66.gif
2006.05.17 17:07 B E:\Virtual Sites\E\events4singles\images\solotraveller_01.gif <-- ftp.netregistry.com.au /images solotraveller_01.gif
2006.05.17 17:07 B E:\Virtual Sites\E\events4singles\images\solotraveller_02.gif <-- ftp.netregistry.com.au /images solotraveller_02.gif
2006.05.17 17:07 B E:\Virtual Sites\E\events4singles\images\solotraveller_160x87.html <-- ftp.netregistry.com.au /images solotraveller_160x87.html
2006.05.17 17:07 B E:\Virtual Sites\E\events4singles\images\solotraveller_160x87_01.gif <-- ftp.netregistry.com.au /images solotraveller_160x87_01.gif
2006.05.17 17:07 B E:\Virtual Sites\E\events4singles\images\solotraveller_160x87_02.gif <-- ftp.netregistry.com.au /images solotraveller_160x87_02.gif
2006.05.17 17:07 B E:\Virtual Sites\E\events4singles\images\solutions_150x88.jpg <-- ftp.netregistry.com.au /images solutions_150x88.jpg
2006.05.17 17:07 B E:\Virtual Sites\E\events4singles\images\solutions_160x88.jpg <-- ftp.netregistry.com.au /images solutions_160x88.jpg
2006.05.17 17:07 B E:\Virtual Sites\E\events4singles\images\sou_120x89.gif <-- ftp.netregistry.com.au /images sou_120x89.gif
2006.05.17 17:07 B E:\Virtual Sites\E\events4singles\images\soul-mates-72x120x80.jpg <-- ftp.netregistry.com.au /images soul-mates-72x120x80.jpg
2006.05.17 17:07 B E:\Virtual Sites\E\events4singles\images\soul-mates.jpg <-- ftp.netregistry.com.au /images soul-mates.jpg
2006.05.17 17:07 B E:\Virtual Sites\E\events4singles\images\southernexposure.jpg <-- ftp.netregistry.com.au /images southernexposure.jpg
2006.05.17 17:07 B E:\Virtual Sites\E\events4singles\images\space_165x85.jpg <-- ftp.netregistry.com.au /images space_165x85.jpg
2006.05.17 17:07 B E:\Virtual Sites\E\events4singles\images\spacer.gif <-- ftp.netregistry.com.au /images spacer.gif
2006.05.17 17:07 B E:\Virtual Sites\E\events4singles\images\speciality_pages.gif <-- ftp.netregistry.com.au /images speciality_pages.gif
2006.05.17 17:07 B E:\Virtual Sites\E\events4singles\images\speciality_pages.js <-- ftp.netregistry.com.au /images speciality_pages.js
2006.05.17 17:07 B E:\Virtual Sites\E\events4singles\images\speciality_pages_b1.gif <-- ftp.netregistry.com.au /images speciality_pages_b1.gif
2006.05.17 17:07 B E:\Virtual Sites\E\events4singles\images\speciality_pages_b10.gif <-- ftp.netregistry.com.au /images speciality_pages_b10.gif
2006.05.17 17:07 B E:\Virtual Sites\E\events4singles\images\speciality_pages_b10_over.gif <-- ftp.netregistry.com.au /images speciality_pages_b10_over.gif
2006.05.17 17:07 B E:\Virtual Sites\E\events4singles\images\speciality_pages_b11.gif <-- ftp.netregistry.com.au /images speciality_pages_b11.gif
2006.05.17 17:07 B E:\Virtual Sites\E\events4singles\images\speciality_pages_b11_over.gif <-- ftp.netregistry.com.au /images speciality_pages_b11_over.gif
2006.05.17 17:07 B E:\Virtual Sites\E\events4singles\images\speciality_pages_b12.gif <-- ftp.netregistry.com.au /images speciality_pages_b12.gif
2006.05.17 17:07 B E:\Virtual Sites\E\events4singles\images\speciality_pages_b12_over.gif <-- ftp.netregistry.com.au /images speciality_pages_b12_over.gif
2006.05.17 17:07 B E:\Virtual Sites\E\events4singles\images\speciality_pages_b13.gif <-- ftp.netregistry.com.au /images speciality_pages_b13.gif
2006.05.17 17:07 B E:\Virtual Sites\E\events4singles\images\speciality_pages_b13_over.gif <-- ftp.netregistry.com.au /images speciality_pages_b13_over.gif
2006.05.17 17:07 B E:\Virtual Sites\E\events4singles\images\speciality_pages_b14.gif <-- ftp.netregistry.com.au /images speciality_pages_b14.gif
2006.05.17 17:07 B E:\Virtual Sites\E\events4singles\images\speciality_pages_b14_over.gif <-- ftp.netregistry.com.au /images speciality_pages_b14_over.gif
2006.05.17 17:07 B E:\Virtual Sites\E\events4singles\images\speciality_pages_b15.gif <-- ftp.netregistry.com.au /images speciality_pages_b15.gif
2006.05.17 17:07 B E:\Virtual Sites\E\events4singles\images\speciality_pages_b15_over.gif <-- ftp.netregistry.com.au /images speciality_pages_b15_over.gif
2006.05.17 17:07 B E:\Virtual Sites\E\events4singles\images\speciality_pages_b16.gif <-- ftp.netregistry.com.au /images speciality_pages_b16.gif
2006.05.17 17:07 B E:\Virtual Sites\E\events4singles\images\speciality_pages_b16_over.gif <-- ftp.netregistry.com.au /images speciality_pages_b16_over.gif
2006.05.17 17:07 B E:\Virtual Sites\E\events4singles\images\speciality_pages_b17.gif <-- ftp.netregistry.com.au /images speciality_pages_b17.gif
2006.05.17 17:07 B E:\Virtual Sites\E\events4singles\images\speciality_pages_b17_over.gif <-- ftp.netregistry.com.au /images speciality_pages_b17_over.gif
2006.05.17 17:07 B E:\Virtual Sites\E\events4singles\images\speciality_pages_b18.gif <-- ftp.netregistry.com.au /images speciality_pages_b18.gif
2006.05.17 17:07 B E:\Virtual Sites\E\events4singles\images\speciality_pages_b18_over.gif <-- ftp.netregistry.com.au /images speciality_pages_b18_over.gif
2006.05.17 17:07 B E:\Virtual Sites\E\events4singles\images\speciality_pages_b19.gif <-- ftp.netregistry.com.au /images speciality_pages_b19.gif
2006.05.17 17:07 B E:\Virtual Sites\E\events4singles\images\speciality_pages_b19_over.gif <-- ftp.netregistry.com.au /images speciality_pages_b19_over.gif
2006.05.17 17:07 B E:\Virtual Sites\E\events4singles\images\speciality_pages_b1_over.gif <-- ftp.netregistry.com.au /images speciality_pages_b1_over.gif
2006.05.17 17:07 B E:\Virtual Sites\E\events4singles\images\speciality_pages_b2.gif <-- ftp.netregistry.com.au /images speciality_pages_b2.gif
2006.05.17 17:07 B E:\Virtual Sites\E\events4singles\images\speciality_pages_b20.gif <-- ftp.netregistry.com.au /images speciality_pages_b20.gif
2006.05.17 17:07 B E:\Virtual Sites\E\events4singles\images\speciality_pages_b20_over.gif <-- ftp.netregistry.com.au /images speciality_pages_b20_over.gif
2006.05.17 17:07 B E:\Virtual Sites\E\events4singles\images\speciality_pages_b21.gif <-- ftp.netregistry.com.au /images speciality_pages_b21.gif
2006.05.17 17:07 B E:\Virtual Sites\E\events4singles\images\speciality_pages_b21_over.gif <-- ftp.netregistry.com.au /images speciality_pages_b21_over.gif
2006.05.17 17:07 B E:\Virtual Sites\E\events4singles\images\speciality_pages_b22.gif <-- ftp.netregistry.com.au /images speciality_pages_b22.gif
2006.05.17 17:07 B E:\Virtual Sites\E\events4singles\images\speciality_pages_b22_over.gif <-- ftp.netregistry.com.au /images speciality_pages_b22_over.gif
2006.05.17 17:07 B E:\Virtual Sites\E\events4singles\images\speciality_pages_b23.gif <-- ftp.netregistry.com.au /images speciality_pages_b23.gif
2006.05.17 17:07 B E:\Virtual Sites\E\events4singles\images\speciality_pages_b23_over.gif <-- ftp.netregistry.com.au /images speciality_pages_b23_over.gif
2006.05.17 17:07 B E:\Virtual Sites\E\events4singles\images\speciality_pages_b24.gif <-- ftp.netregistry.com.au /images speciality_pages_b24.gif
2006.05.17 17:07 B E:\Virtual Sites\E\events4singles\images\speciality_pages_b24_over.gif <-- ftp.netregistry.com.au /images speciality_pages_b24_over.gif
2006.05.17 17:07 B E:\Virtual Sites\E\events4singles\images\speciality_pages_b25.gif <-- ftp.netregistry.com.au /images speciality_pages_b25.gif
2006.05.17 17:07 B E:\Virtual Sites\E\events4singles\images\speciality_pages_b25_over.gif <-- ftp.netregistry.com.au /images speciality_pages_b25_over.gif
2006.05.17 17:07 B E:\Virtual Sites\E\events4singles\images\speciality_pages_b26.gif <-- ftp.netregistry.com.au /images speciality_pages_b26.gif
2006.05.17 17:07 B E:\Virtual Sites\E\events4singles\images\speciality_pages_b26_over.gif <-- ftp.netregistry.com.au /images speciality_pages_b26_over.gif
2006.05.17 17:07 B E:\Virtual Sites\E\events4singles\images\speciality_pages_b27.gif <-- ftp.netregistry.com.au /images speciality_pages_b27.gif
2006.05.17 17:07 B E:\Virtual Sites\E\events4singles\images\speciality_pages_b27_over.gif <-- ftp.netregistry.com.au /images speciality_pages_b27_over.gif
2006.05.17 17:07 B E:\Virtual Sites\E\events4singles\images\speciality_pages_b28.gif <-- ftp.netregistry.com.au /images speciality_pages_b28.gif
2006.05.17 17:07 B E:\Virtual Sites\E\events4singles\images\speciality_pages_b28_over.gif <-- ftp.netregistry.com.au /images speciality_pages_b28_over.gif
2006.05.17 17:07 B E:\Virtual Sites\E\events4singles\images\speciality_pages_b29.gif <-- ftp.netregistry.com.au /images speciality_pages_b29.gif
2006.05.17 17:07 B E:\Virtual Sites\E\events4singles\images\speciality_pages_b29_over.gif <-- ftp.netregistry.com.au /images speciality_pages_b29_over.gif
2006.05.17 17:07 B E:\Virtual Sites\E\events4singles\images\speciality_pages_b2_over.gif <-- ftp.netregistry.com.au /images speciality_pages_b2_over.gif
2006.05.17 17:07 B E:\Virtual Sites\E\events4singles\images\speciality_pages_b3.gif <-- ftp.netregistry.com.au /images speciality_pages_b3.gif
2006.05.17 17:07 B E:\Virtual Sites\E\events4singles\images\speciality_pages_b30.gif <-- ftp.netregistry.com.au /images speciality_pages_b30.gif
2006.05.17 17:07 B E:\Virtual Sites\E\events4singles\images\speciality_pages_b30_over.gif <-- ftp.netregistry.com.au /images speciality_pages_b30_over.gif
2006.05.17 17:07 B E:\Virtual Sites\E\events4singles\images\speciality_pages_b31.gif <-- ftp.netregistry.com.au /images speciality_pages_b31.gif
2006.05.17 17:07 B E:\Virtual Sites\E\events4singles\images\speciality_pages_b31_over.gif <-- ftp.netregistry.com.au /images speciality_pages_b31_over.gif
2006.05.17 17:07 B E:\Virtual Sites\E\events4singles\images\speciality_pages_b32.gif <-- ftp.netregistry.com.au /images speciality_pages_b32.gif
2006.05.17 17:07 B E:\Virtual Sites\E\events4singles\images\speciality_pages_b32_over.gif <-- ftp.netregistry.com.au /images speciality_pages_b32_over.gif
2006.05.17 17:07 B E:\Virtual Sites\E\events4singles\images\speciality_pages_b33.gif <-- ftp.netregistry.com.au /images speciality_pages_b33.gif
2006.05.17 17:07 B E:\Virtual Sites\E\events4singles\images\speciality_pages_b33_over.gif <-- ftp.netregistry.com.au /images speciality_pages_b33_over.gif
2006.05.17 17:07 B E:\Virtual Sites\E\events4singles\images\speciality_pages_b3_over.gif <-- ftp.netregistry.com.au /images speciality_pages_b3_over.gif
2006.05.17 17:07 B E:\Virtual Sites\E\events4singles\images\speciality_pages_b4.gif <-- ftp.netregistry.com.au /images speciality_pages_b4.gif
2006.05.17 17:07 B E:\Virtual Sites\E\events4singles\images\speciality_pages_b4_over.gif <-- ftp.netregistry.com.au /images speciality_pages_b4_over.gif
2006.05.17 17:07 B E:\Virtual Sites\E\events4singles\images\speciality_pages_b5.gif <-- ftp.netregistry.com.au /images speciality_pages_b5.gif
2006.05.17 17:07 B E:\Virtual Sites\E\events4singles\images\speciality_pages_b5_over.gif <-- ftp.netregistry.com.au /images speciality_pages_b5_over.gif
2006.05.17 17:07 B E:\Virtual Sites\E\events4singles\images\speciality_pages_b6.gif <-- ftp.netregistry.com.au /images speciality_pages_b6.gif
2006.05.17 17:07 B E:\Virtual Sites\E\events4singles\images\speciality_pages_b6_over.gif <-- ftp.netregistry.com.au /images speciality_pages_b6_over.gif
2006.05.17 17:07 B E:\Virtual Sites\E\events4singles\images\speciality_pages_b7.gif <-- ftp.netregistry.com.au /images speciality_pages_b7.gif
2006.05.17 17:07 B E:\Virtual Sites\E\events4singles\images\speciality_pages_b7_over.gif <-- ftp.netregistry.com.au /images speciality_pages_b7_over.gif
2006.05.17 17:07 B E:\Virtual Sites\E\events4singles\images\speciality_pages_b8.gif <-- ftp.netregistry.com.au /images speciality_pages_b8.gif
2006.05.17 17:07 B E:\Virtual Sites\E\events4singles\images\speciality_pages_b8_over.gif <-- ftp.netregistry.com.au /images speciality_pages_b8_over.gif
2006.05.17 17:07 B E:\Virtual Sites\E\events4singles\images\speciality_pages_b9.gif <-- ftp.netregistry.com.au /images speciality_pages_b9.gif
2006.05.17 17:07 B E:\Virtual Sites\E\events4singles\images\speciality_pages_b9_over.gif <-- ftp.netregistry.com.au /images speciality_pages_b9_over.gif
2006.05.17 17:07 B E:\Virtual Sites\E\events4singles\images\speciality_pages_l.gif <-- ftp.netregistry.com.au /images speciality_pages_l.gif
2006.05.17 17:07 B E:\Virtual Sites\E\events4singles\images\speciality_pages_l2.gif <-- ftp.netregistry.com.au /images speciality_pages_l2.gif
2006.05.17 17:07 B E:\Virtual Sites\E\events4singles\images\speed-btn.gif <-- ftp.netregistry.com.au /images speed-btn.gif
2006.05.17 17:07 B E:\Virtual Sites\E\events4singles\images\speed-date-banner-add-_468x.gif <-- ftp.netregistry.com.au /images speed-date-banner-add-_468x.gif
2006.05.17 17:07 B E:\Virtual Sites\E\events4singles\images\speed-date-banner_2.gif <-- ftp.netregistry.com.au /images speed-date-banner_2.gif
2006.05.17 17:07 B E:\Virtual Sites\E\events4singles\images\speed_daters.jpg <-- ftp.netregistry.com.au /images speed_daters.jpg
2006.05.17 17:07 B E:\Virtual Sites\E\events4singles\images\Speed_Dating.gif <-- ftp.netregistry.com.au /images Speed_Dating.gif
2006.05.17 17:07 B E:\Virtual Sites\E\events4singles\images\speed_dating_logo2.gif <-- ftp.netregistry.com.au /images speed_dating_logo2.gif
2006.05.17 17:07 B E:\Virtual Sites\E\events4singles\images\speedcomp.gif <-- ftp.netregistry.com.au /images speedcomp.gif
2006.05.17 17:07 B E:\Virtual Sites\E\events4singles\images\speeddater-72x120x55.jpg <-- ftp.netregistry.com.au /images speeddater-72x120x55.jpg
2006.05.17 17:07 B E:\Virtual Sites\E\events4singles\images\speeddater-72x120x80.gif <-- ftp.netregistry.com.au /images speeddater-72x120x80.gif
2006.05.17 17:07 B E:\Virtual Sites\E\events4singles\images\speeddater-72x219x53.jpg <-- ftp.netregistry.com.au /images speeddater-72x219x53.jpg
2006.05.17 17:08 B E:\Virtual Sites\E\events4singles\images\speeddater-72x292x70.jpg <-- ftp.netregistry.com.au /images speeddater-72x292x70.jpg
2006.05.17 17:08 B E:\Virtual Sites\E\events4singles\images\speeddater-72x90x41.jpg <-- ftp.netregistry.com.au /images speeddater-72x90x41.jpg
2006.05.17 17:08 B E:\Virtual Sites\E\events4singles\images\speeddater_120x50.gif <-- ftp.netregistry.com.au /images speeddater_120x50.gif
2006.05.17 17:08 B E:\Virtual Sites\E\events4singles\images\speeddater_120x80.gif <-- ftp.netregistry.com.au /images speeddater_120x80.gif
2006.05.17 17:08 B E:\Virtual Sites\E\events4singles\images\speeddating_150x55.jpg <-- ftp.netregistry.com.au /images speeddating_150x55.jpg
2006.05.17 17:08 B E:\Virtual Sites\E\events4singles\images\SPFA_160x71.jpg <-- ftp.netregistry.com.au /images SPFA_160x71.jpg
2006.05.17 17:08 B E:\Virtual Sites\E\events4singles\images\SPFA_160x72.jpg <-- ftp.netregistry.com.au /images SPFA_160x72.jpg
2006.05.17 17:08 B E:\Virtual Sites\E\events4singles\images\SPFA_170x76.jpg <-- ftp.netregistry.com.au /images SPFA_170x76.jpg
2006.05.17 17:08 B E:\Virtual Sites\E\events4singles\images\spinCity165x50.gif <-- ftp.netregistry.com.au /images spinCity165x50.gif
2006.05.17 17:08 B E:\Virtual Sites\E\events4singles\images\spiritfriends.gif <-- ftp.netregistry.com.au /images spiritfriends.gif
2006.05.17 17:08 B E:\Virtual Sites\E\events4singles\images\spiritsafaris.jpg <-- ftp.netregistry.com.au /images spiritsafaris.jpg
2006.05.17 17:08 B E:\Virtual Sites\E\events4singles\images\sport_1.gif <-- ftp.netregistry.com.au /images sport_1.gif
2006.05.17 17:08 B E:\Virtual Sites\E\events4singles\images\sport_gym.jpg <-- ftp.netregistry.com.au /images sport_gym.jpg
2006.05.17 17:08 B E:\Virtual Sites\E\events4singles\images\sport_racquet.jpg <-- ftp.netregistry.com.au /images sport_racquet.jpg
2006.05.17 17:08 B E:\Virtual Sites\E\events4singles\images\sport_shoes.jpg <-- ftp.netregistry.com.au /images sport_shoes.jpg
2006.05.17 17:08 B E:\Virtual Sites\E\events4singles\images\sportsonlinelogo.gif <-- ftp.netregistry.com.au /images sportsonlinelogo.gif
2006.05.17 17:08 B E:\Virtual Sites\E\events4singles\images\ssan-ban_1.gif <-- ftp.netregistry.com.au /images ssan-ban_1.gif
2006.05.17 17:08 B E:\Virtual Sites\E\events4singles\images\ssban100x50.gif <-- ftp.netregistry.com.au /images ssban100x50.gif
2006.05.17 17:08 B E:\Virtual Sites\E\events4singles\images\ssban120x60.gif <-- ftp.netregistry.com.au /images ssban120x60.gif
2006.05.17 17:08 B E:\Virtual Sites\E\events4singles\images\ssbanner2.gif <-- ftp.netregistry.com.au /images ssbanner2.gif
2006.05.17 17:08 B E:\Virtual Sites\E\events4singles\images\statsperday.gif <-- ftp.netregistry.com.au /images statsperday.gif
2006.05.17 17:08 B E:\Virtual Sites\E\events4singles\images\statspermonth.gif <-- ftp.netregistry.com.au /images statspermonth.gif
2006.05.17 17:08 B E:\Virtual Sites\E\events4singles\images\stayinbedbanner_468x60.jpg <-- ftp.netregistry.com.au /images stayinbedbanner_468x60.jpg
2006.05.17 17:08 B E:\Virtual Sites\E\events4singles\images\stepingOut.gif <-- ftp.netregistry.com.au /images stepingOut.gif
2006.05.17 17:08 B E:\Virtual Sites\E\events4singles\images\stepingout_120x50.gif <-- ftp.netregistry.com.au /images stepingout_120x50.gif
2006.05.17 17:08 B E:\Virtual Sites\E\events4singles\images\stepingout_123x50.gif <-- ftp.netregistry.com.au /images stepingout_123x50.gif
2006.05.17 17:08 B E:\Virtual Sites\E\events4singles\images\stepingOutOLD.gif <-- ftp.netregistry.com.au /images stepingOutOLD.gif
2006.05.17 17:08 B E:\Virtual Sites\E\events4singles\images\steppingout-72x120x50.gif <-- ftp.netregistry.com.au /images steppingout-72x120x50.gif
2006.05.17 17:08 B E:\Virtual Sites\E\events4singles\images\steppingout.gif <-- ftp.netregistry.com.au /images steppingout.gif
2006.05.17 17:08 B E:\Virtual Sites\E\events4singles\images\steppingoutsingles-72x120x50.jpg <-- ftp.netregistry.com.au /images steppingoutsingles-72x120x50.jpg
2006.05.17 17:08 B E:\Virtual Sites\E\events4singles\images\stop.gif <-- ftp.netregistry.com.au /images stop.gif
2006.05.17 17:08 B E:\Virtual Sites\E\events4singles\images\straddiepub.gif <-- ftp.netregistry.com.au /images straddiepub.gif
2006.05.17 17:08 B E:\Virtual Sites\E\events4singles\images\streetbeat_160x80.jpg <-- ftp.netregistry.com.au /images streetbeat_160x80.jpg
2006.05.17 17:08 B E:\Virtual Sites\E\events4singles\images\stuartmt.gif <-- ftp.netregistry.com.au /images stuartmt.gif
2006.05.17 17:08 B E:\Virtual Sites\E\events4singles\images\StuartRangeEstates121x80.gif <-- ftp.netregistry.com.au /images StuartRangeEstates121x80.gif
2006.05.17 17:08 B E:\Virtual Sites\E\events4singles\images\Studio-54-on-black.jpg <-- ftp.netregistry.com.au /images Studio-54-on-black.jpg
2006.05.17 17:08 B E:\Virtual Sites\E\events4singles\images\style.css <-- ftp.netregistry.com.au /images style.css
2006.05.17 17:08 B E:\Virtual Sites\E\events4singles\images\styles.css <-- ftp.netregistry.com.au /images styles.css
2006.05.17 17:08 B E:\Virtual Sites\E\events4singles\images\submit.gif <-- ftp.netregistry.com.au /images submit.gif
2006.05.17 17:08 B E:\Virtual Sites\E\events4singles\images\successandyou.jpg <-- ftp.netregistry.com.au /images successandyou.jpg
2006.05.17 17:08 B E:\Virtual Sites\E\events4singles\images\sunshinecoastsingles_170x81.jpg <-- ftp.netregistry.com.au /images sunshinecoastsingles_170x81.jpg
2006.05.17 17:08 B E:\Virtual Sites\E\events4singles\images\suppeconnections_150x104.gif <-- ftp.netregistry.com.au /images suppeconnections_150x104.gif
2006.05.17 17:08 B E:\Virtual Sites\E\events4singles\images\supperconnections_140x90.gif <-- ftp.netregistry.com.au /images supperconnections_140x90.gif
2006.05.17 17:08 B E:\Virtual Sites\E\events4singles\images\swc_165x77.gif <-- ftp.netregistry.com.au /images swc_165x77.gif
2006.05.17 17:08 B E:\Virtual Sites\E\events4singles\images\swc_165x78.gif <-- ftp.netregistry.com.au /images swc_165x78.gif
2006.05.17 17:08 B E:\Virtual Sites\E\events4singles\images\swingdancebris_120x90.jpg <-- ftp.netregistry.com.au /images swingdancebris_120x90.jpg
2006.05.17 17:08 B E:\Virtual Sites\E\events4singles\images\swingpatrol_155x101.gif <-- ftp.netregistry.com.au /images swingpatrol_155x101.gif
2006.05.17 17:08 B E:\Virtual Sites\E\events4singles\images\swingtime_87x102.jpg <-- ftp.netregistry.com.au /images swingtime_87x102.jpg
2006.05.17 17:08 B E:\Virtual Sites\E\events4singles\images\sydacq1.gif <-- ftp.netregistry.com.au /images sydacq1.gif
2006.05.17 17:08 B E:\Virtual Sites\E\events4singles\images\sydacq2.gif <-- ftp.netregistry.com.au /images sydacq2.gif
2006.05.17 17:08 B E:\Virtual Sites\E\events4singles\images\sydattractionsgroup_459x75.jpg <-- ftp.netregistry.com.au /images sydattractionsgroup_459x75.jpg
2006.05.17 17:08 B E:\Virtual Sites\E\events4singles\images\sydeventcruise_160x96.gif <-- ftp.netregistry.com.au /images sydeventcruise_160x96.gif
2006.05.17 17:08 B E:\Virtual Sites\E\events4singles\images\Sydney-Dating.gif <-- ftp.netregistry.com.au /images Sydney-Dating.gif
2006.05.17 17:08 B E:\Virtual Sites\E\events4singles\images\sydney_135x50.gif <-- ftp.netregistry.com.au /images sydney_135x50.gif
2006.05.17 17:08 B E:\Virtual Sites\E\events4singles\images\sydney_business_centre-72x735x55.jpg <-- ftp.netregistry.com.au /images sydney_business_centre-72x735x55.jpg
2006.05.17 17:08 B E:\Virtual Sites\E\events4singles\images\sydney_business_centre.jpg <-- ftp.netregistry.com.au /images sydney_business_centre.jpg
2006.05.17 17:08 B E:\Virtual Sites\E\events4singles\images\sydney_events.gif <-- ftp.netregistry.com.au /images sydney_events.gif
2006.05.17 17:08 B E:\Virtual Sites\E\events4singles\images\Sydney_T1.gif <-- ftp.netregistry.com.au /images Sydney_T1.gif
2006.05.17 17:08 B E:\Virtual Sites\E\events4singles\images\sydneylatinfiesta_120x108.jpg <-- ftp.netregistry.com.au /images sydneylatinfiesta_120x108.jpg
2006.05.17 17:08 B E:\Virtual Sites\E\events4singles\images\sydneysalsa_165x70.gif <-- ftp.netregistry.com.au /images sydneysalsa_165x70.gif
2006.05.17 17:08 B E:\Virtual Sites\E\events4singles\images\SydneySingles.gif <-- ftp.netregistry.com.au /images SydneySingles.gif
2006.05.17 17:08 B E:\Virtual Sites\E\events4singles\images\SydneySingles120x50.gif <-- ftp.netregistry.com.au /images SydneySingles120x50.gif
2006.05.17 17:08 B E:\Virtual Sites\E\events4singles\images\SydneySingles_170x71.jpg <-- ftp.netregistry.com.au /images SydneySingles_170x71.jpg
2006.05.17 17:08 B E:\Virtual Sites\E\events4singles\images\sydsalsablack_160x90.gif <-- ftp.netregistry.com.au /images sydsalsablack_160x90.gif
2006.05.17 17:08 B E:\Virtual Sites\E\events4singles\images\Table4Six_franmelbourne.gif <-- ftp.netregistry.com.au /images Table4Six_franmelbourne.gif
2006.05.17 17:08 B E:\Virtual Sites\E\events4singles\images\tableforsix_120x60.jpg <-- ftp.netregistry.com.au /images tableforsix_120x60.jpg
2006.05.17 17:08 B E:\Virtual Sites\E\events4singles\images\tableforsix_adelaidetfr.gif <-- ftp.netregistry.com.au /images tableforsix_adelaidetfr.gif
2006.05.17 17:08 B E:\Virtual Sites\E\events4singles\images\tableforsix_brisbanefr.gif <-- ftp.netregistry.com.au /images tableforsix_brisbanefr.gif
2006.05.17 17:08 B E:\Virtual Sites\E\events4singles\images\tableforsix_canberrafr.gif <-- ftp.netregistry.com.au /images tableforsix_canberrafr.gif
2006.05.17 17:08 B E:\Virtual Sites\E\events4singles\images\tableforsix_darwinfr.gif <-- ftp.netregistry.com.au /images tableforsix_darwinfr.gif
2006.05.17 17:08 B E:\Virtual Sites\E\events4singles\images\tableforsix_franchise.psd <-- ftp.netregistry.com.au /images tableforsix_franchise.psd
2006.05.17 17:08 B E:\Virtual Sites\E\events4singles\images\tableforsix_geelong_ani.gif <-- ftp.netregistry.com.au /images tableforsix_geelong_ani.gif
2006.05.17 17:08 B E:\Virtual Sites\E\events4singles\images\tableforsix_geelongfr.gif <-- ftp.netregistry.com.au /images tableforsix_geelongfr.gif
2006.05.17 17:08 B E:\Virtual Sites\E\events4singles\images\tableforsix_hobartfr.gif <-- ftp.netregistry.com.au /images tableforsix_hobartfr.gif
2006.05.17 17:08 B E:\Virtual Sites\E\events4singles\images\tableforsix_melbournefr.gif <-- ftp.netregistry.com.au /images tableforsix_melbournefr.gif
2006.05.17 17:08 B E:\Virtual Sites\E\events4singles\images\tableforsix_newcastletfr.gif <-- ftp.netregistry.com.au /images tableforsix_newcastletfr.gif
2006.05.17 17:08 B E:\Virtual Sites\E\events4singles\images\tableforsix_perthfr.gif <-- ftp.netregistry.com.au /images tableforsix_perthfr.gif
2006.05.17 17:08 B E:\Virtual Sites\E\events4singles\images\tableforsix_sydneyfr.gif <-- ftp.netregistry.com.au /images tableforsix_sydneyfr.gif
2006.05.17 17:08 B E:\Virtual Sites\E\events4singles\images\tableforsix_wollongong_ani.gif <-- ftp.netregistry.com.au /images tableforsix_wollongong_ani.gif
2006.05.17 17:08 B E:\Virtual Sites\E\events4singles\images\tableforsix_wollongongfr.gif <-- ftp.netregistry.com.au /images tableforsix_wollongongfr.gif
2006.05.17 17:08 B E:\Virtual Sites\E\events4singles\images\tablemates-72x120x50.jpg <-- ftp.netregistry.com.au /images tablemates-72x120x50.jpg
2006.05.17 17:08 B E:\Virtual Sites\E\events4singles\images\tablemates120x72.jpg <-- ftp.netregistry.com.au /images tablemates120x72.jpg
2006.05.17 17:08 B E:\Virtual Sites\E\events4singles\images\TableMates120x80.gif <-- ftp.netregistry.com.au /images TableMates120x80.gif
2006.05.17 17:08 B E:\Virtual Sites\E\events4singles\images\tablemates120x80.jpg <-- ftp.netregistry.com.au /images tablemates120x80.jpg
2006.05.17 17:08 B E:\Virtual Sites\E\events4singles\images\tablemates_120x50.gif <-- ftp.netregistry.com.au /images tablemates_120x50.gif
2006.05.17 17:08 B E:\Virtual Sites\E\events4singles\images\tablemates_150x80.gif <-- ftp.netregistry.com.au /images tablemates_150x80.gif
2006.05.17 17:08 B E:\Virtual Sites\E\events4singles\images\TablematesColour.gif <-- ftp.netregistry.com.au /images TablematesColour.gif
2006.05.17 17:08 B E:\Virtual Sites\E\events4singles\images\tabletalk_100x90.gif <-- ftp.netregistry.com.au /images tabletalk_100x90.gif
2006.05.17 17:08 B E:\Virtual Sites\E\events4singles\images\Tails-&-Veils_170x87.jpg <-- ftp.netregistry.com.au /images Tails-&-Veils_170x87.jpg
2006.05.17 17:08 B E:\Virtual Sites\E\events4singles\images\talktoanyone.jpg <-- ftp.netregistry.com.au /images talktoanyone.jpg
2006.05.17 17:08 B E:\Virtual Sites\E\events4singles\images\tamarrivercruises_165x105.jpg <-- ftp.netregistry.com.au /images tamarrivercruises_165x105.jpg
2006.05.17 17:08 B E:\Virtual Sites\E\events4singles\images\tangomate.gif <-- ftp.netregistry.com.au /images tangomate.gif
2006.05.17 17:08 B E:\Virtual Sites\E\events4singles\images\tangosalonlogo_sm.gif <-- ftp.netregistry.com.au /images tangosalonlogo_sm.gif
2006.05.17 17:08 B E:\Virtual Sites\E\events4singles\images\Tangosccanberra_170x55.jpg <-- ftp.netregistry.com.au /images Tangosccanberra_170x55.jpg
2006.05.17 17:08 B E:\Virtual Sites\E\events4singles\images\tangowalk.jpg <-- ftp.netregistry.com.au /images tangowalk.jpg
2006.05.17 17:08 B E:\Virtual Sites\E\events4singles\images\tbff_153x87.jpg <-- ftp.netregistry.com.au /images tbff_153x87.jpg
2006.05.17 17:08 B E:\Virtual Sites\E\events4singles\images\telecafe_anim_120x80.gif <-- ftp.netregistry.com.au /images telecafe_anim_120x80.gif
2006.05.17 17:08 B E:\Virtual Sites\E\events4singles\images\TengoTango_170x84.jpg <-- ftp.netregistry.com.au /images TengoTango_170x84.jpg
2006.05.17 17:08 B E:\Virtual Sites\E\events4singles\images\The-Edge-Adventure-Centre_1.jpg <-- ftp.netregistry.com.au /images The-Edge-Adventure-Centre_1.jpg
2006.05.17 17:08 B E:\Virtual Sites\E\events4singles\images\thedinnertable-72x120x50.gif <-- ftp.netregistry.com.au /images thedinnertable-72x120x50.gif
2006.05.17 17:08 B E:\Virtual Sites\E\events4singles\images\thedinnertable-72x242x91.gif <-- ftp.netregistry.com.au /images thedinnertable-72x242x91.gif
2006.05.17 17:08 B E:\Virtual Sites\E\events4singles\images\theGDA.jpg <-- ftp.netregistry.com.au /images theGDA.jpg
2006.05.17 17:08 B E:\Virtual Sites\E\events4singles\images\theGDA2.jpg <-- ftp.netregistry.com.au /images theGDA2.jpg
2006.05.17 17:08 B E:\Virtual Sites\E\events4singles\images\thegroup.jpg <-- ftp.netregistry.com.au /images thegroup.jpg
2006.05.17 17:08 B E:\Virtual Sites\E\events4singles\images\thegroup_120x80.gif <-- ftp.netregistry.com.au /images thegroup_120x80.gif
2006.05.17 17:08 B E:\Virtual Sites\E\events4singles\images\thegroup_140x87.gif <-- ftp.netregistry.com.au /images thegroup_140x87.gif
2006.05.17 17:08 B E:\Virtual Sites\E\events4singles\images\thelatinvoice_160x47.gif <-- ftp.netregistry.com.au /images thelatinvoice_160x47.gif
2006.05.17 17:08 B E:\Virtual Sites\E\events4singles\images\thelatinvoice_165x70.gif <-- ftp.netregistry.com.au /images thelatinvoice_165x70.gif
2006.05.17 17:08 B E:\Virtual Sites\E\events4singles\images\thelotter_165x58.gif <-- ftp.netregistry.com.au /images thelotter_165x58.gif
2006.05.17 17:08 B E:\Virtual Sites\E\events4singles\images\thingstodo120x40_ani.gif <-- ftp.netregistry.com.au /images thingstodo120x40_ani.gif
2006.05.17 17:08 B E:\Virtual Sites\E\events4singles\images\thingstodobanner.gif <-- ftp.netregistry.com.au /images thingstodobanner.gif
2006.05.17 17:08 B E:\Virtual Sites\E\events4singles\images\Thumbs.db <-- ftp.netregistry.com.au /images Thumbs.db
2006.05.17 17:08 B E:\Virtual Sites\E\events4singles\images\tibetan.jpg <-- ftp.netregistry.com.au /images tibetan.jpg
2006.05.17 17:08 B E:\Virtual Sites\E\events4singles\images\tina_moors.jpg <-- ftp.netregistry.com.au /images tina_moors.jpg
2006.05.17 17:08 B E:\Virtual Sites\E\events4singles\images\Tmlogo)165x56.gif <-- ftp.netregistry.com.au /images Tmlogo)165x56.gif
2006.05.17 17:08 B E:\Virtual Sites\E\events4singles\images\Tmlogo_120x41.gif <-- ftp.netregistry.com.au /images Tmlogo_120x41.gif
2006.05.17 17:08 B E:\Virtual Sites\E\events4singles\images\tool_drillsandsaw.jpg <-- ftp.netregistry.com.au /images tool_drillsandsaw.jpg
2006.05.17 17:08 B E:\Virtual Sites\E\events4singles\images\tool_powerdriver.jpg <-- ftp.netregistry.com.au /images tool_powerdriver.jpg
2006.05.17 17:08 B E:\Virtual Sites\E\events4singles\images\tool_screwdriverset.jpg <-- ftp.netregistry.com.au /images tool_screwdriverset.jpg
2006.05.17 17:08 B E:\Virtual Sites\E\events4singles\images\top.gif <-- ftp.netregistry.com.au /images top.gif
2006.05.17 17:08 B E:\Virtual Sites\E\events4singles\images\top100ban2[1].gif <-- ftp.netregistry.com.au /images top100ban2[1].gif
2006.05.17 17:08 B E:\Virtual Sites\E\events4singles\images\Top100DivinationSites350x15.gif <-- ftp.netregistry.com.au /images Top100DivinationSites350x15.gif
2006.05.17 17:08 B E:\Virtual Sites\E\events4singles\images\Toptop.gif <-- ftp.netregistry.com.au /images Toptop.gif
2006.05.17 17:08 B E:\Virtual Sites\E\events4singles\images\totalwoman_165x75.jpg <-- ftp.netregistry.com.au /images totalwoman_165x75.jpg
2006.05.17 17:08 B E:\Virtual Sites\E\events4singles\images\travelandmore1.gif <-- ftp.netregistry.com.au /images travelandmore1.gif
2006.05.17 17:08 B E:\Virtual Sites\E\events4singles\images\travelandmore2.gif <-- ftp.netregistry.com.au /images travelandmore2.gif
2006.05.17 17:08 B E:\Virtual Sites\E\events4singles\images\travelandmore3.gif <-- ftp.netregistry.com.au /images travelandmore3.gif
2006.05.17 17:08 B E:\Virtual Sites\E\events4singles\images\travelandmore4.gif <-- ftp.netregistry.com.au /images travelandmore4.gif
2006.05.17 17:08 B E:\Virtual Sites\E\events4singles\images\travelandmore5.gif <-- ftp.netregistry.com.au /images travelandmore5.gif
2006.05.17 17:08 B E:\Virtual Sites\E\events4singles\images\travelandmore6.gif <-- ftp.netregistry.com.au /images travelandmore6.gif
2006.05.17 17:08 B E:\Virtual Sites\E\events4singles\images\travelandmore7.gif <-- ftp.netregistry.com.au /images travelandmore7.gif
2006.05.17 17:08 B E:\Virtual Sites\E\events4singles\images\Turf-Bar_120x30.jpg <-- ftp.netregistry.com.au /images Turf-Bar_120x30.jpg
2006.05.17 17:08 B E:\Virtual Sites\E\events4singles\images\Turf-Bar_153x68.jpg <-- ftp.netregistry.com.au /images Turf-Bar_153x68.jpg
2006.05.17 17:08 B E:\Virtual Sites\E\events4singles\images\uniformdate_120x80.gif <-- ftp.netregistry.com.au /images uniformdate_120x80.gif
2006.05.17 17:08 B E:\Virtual Sites\E\events4singles\images\unoduo_120x81.gif <-- ftp.netregistry.com.au /images unoduo_120x81.gif
2006.05.17 17:08 B E:\Virtual Sites\E\events4singles\images\Untitled-1.jpg <-- ftp.netregistry.com.au /images Untitled-1.jpg
2006.05.17 17:08 B E:\Virtual Sites\E\events4singles\images\Untitled-3.gif <-- ftp.netregistry.com.au /images Untitled-3.gif
2006.05.17 17:08 B E:\Virtual Sites\E\events4singles\images\upcoming-events_functionsaf.jpg <-- ftp.netregistry.com.au /images upcoming-events_functionsaf.jpg
2006.05.17 17:08 B E:\Virtual Sites\E\events4singles\images\valentinos_132x100.jpg <-- ftp.netregistry.com.au /images valentinos_132x100.jpg
2006.05.17 17:08 B E:\Virtual Sites\E\events4singles\images\vanish_165x40.gif <-- ftp.netregistry.com.au /images vanish_165x40.gif
2006.05.17 17:08 B E:\Virtual Sites\E\events4singles\images\vida-170x95.gif <-- ftp.netregistry.com.au /images vida-170x95.gif
2006.05.17 17:08 B E:\Virtual Sites\E\events4singles\images\villacaprese_160x100.jpg <-- ftp.netregistry.com.au /images villacaprese_160x100.jpg
2006.05.17 17:08 B E:\Virtual Sites\E\events4singles\images\vital_165x73.gif <-- ftp.netregistry.com.au /images vital_165x73.gif
2006.05.17 17:08 B E:\Virtual Sites\E\events4singles\images\Vital_E4S120x118.jpg <-- ftp.netregistry.com.au /images Vital_E4S120x118.jpg
2006.05.17 17:08 B E:\Virtual Sites\E\events4singles\images\vital_partners_120x50.gif <-- ftp.netregistry.com.au /images vital_partners_120x50.gif
2006.05.17 17:08 B E:\Virtual Sites\E\events4singles\images\vital_partners_120x50.jpg <-- ftp.netregistry.com.au /images vital_partners_120x50.jpg
2006.05.17 17:08 B E:\Virtual Sites\E\events4singles\images\vital_partners_120x80.jpg <-- ftp.netregistry.com.au /images vital_partners_120x80.jpg
2006.05.17 17:08 B E:\Virtual Sites\E\events4singles\images\VitalforE4S_120x70.jpg <-- ftp.netregistry.com.au /images VitalforE4S_120x70.jpg
2006.05.17 17:08 B E:\Virtual Sites\E\events4singles\images\VitalforE4S_160x120.jpg <-- ftp.netregistry.com.au /images VitalforE4S_160x120.jpg
2006.05.17 17:08 B E:\Virtual Sites\E\events4singles\images\vitalpartners_anim_120x80.gif <-- ftp.netregistry.com.au /images vitalpartners_anim_120x80.gif
2006.05.17 17:08 B E:\Virtual Sites\E\events4singles\images\vitalpartners_animated_130x.gif <-- ftp.netregistry.com.au /images vitalpartners_animated_130x.gif
2006.05.17 17:08 B E:\Virtual Sites\E\events4singles\images\viva_animated_170x84.gif <-- ftp.netregistry.com.au /images viva_animated_170x84.gif
2006.05.17 17:08 B E:\Virtual Sites\E\events4singles\images\vivacity_120x80.gif <-- ftp.netregistry.com.au /images vivacity_120x80.gif
2006.05.17 17:08 B E:\Virtual Sites\E\events4singles\images\vivacity_125x80.gif <-- ftp.netregistry.com.au /images vivacity_125x80.gif
2006.05.17 17:08 B E:\Virtual Sites\E\events4singles\images\vivacity_220x89.gif <-- ftp.netregistry.com.au /images vivacity_220x89.gif
2006.05.17 17:08 B E:\Virtual Sites\E\events4singles\images\vivacity_250x100.gif <-- ftp.netregistry.com.au /images vivacity_250x100.gif
2006.05.17 17:08 B E:\Virtual Sites\E\events4singles\images\vivacity_600x151.gif <-- ftp.netregistry.com.au /images vivacity_600x151.gif
2006.05.17 17:08 B E:\Virtual Sites\E\events4singles\images\vivadance_90x151.jpg <-- ftp.netregistry.com.au /images vivadance_90x151.jpg
2006.05.17 17:08 B E:\Virtual Sites\E\events4singles\images\vwd_127x116.gif <-- ftp.netregistry.com.au /images vwd_127x116.gif
2006.05.17 17:08 B E:\Virtual Sites\E\events4singles\images\Web_banner_fhmx.gif <-- ftp.netregistry.com.au /images Web_banner_fhmx.gif
2006.05.17 17:08 B E:\Virtual Sites\E\events4singles\images\Web_banner_fhmx.jpg <-- ftp.netregistry.com.au /images Web_banner_fhmx.jpg
2006.05.17 17:08 B E:\Virtual Sites\E\events4singles\images\wellConnectedTours165x50.gif <-- ftp.netregistry.com.au /images wellConnectedTours165x50.gif
2006.05.17 17:08 B E:\Virtual Sites\E\events4singles\images\whatanight.jpg <-- ftp.netregistry.com.au /images whatanight.jpg
2006.05.17 17:08 B E:\Virtual Sites\E\events4singles\images\woolwich_100x100.gif <-- ftp.netregistry.com.au /images woolwich_100x100.gif
2006.05.17 17:08 B E:\Virtual Sites\E\events4singles\images\woolwichwalks_top_frame.jpg <-- ftp.netregistry.com.au /images woolwichwalks_top_frame.jpg
2006.05.17 17:08 B E:\Virtual Sites\E\events4singles\images\xaramenu.js <-- ftp.netregistry.com.au /images xaramenu.js
2006.05.17 17:08 B E:\Virtual Sites\E\events4singles\images\youand1_125x100.jpg <-- ftp.netregistry.com.au /images youand1_125x100.jpg
2006.05.17 17:08 B E:\Virtual Sites\E\events4singles\images\youandi_170x82.jpg <-- ftp.netregistry.com.au /images youandi_170x82.jpg
2006.05.17 17:08 B E:\Virtual Sites\E\events4singles\images\youani_170x90.gif <-- ftp.netregistry.com.au /images youani_170x90.gif
2006.05.17 17:08 B E:\Virtual Sites\E\events4singles\images\youngprofessionals_105x80.jpg <-- ftp.netregistry.com.au /images youngprofessionals_105x80.jpg
2006.05.17 17:08 B E:\Virtual Sites\E\events4singles\images\youngs_96x80.gif <-- ftp.netregistry.com.au /images youngs_96x80.gif
2006.05.17 17:08 B E:\Virtual Sites\E\events4singles\images\yvonne_allen_111x70.gif <-- ftp.netregistry.com.au /images yvonne_allen_111x70.gif
2006.05.17 17:08 B E:\Virtual Sites\E\events4singles\images\yvonne_allen_button_120x80.gif <-- ftp.netregistry.com.au /images yvonne_allen_button_120x80.gif
2006.05.17 17:08 B E:\Virtual Sites\E\events4singles\images\zeus.gif <-- ftp.netregistry.com.au /images zeus.gif
2006.05.17 17:08 B E:\Virtual Sites\E\events4singles\images\zing_165x69.jpg <-- ftp.netregistry.com.au /images zing_165x69.jpg
2006.05.17 17:08 B E:\Virtual Sites\E\events4singles\images\~$signer Life Coaching Australia.htm <-- ftp.netregistry.com.au /images ~$signer Life Coaching Australia.htm
2006.05.17 17:08 B E:\Virtual Sites\E\events4singles\images\~WRL2636.tmp <-- ftp.netregistry.com.au /images ~WRL2636.tmp
