old_id,old_title,old_web,old_image,old_source,old_city,coverage,match_status,match_score,new_id,new_title,new_web
1,Jazz Queensland,http://www.jazzqueensland.com,,C:\Users\Matt\OneDrive\Cloud\1-Business\Dad Businesses (E4S - Afterwork)\e4s-25-10-16.txt#jos_content:276,Brisbane,covered,matched_domain,1,198,Jazz Queensland,jazzqueensland.com
2,WHAT'S ON,http://www.InviteOnlyDating.com,/images/CheapEatsBanner_120x80.gif,F:\Work\Websites\Frontpage Sites\events4singles\index.html,Melbourne,covered,matched_domain,1,192,Invite Only Dating,inviteonlydating.com
3,Inner Actions,,,C:\Users\Matt\OneDrive\Cloud\1-Business\Dad Businesses (E4S - Afterwork)\e4s-25-10-16.txt#jos_content:101,Canberra,covered,matched_title,1,600,Inner Actions,
4,Clinton Smith B.Counselling Location Central Coast,,/images/clintonsmith-sml.jpg,D:\Projects\Clients\Dad\Events4singles\legacy\site\page_links\lifecoaches\lifecoachbio_clintonsmith_centralcoast.htm,,drop:non_listing_title,unmatched,0.538,,,
5,Tengo Tango,,/images/TengoTango_170x84.jpg,C:\Users\Matt\OneDrive\Cloud\1-Business\Dad Businesses (E4S - Afterwork)\e4s-25-10-16.txt#jos_content:145,Canberra,covered,matched_title,1,472,Tengo Tango,akvaryumhobisi.com/tengotango
6,Melbourne River Cruises,http://www.melbcruises.com.au,/images/Melbournerivercruises_165x9.jpg,C:\Users\Matt\OneDrive\Cloud\1-Business\Dad Businesses (E4S - Afterwork)\e4s-25-10-16.txt#jos_content:90,Melbourne,covered,matched_domain,1,283,Melbourne River Cruises,melbcruises.com.au
7,Phoenix Lifestyle,http://www.phoenixlifestyle.com,/images/pheonixlifestyle_120x80.jpg,D:\Projects\Clients\Dad\Events4singles\legacy\site\images\events_melbourne.htm,Melbourne,covered,matched_title,1,535,Phoenix Lifestyle,phoenixlifestyle.com.au
8,Queensland,http://www.latinenergyproductions.com.au,/images/latinenergy_94x60.gif,D:\Projects\Clients\Dad\Events4singles\legacy\site\dance_classes_salsa.htm,Brisbane,covered,matched_domain,1,356,Queensland,latinenergyproductions.com.au
9,Professional Edge Seminars,http://www.taic.com.au,/images/austimageco_165x90.gif,C:\Users\Matt\OneDrive\Cloud\1-Business\Dad Businesses (E4S - Afterwork)\e4s-25-10-16.txt#jos_content:102,Melbourne,covered,matched_domain,1,484,The Australia Image Company,taic.com.au/05_corp.html
10,VIBRANCE,http://www.vibrance.net.au,/images/vibrance_120x79.jpg,F:\Work\Websites\Frontpage Sites\events4singles\events_brisbane.htm,Brisbane,possible_old_only,unmatched,0.526,,,
11,YogaTrinity,http://www.yogatrinity.com,/images/trinity120x80.gif,C:\Users\Matt\OneDrive\Cloud\1-Business\Dad Businesses (E4S - Afterwork)\e4s-25-10-16.txt#jos_content:97,Brisbane,covered,matched_domain,1,678,Yoga Trinity - Brisbane,yogatrinity.com
13,Coasters Connect Gold Coast,http://www.coastersconnect.com,/images/costersConect_90x82.jpg,D:\Projects\Clients\Dad\Events4singles\legacy\site\archivefile\advertisers\coasters_connect_gold_coast__so.htm,,possible_old_only,unmatched,0.56,,,
14,Vital Partners,http://www.vitalpartners.com.au,/images/vital_partners_120x80.jpg,C:\Users\Matt\OneDrive\Cloud\1-Business\Dad Businesses (E4S - Afterwork)\e4s-25-10-16.txt#jos_content:134,Adelaide,covered,matched_domain,1,509,Vital Partners,vitalpartners.com.au
18,Sydney Salsa,http://www.sydneysalsa.net,/images/sydsalsablack_160x90.gif,D:\Projects\Clients\Dad\Events4singles\legacy\site\Customer page links\quotes\sydney salsa.htm,,drop:archive_or_admin_source,unmatched,0.833,,,
19,Mango Dance,http://www.mangodance.com.au,/images/Mango-Dance-Studio_100x94.gif,D:\Projects\Clients\Dad\Events4singles\legacy\site\archivefile\pages\dance_classes_sydney_archmay06.htm,Sydney,possible_old_only,unmatched,0.727,,,
20,Le Step,http://www.lestep.com.au,/images/lestep_146x117.jpg,D:\Projects\Clients\Dad\Events4singles\legacy\site\dance_classes_goldcoast.htm,Gold Coast,covered,matched_domain,1,239,Le Step,lestep.com.au
21,Tas Swing,http://www.tasswing.com.au,/images/tasswingx120x80.jpg,D:\Projects\Clients\Dad\Events4singles\legacy\site\dance_classes_tasmania.htm,,covered,matched_domain,1,470,TasSwing,tasswing.com.au
22,FERRY Woolwich is well served by the inner-harbour ferry service. The ferry leaves from Circular Quay (generally from Wharf 5) at regular intervals an,,,D:\Projects\Clients\Dad\Events4singles\legacy\site\woolwich.htm,,drop:non_listing_title,unmatched,0.283,,,
24,RSVP Travel,,/images/RSVPHolidays_Apostles_120x80.gif,C:\Users\Matt\OneDrive\Cloud\1-Business\Dad Businesses (E4S - Afterwork)\e4s-25-10-16.txt#jos_content:88,Melbourne,covered,matched_title,1,374,RSVP Travel,rsvp.com.au | rsvp.com.au/singles+travel/trips+holidays.jsp
26,Latin Rhythms Dance Academy,http://www.latinrhythms.com.au,/images/latin_rythms_123x80.gif,F:\Work\Admin\Dad\Events 4 Singles\Images\dance_classes_canberra.htm,Canberra,covered,matched_domain,1,230,Latin Rhythms Dance Academy,latinrhythms.com.au
27,Singles Social Dance,,/images/jazzband_160x101.jpg,D:\Projects\Clients\Dad\Events4singles\legacy\site\archivefile\advertisers\pat_powell_jazz_showcase.htm,Melbourne,possible_old_only,unmatched,0.706,,,
36,A Table for Six,http://www.atableforsix.com.au,/images/at46_ani_125x80a.gif,C:\Users\Matt\OneDrive\Cloud\1-Business\Dad Businesses (E4S - Afterwork)\e4s-25-10-16.txt#jos_content:80,Sunshine Coast,covered,matched_domain,1,550,A Table for Six - Melbourne,atableforsix.com.au
38,Image Update,http://www.imageupdate.com.au,/images/imageupdate_160x108.jpg,C:\Users\Matt\OneDrive\Cloud\1-Business\Dad Businesses (E4S - Afterwork)\e4s-25-10-16.txt#jos_content:100,Perth,covered,matched_domain,1,187,Image Update,imageupdate.com.au
39,Life Development Centre,http://www.lifedevelopmentcentre.com/,/images/life_120x80.gif,C:\Users\Matt\OneDrive\Cloud\1-Business\Dad Businesses (E4S - Afterwork)\e4s-25-10-16.txt#jos_content:101,Melbourne,covered,matched_title,1,607,Life Development Centre,
40,Social Mingles,http://www.socialmingles.com.au,,C:\Users\Matt\OneDrive\Cloud\1-Business\Dad Businesses (E4S - Afterwork)\e4s-25-10-16.txt#jos_content:49,Brisbane,covered,matched_title,1,690,Social Mingles,events.socialmingles.com.au
41,Dinner at Eight,http://www.dinnerateight.com.au,/images/dinneradvert.gif,C:\Users\Matt\OneDrive\Cloud\1-Business\Dad Businesses (E4S - Afterwork)\e4s-25-10-16.txt#jos_content:503,Melbourne,covered,matched_domain,1,536,Dinner at Eight,dinnerateight.com.au
42,Katherine Boulton,http://www.katherineboulton.com,,C:\Users\Matt\OneDrive\Cloud\1-Business\Dad Businesses (E4S - Afterwork)\e4s-25-10-16.txt#jos_content:104,Hobart,covered,matched_domain,1,210,Katherine Boulton,katherineboulton.com
43,Magistic Cruises,http://www.newyearsevesydney.net.au/new_years_eve_magistic_program.html,,C:\Users\Matt\OneDrive\Cloud\1-Business\Dad Businesses (E4S - Afterwork)\e4s-25-10-16.txt#jos_content:90,Sydney,covered,matched_domain,1,398,Showboat Cruises,newyearsevesydney.net.au/new_years_eve_showboat_program.html
44,YouRmatched,http://www.yourmatched.com.au,/images/youRmatched-logox4-rgb-hr-black-(2).jpg,C:\Users\Matt\OneDrive\Cloud\1-Business\Dad Businesses (E4S - Afterwork)\e4s-25-10-16.txt#jos_content:142,Geelong,covered,matched_domain,1,680,YouRmatched Speed Dating Dinners in Geelong - plus more,yourmatched.com.au
45,Echuca-Moama Riverboats Jazz,http://www.echucamoama.com/jazz,,C:\Users\Matt\OneDrive\Cloud\1-Business\Dad Businesses (E4S - Afterwork)\e4s-25-10-16.txt#jos_content:275,Melbourne,covered,matched_domain,1,134,Echuca-Moama Riverboats Jazz,echucamoama.com/jazz
46,Rolfing on the move with Su Tindall,,/images/rolfingbysutindall_120x80.gif,D:\Projects\Clients\Dad\Events4singles\legacy\site\singles_health.htm,,covered,matched_title,1,370,Rolfing on the move with Su Tindall,rolfing-on-the-move.com.au
47,Valentinos,http://www.valentinoscaferestaurant.com.au,/images/valentinos_132x100.jpg,C:\Users\Matt\OneDrive\Cloud\1-Business\Dad Businesses (E4S - Afterwork)\e4s-25-10-16.txt#jos_content:107,Melbourne,covered,matched_domain,1,502,Valentinos,valentinoscaferestaurant.com.au
48,Events calendar Perth,,/images/icon_canberra.gif,D:\Projects\Clients\Dad\Events4singles\legacy\site\canberraeventcal.htm,,drop:non_listing_title,unmatched,0.524,,,
51,Indigo,http://www.indigocoaching.com.au,/images/indigo_92x85.jpg,D:\Projects\Clients\Dad\Events4singles\legacy\site\Customer page links\quotes\indigo.htm,,drop:archive_or_admin_source,unmatched,0.545,,,
52,Saturday,http://www.perfectdates.com.au,/images/perfectdates_ani_120x80.gif,C:\Users\Matt\OneDrive\Cloud\1-Business\Dad Businesses (E4S - Afterwork)\e4s-25-10-16.txt#jos_content:102,Melbourne,drop:non_listing_title,unmatched,0.8,,,
53,Life's a Ball,http://www.lifesaball.com.au/,/images/lifeaball.gif,C:\Users\Matt\OneDrive\Cloud\1-Business\Dad Businesses (E4S - Afterwork)\e4s-25-10-16.txt#jos_content:75,Melbourne,covered,matched_domain,1,244,Life's a Ball,lifesaball.com.au
55,Lets Go Dance,http://www.letsgodance.com.au,/images/letsgodance_120x80.gif,D:\Projects\Clients\Dad\Events4singles\legacy\site\customer_listings\dance schools\letsgodance.htm,,possible_old_only,unmatched,0.692,,,
56,Entrepreneurs Sydney Business Club,http://www.EntrepreneursSydney.com,/images/entrep_120x80.png,C:\Users\Matt\OneDrive\Cloud\1-Business\Dad Businesses (E4S - Afterwork)\e4s-25-10-16.txt#jos_content:102,Sydney,covered,matched_domain,1,139,Entrepreneurs Sydney Business Club Join Now,entrepreneurssydney.com
57,Ceroc Perth,http://www.cerocperth.com.au,/images/cerocperth_140x100.gif,C:\Users\Matt\OneDrive\Cloud\1-Business\Dad Businesses (E4S - Afterwork)\e4s-25-10-16.txt#jos_content:478,Sydney,covered,matched_domain,1,79,Ceroc Perth,cerocperth.com.au
58,Argentine Tango,http://tangowa.com/,/images/tangowa_120x80.gif,C:\Users\Matt\OneDrive\Cloud\1-Business\Dad Businesses (E4S - Afterwork)\e4s-25-10-16.txt#jos_content:478,Perth,covered,matched_title,1,28,Argentine Tango,tangowa.com | tangoperth.com
59,Latin Lover,http://www.latinlover.com.au/,/images/Latinlover143x72.gif,C:\Users\Matt\OneDrive\Cloud\1-Business\Dad Businesses (E4S - Afterwork)\e4s-25-10-16.txt#jos_content:481,Melbourne,covered,matched_title,1,228,Latin Lover,atinlover.com.au
60,Philippines Introduction Tours,http://www.filipinobridetours.com.au,/images/philipinobride.jpg,D:\Projects\Clients\Dad\Events4singles\legacy\site\events_melbourne2.htm,Melbourne,covered,matched_domain,1,623,Philippines Introduction Tours,filipinobridetours.com.au
61,Dr Janet Hall,http://www.drjanethall.com.au,/images/janethall.jpg,C:\Users\Matt\OneDrive\Cloud\1-Business\Dad Businesses (E4S - Afterwork)\e4s-25-10-16.txt#jos_content:102,Melbourne,covered,matched_domain,1,129,Dr Janet Hall,drjanethall.com.au
62,Market Street Tavern,,/images/markettave_120x85.gif,D:\Projects\Clients\Dad\Events4singles\legacy\site\function_centres.htm,,covered,matched_title,1,613,Market Street Tavern,
63,Elite Adventures,,/images/elite.jpg,D:\Projects\Clients\Dad\Events4singles\legacy\site\images\events_adelaide.htm,Adelaide,possible_old_only,unmatched,0.743,,,
64,Just4singles,,/images/j4singles_170x88.gif,D:\Projects\Clients\Dad\Events4singles\legacy\site\images\events_melbourne.htm,Melbourne,covered,matched_title,1,208,Just4singles,just4singles.com.au
65,H2O Yacht Charters & Sail Training,http://www.h2osailing.com,/images/h20_170x91.jpg,C:\Users\Matt\OneDrive\Cloud\1-Business\Dad Businesses (E4S - Afterwork)\e4s-25-10-16.txt#jos_content:148,Adelaide,covered,matched_domain,1,176,H2O Yacht Charters & Sail Training,h2osailing.com
67,Dear First_Name Events4singles Special Offer! SYDNEY AQUARIUM If the idea of dating gives you butterflies in your stomach,http://www.sydneyaquarium.com.au,,D:\Projects\Clients\Dad\Events4singles\legacy\site\Customer page links\quotes\sydacqoffer.htm,,drop:non_listing_title,unmatched,0.351,,,
68,Solo Traveller,http://www.solotraveller.com.au,/images/solotraveller_120x81.jpg,C:\Users\Matt\OneDrive\Cloud\1-Business\Dad Businesses (E4S - Afterwork)\e4s-25-10-16.txt#jos_content:87,Melbourne,covered,matched_domain,1,421,Solo Traveller - Australia & Overseas Tours,solotraveller.com.au
70,Sydney Singles,http://www.sydneysingles.com.au,/images/sydneysingles_120x80.jpg,C:\Users\Matt\OneDrive\Cloud\1-Business\Dad Businesses (E4S - Afterwork)\e4s-25-10-16.txt#jos_content:75,Sydney,covered,matched_domain,1,457,Sydney Singles,sydneysingles.com.au
71,Tripmates .com.au,http://www.tripmates.com.au,/images/tripmates_ani_120x81.gif,D:\Projects\Clients\Dad\Events4singles\legacy\site\customer_listings\tripmate.htm,,possible_old_only,unmatched,0.733,,,
72,Entertainment & Night Clubs,http://www.helenfenton.com,/images/helenfenton_120x81.jpg,C:\Users\Matt\OneDrive\Cloud\1-Business\Dad Businesses (E4S - Afterwork)\e4s-25-10-16.txt#jos_content:83,Sydney,covered,matched_domain,1,660,Sydney Sound Big Band & Helen Fenton,helenfenton.com
73,Cairns Yoga Academy,http://www.yoga8.com,,C:\Users\Matt\OneDrive\Cloud\1-Business\Dad Businesses (E4S - Afterwork)\e4s-25-10-16.txt#jos_content:97,Brisbane,covered,matched_domain,1,569,Cairns Yoga Academy - Cairns,yoga8.com
74,Blue Label Life,http://www.bluelabellife.com.au/index.php,/images/blue_label_ani1_120x80.gif,C:\Users\Matt\OneDrive\Cloud\1-Business\Dad Businesses (E4S - Afterwork)\e4s-25-10-16.txt#jos_content:503,Melbourne,covered,matched_title,1,52,Blue Label Life,bluelabellife.com.au | bluelabellife.com.au/index.php
75,Counselling Adelaide,http://www.counsellingadelaide.com.au/,/images/cottesloe_120x80.gif,C:\Users\Matt\OneDrive\Cloud\1-Business\Dad Businesses (E4S - Afterwork)\e4s-25-10-16.txt#jos_content:101,Perth,covered,matched_title,1,575,Counselling Adelaide,
76,Bicycle Express,http://www.bicycleexpress.com.au,/images/bicexpress.gif,C:\Users\Matt\OneDrive\Cloud\1-Business\Dad Businesses (E4S - Afterwork)\e4s-25-10-16.txt#jos_content:105,Adelaide,possible_old_only,unmatched,0.5,,,
79,Partners & Friends,http://www.partnersandfriends.com.au,/images/partnerfriends_120x80.gif,C:\Users\Matt\OneDrive\Cloud\1-Business\Dad Businesses (E4S - Afterwork)\e4s-25-10-16.txt#jos_content:68,Melbourne,covered,matched_domain,1,327,Partners & Friends ……a relaxing way for singles to meet,partnersandfriends.com.au
83,The Tango Salon,http://www.tango.com.au,/images/tangosalonlogo_sm.gif,C:\Users\Matt\OneDrive\Cloud\1-Business\Dad Businesses (E4S - Afterwork)\e4s-25-10-16.txt#jos_content:478,,covered,matched_domain,1,493,The Tango Salon,tango.com.au
84,Tango Social Club of Canberra,http://www.tangocanberra.asn.au/,/images/Tangosccanberra_170x55.jpg,C:\Users\Matt\OneDrive\Cloud\1-Business\Dad Businesses (E4S - Afterwork)\e4s-25-10-16.txt#jos_content:145,Melbourne,covered,matched_domain,1,465,Tango Social Club of Canberra,tangocanberra.asn.au
85,Lorraine Pirihi,http://www.office-organize.com,/images/sandy_90x117.gif,D:\Projects\Clients\Dad\Events4singles\legacy\site\life_coaches_melbourne.htm,Melbourne,covered,matched_title,1,252,Lorraine Pirihi,office-organize.com | office-organize.com/lifecoaching.html
86,Go to the Banner Farm Click on the Banner below to visit the Banner page to add a link-back to events4singles on your website. http://www.netregistry,http://www.netregistry.com.au/support/ecommerce/install_single.html,/images/E4S_260x50.gif,D:\Projects\Clients\Dad\Events4singles\legacy\site\advertise_payment_page.htm,,drop:non_listing_title,unmatched,0.354,,,
87,Body Health,http://www.bodyhealthfitness.com.au/,/images/bodyHealthFitness120x50.gif,C:\Users\Matt\OneDrive\Cloud\1-Business\Dad Businesses (E4S - Afterwork)\e4s-25-10-16.txt#jos_content:169,Sydney,covered,matched_domain,1,57,Body Health,bodyhealthfitness.com.au
89,After Work Social Club,http://www.afterwork.com.au/,/images/afterwork_120x80.jpg,C:\Users\Matt\OneDrive\Cloud\1-Business\Dad Businesses (E4S - Afterwork)\e4s-25-10-16.txt#jos_content:81,Sydney,covered,matched_domain,1,20,After Work Social Club for Sydney’s Business People,afterwork.com.au
92,Eastern Europe Fully Guided Tour 2015,,,C:\Users\Matt\OneDrive\Cloud\1-Business\Dad Businesses (E4S - Afterwork)\e4s-25-10-16.txt#jos_content:137,Perth,covered,matched_title,1,583,Eastern Europe Fully Guided Tour 2015,
93,Adelaide Speed Date,http://www.adelaidespeeddate.com.au,/images/adelaidespeeddate_122x78.gif,D:\Projects\Clients\Dad\Events4singles\legacy\site\images\events_adelaide.htm,Adelaide,possible_old_only,unmatched,0.649,,,
94,Funky Butts,http://www.funkybutts.com/,/images/funckybutts_170x83.gif,C:\Users\Matt\OneDrive\Cloud\1-Business\Dad Businesses (E4S - Afterwork)\e4s-25-10-16.txt#jos_content:470,Sydney,covered,matched_domain,1,162,Funky Butts,funkybutts.com
95,Gaby's Dance Studio Club Inc,,/images/GDS_150x134.jpg,D:\Projects\Clients\Dad\Events4singles\legacy\site\dance_classes_canberra.htm,Canberra,covered,matched_title,1,166,Gaby's Dance Studio Club Inc.,netspeed.com.au/gabysdancestudio
96,Epicurious,http://www.epicurioustravel.com.au,/images/epicurious1_ani_120x80.gif,D:\Projects\Clients\Dad\Events4singles\legacy\site\customer_listings\epicurious.htm,,covered,matched_domain,1,586,Epicurious,epicurioustravel.com.au
97,Latin Motion Dance Academy,http://www.latinmotion.com.au/,/images/latinmotion_170x74.jpg,C:\Users\Matt\OneDrive\Cloud\1-Business\Dad Businesses (E4S - Afterwork)\e4s-25-10-16.txt#jos_content:470,Sydney,covered,matched_domain,1,229,Latin Motion Dance Academy,latinmotion.com.au
98,Spirit Safaris,http://www.spiritsafaris.com,/images/spiritsafaris.jpg,F:\Work\Websites\Frontpage Sites\events4singles\sport_adventure.htm,,possible_old_only,unmatched,0.786,,,
99,Socializing Newcastle,http://www.socializingnewcastle.com.au/,/images/socialisingnewcastle_120x80.jpg,C:\Users\Matt\OneDrive\Cloud\1-Business\Dad Businesses (E4S - Afterwork)\e4s-25-10-16.txt#jos_content:144,Newcastle,covered,matched_title,1,643,Socializing Newcastle,
100,Altitude,http://www.baraltitude.com.au/content/whatsOn.htm,/images/altitude_136x67.gif,C:\Users\Matt\OneDrive\Cloud\1-Business\Dad Businesses (E4S - Afterwork)\e4s-25-10-16.txt#jos_content:85,Melbourne,covered,matched_domain,1,24,Altitude,baraltitude.com.au
101,WHAT'S ON,http://www.sociallife.com.au,/images/friendsandadventures_140x94.jpg,D:\Projects\Clients\Dad\Events4singles\legacy\site\archivefile\whats_on\whats_on_nov05.htm,,drop:non_listing_title,unmatched,0.6,,,
102,Forever Dance,,/images/foreverdance_120x80.jpg,F:\Work\Websites\Frontpage Sites\events4singles\dance_classes_melbourne.htm,Melbourne,possible_old_only,unmatched,0.692,,,
103,Singles Holiday Travel,http://www.singlesholidaytravel.com/,,C:\Users\Matt\OneDrive\Cloud\1-Business\Dad Businesses (E4S - Afterwork)\e4sdbase.txt#jos_content:134,Melbourne,covered,matched_title,1,638,Singles Holiday Travel,
105,Victoria,http://www.just4singles.com.au,/images/just4singles_170x70.jpg,D:\Projects\Clients\Dad\Events4singles\legacy\site\dance_party_clubs_adelaide.htm,Melbourne,covered,matched_domain,1,208,Just4singles,just4singles.com.au
106,Whispers From Beyond,http://www.whispersfrombeyond.com.au/,/images/clip_image003_0000.jpg,C:\Users\Matt\OneDrive\Cloud\1-Business\Dad Businesses (E4S - Afterwork)\e4s-25-10-16.txt#jos_content:106,Perth,covered,matched_domain,1,515,Whispers From Beyond,whispersfrombeyond.com.au
107,Swing Dance,,/images/swingdancebris_120x90.jpg,D:\Projects\Clients\Dad\Events4singles\legacy\site\dance_classes_brisbane.htm,Adelaide,covered,matched_title,1,447,Swing Dance,swingdancesa.tripod.com
108,Dancing Shoes Australia,http://www.dancingshoes.com.au,/images/prodance_170x90.gif,D:\Projects\Clients\Dad\Events4singles\legacy\site\archivefile\pages\dance_classes_sydney_archmay06.htm,Sydney,possible_old_only,unmatched,0.667,,,
109,Latin Groove,http://www.latinogrooves.com/,/images/latinogrooves_120x80.gif,C:\Users\Matt\OneDrive\Cloud\1-Business\Dad Businesses (E4S - Afterwork)\e4s-25-10-16.txt#jos_content:481,Adelaide,covered,matched_domain,1,235,Latino Grooves,latinogrooves.com
110,FYC Travel Club,,/images/foreveryoung_120x83_v2.gif,C:\Users\Matt\OneDrive\Cloud\1-Business\Dad Businesses (E4S - Afterwork)\e4s-25-10-16.txt#jos_content:87,Brisbane,covered,matched_title,1,165,FYC Travel Club,forever-young-club.com.au
111,Nuroc Dance Dance Company,http://www.nuroc.com.au/contacts.htm,/images/nuroc_170x88.gif,C:\Users\Matt\OneDrive\Cloud\1-Business\Dad Businesses (E4S - Afterwork)\e4s-25-10-16.txt#jos_content:470,Sydney,covered,matched_domain,1,311,Nuroc Dance Dance Company,nuroc.com.au
112,Friends Getting Together,http://www.friendsgettingtogether.org.au,/images/friendgettogether_120x80.gif,C:\Users\Matt\OneDrive\Cloud\1-Business\Dad Businesses (E4S - Afterwork)\e4s-25-10-16.txt#jos_content:441,Melbourne,covered,matched_domain,1,160,Friends Getting Together,friendsgettingtogether.org.au
113,Panache Coaching,http://www.AusLifeCoaching.com,/images/davidtnewton.jpg,C:\Users\Matt\OneDrive\Cloud\1-Business\Dad Businesses (E4S - Afterwork)\e4s-25-10-16.txt#jos_content:93,Brisbane,covered,matched_domain,1,323,Panache Coaching,auslifecoaching.com
114,Solo Graduates,http://www.solograduates.net.au,/images/SG-logo-small.gif,F:\Work\Websites\Frontpage Sites\events4singles\social_clubs_melb.htm,Melbourne,possible_old_only,unmatched,0.593,,,
115,Purely Social,http://www.purelysocial.com,/images/purelysocial_160x94.gif,D:\Projects\Clients\Dad\Events4singles\legacy\site\archivefile\advertisers\purely_social__for_single_profe.htm,Brisbane,possible_old_only,unmatched,0.6,,,
116,Success and You,http://www.successandyou.com.au/seminars.shtml,/images/successandyou.jpg,C:\Users\Matt\OneDrive\Cloud\1-Business\Dad Businesses (E4S - Afterwork)\e4s-25-10-16.txt#jos_content:102,Sydney,covered,matched_title,1,442,Success and You,successandyou.com.au | successandyou.com.au/contact.shtml
117,City Roc,http://www.facebook.com/pages/Cityroc/149047945163411,,C:\Users\Matt\OneDrive\Cloud\1-Business\Dad Businesses (E4S - Afterwork)\e4s-25-10-16.txt#jos_content:75,Sydney,covered,matched_title,1,571,City Roc,
118,Secrets for Singles,http://www.secretsforsingles.com,/images/secretsforsingles_120x82.jpg,D:\Projects\Clients\Dad\Events4singles\legacy\site\love_life_coaches.htm,,covered,matched_domain,1,387,Secrets for Singles,secretsforsingles.com
119,Melbourne Yoga,http://www.melbourneyoga.com.au,/images/yoga1_120x80.gif,C:\Users\Matt\OneDrive\Cloud\1-Business\Dad Businesses (E4S - Afterwork)\e4s-25-10-16.txt#jos_content:97,Melbourne,covered,matched_domain,1,284,Melbourne Yoga,melbourneyoga.com.au
121,Party Approach,http://www.partyapproach.com.au,/images/partyapproach_120x80.gif,C:\Users\Matt\OneDrive\Cloud\1-Business\Dad Businesses (E4S - Afterwork)\e4s-25-10-16.txt#jos_content:487,Adelaide,covered,matched_domain,1,328,Party Approach,partyapproach.com.au
122,Bikram's Yoga College of India,http://www.bikram.com.au,/images/bikramyoga_120x80.jpg,C:\Users\Matt\OneDrive\Cloud\1-Business\Dad Businesses (E4S - Afterwork)\e4s-25-10-16.txt#jos_content:97,Sydney,covered,matched_domain,1,50,Bikram's Yoga College of India - Lane Cove,bikram.com.au
123,Round Table Six,http://www.roundtablesix.com.au,/images/rt6_122x80.gif,D:\Projects\Clients\Dad\Events4singles\legacy\site\events_sydney-.htm,Sydney,covered,matched_domain,1,372,Round Table Six,roundtablesix.com.au
124,Megisti Blu,http://www.megistiblu.com.au,/images/megisti_143x110.gif,D:\Projects\Clients\Dad\Events4singles\legacy\site\Customer page links\quotes\megistiblu.htm,,covered,matched_domain,1,281,Megisti Blu,megistiblu.com.au
125,Singles World Travel,http://www.singlesworldtravel.com.au/,/images/singleworldtr_124x80.gif,C:\Users\Matt\OneDrive\Cloud\1-Business\Dad Businesses (E4S - Afterwork)\e4s-25-10-16.txt#jos_content:87,Melbourne,covered,matched_title,1,640,Singles World Travel,
126,28's,http://www.28s.com.au/,/images/28s_120x80.gif,C:\Users\Matt\OneDrive\Cloud\1-Business\Dad Businesses (E4S - Afterwork)\e4s-25-10-16.txt#jos_content:75,Melbourne,covered,matched_domain,1,2,28's,28s.com.au
127,Bellingen Jazz Festival,http://www.bellingenjazzfestival.com.au/,,C:\Users\Matt\OneDrive\Cloud\1-Business\Dad Businesses (E4S - Afterwork)\e4s-25-10-16.txt#jos_content:277,Sydney,covered,matched_domain,1,48,Bellingen Jazz Festival,bellingenjazzfestival.com.au
128,Cheap-Eats-Group,http://www.cheapeatsgroup.org/SydneyDinnerDancing.html,/images/2010cheapEATSgroup.jpg,C:\Users\Matt\OneDrive\Cloud\1-Business\Dad Businesses (E4S - Afterwork)\e4s-25-10-16.txt#jos_content:134,Melbourne,covered,matched_domain,1,548,Cheap-Eats-Groupp Dine and Dance,cheapeatsgroup.org/sydneydinnerdancing.html
129,The Super Coach,http://www.thesupercoach.com,/images/thesupercoach_ani_120x80.gif,D:\Projects\Clients\Dad\Events4singles\legacy\site\customer_listings\supercoach.htm,Darwin,covered,matched_domain,1,671,The Super Coach,thesupercoach.com
130,Location Central Coast,,/images/clintonsmith-sml.jpg,D:\Projects\Clients\Dad\Events4singles\legacy\site\page_links\lifecoaches\lifecoachbio_clintonsmith_centralcoast.htm,,drop:non_listing_title,unmatched,0.579,,,
132,Marystreet Nightclub,http://www.marystreet.com.au/entertainment/band.htm,/images/mStreet_160x70.gif,C:\Users\Matt\OneDrive\Cloud\1-Business\Dad Businesses (E4S - Afterwork)\e4s-25-10-16.txt#jos_content:85,Brisbane,covered,matched_domain,1,272,Marystreet Nightclub,marystreet.com.au
133,Social 8,http://www.social8adelaide.com/,/images/social8_120x80.gif,C:\Users\Matt\OneDrive\Cloud\1-Business\Dad Businesses (E4S - Afterwork)\e4s-25-10-16.txt#jos_content:148,Adelaide,covered,matched_title,1,416,Social 8,social8.com.au
134,Connection Social Links,http://www.connection-social-links.org,/images/connectionsociallinks_120x8.jpg,C:\Users\Matt\OneDrive\Cloud\1-Business\Dad Businesses (E4S - Afterwork)\e4s-25-10-16.txt#jos_content:441,Melbourne,covered,matched_domain,1,99,Connection Social Links,connection-social-links.org
135,Salsa Passion,http://www.salsapassion.com/,/images/salsapassion_124x80.gif,C:\Users\Matt\OneDrive\Cloud\1-Business\Dad Businesses (E4S - Afterwork)\e4s-25-10-16.txt#jos_content:146,Sydney,covered,matched_domain,1,530,Salsa Passion,salsapassion.com
136,"Single Minded Fridays, Single Minded Saturdays",,,D:\Projects\Clients\Dad\Events4singles\legacy\site\archivefile\advertisers\single_minded_fridays.htm,,drop:non_listing_title,unmatched,0.485,,,
137,Two Minute Tango,http://www.twominutetango.com,/images/speeddating_150x55.jpg,F:\Work\Websites\Frontpage Sites\events4singles\speed_dating_brisbane.htm,Brisbane,possible_old_only,unmatched,0.667,,,
138,Juicy Red Apple Events,http://www.juicyredapple.com.au,,C:\Users\Matt\OneDrive\Cloud\1-Business\Dad Businesses (E4S - Afterwork)\e4s-25-10-16.txt#jos_content:75,Sydney,covered,matched_domain,1,602,Juicy Red Apple Events,juicyredapple.com.au
139,Social Spice,http://www.socialspice.com.au,/images/socialspice_122x80.gif,C:\Users\Matt\OneDrive\Cloud\1-Business\Dad Businesses (E4S - Afterwork)\e4s-25-10-16.txt#jos_content:433,Perth,covered,matched_domain,1,418,Social Spice,socialspice.com.au
140,Lavalife,http://www.lavalife.com.au/phone/en_au/welcome.act,/images/lavalife.gif,C:\Users\Matt\OneDrive\Cloud\1-Business\Dad Businesses (E4S - Afterwork)\e4s-25-10-16.txt#jos_content:71,,covered,matched_domain,1,236,Lavalife,lavalife.com.au
141,Speed Dating,http://www.blinkdating.com.au,/images/E4S_Logo_dis25x18.gif,D:\Projects\Clients\Dad\Events4singles\legacy\site\images\events_hobart.htm,Brisbane,covered,matched_domain,1,51,Blink Speed Dating Sydney Melbourne Brisbane Gold Coast Perth Adelaide Newcastle Canberra Central Coast Hobart Darwin Geelong,blinkdating.com.au
142,Tablemates,http://www.tablemates.com.au/,/images/TableMates120x80.gif,C:\Users\Matt\OneDrive\Cloud\1-Business\Dad Businesses (E4S - Afterwork)\e4s-25-10-16.txt#jos_content:134,Melbourne,covered,matched_title,1,663,Tablemates,tablemates.com
143,My prime goal and passion is to help you achieve the glorious relationship you want,,/images/Juliemarie.jpg,D:\Projects\Clients\Dad\Events4singles\legacy\site\page_links\lifecoaches\lifecoachbio_juliemariezoui_syd.htm,,possible_old_only,unmatched,0.424,,,
144,Simply Drinks,http://www.simplydrinks.com.au,/images/simplydrinks_ani_760x80_pen.gif,C:\Users\Matt\OneDrive\Cloud\1-Business\Dad Businesses (E4S - Afterwork)\e4s-25-10-16.txt#jos_content:503,Sydney,covered,matched_domain,1,540,Simply Drinks,simplydrinks.com.au
149,Julie Marie Zaoui,,/images/Juliemarie.jpg,D:\Projects\Clients\Dad\Events4singles\legacy\site\archivefile\advertisers\julie_marie_zaoui.htm,,covered,matched_title,1,206,Julie Marie Zaoui,
150,Self Rewards,http://www.www.selfrewards.com,,C:\Users\Matt\OneDrive\Cloud\1-Business\Dad Businesses (E4S - Afterwork)\e4s-25-10-16.txt#jos_content:99,Sydney,covered,matched_title,1,389,Self Rewards,selfrewards.com
151,Lorena,,/images/find-the-right-psychic165x6.gif,D:\Projects\Clients\Dad\Events4singles\legacy\site\images\psychics4singles.htm,,possible_old_only,unmatched,0.556,,,
152,Novus Social Group,,/images/NovusSocialGroup_120x80.jpg,F:\Work\Websites\Frontpage Sites\events4singles\social_clubs_melb.htm,Melbourne,possible_old_only,unmatched,0.615,,,
154,Danza Loca,http://www.danzaloca.com,/images/dancaloca.gif,C:\Users\Matt\OneDrive\Cloud\1-Business\Dad Businesses (E4S - Afterwork)\e4s-25-10-16.txt#jos_content:481,Perth,covered,matched_domain,1,111,Danza Loca,danzaloca.com
155,Walk to Art,http://www.walktoart.com.au/,http://www.events4singles.com/absolutebmxe/banners/walktoart_120x80.gif,C:\Users\Matt\OneDrive\Cloud\1-Business\Dad Businesses (E4S - Afterwork)\e4s-25-10-16.txt#jos_content:92,Melbourne,covered,matched_title,1,512,Walk to Art,
156,Travel Counsellors,http://www.travelcounsellors.com.au,/images/travecouns_ani_120x80.gif,D:\Projects\Clients\Dad\Events4singles\legacy\site\events_sydney-.htm,Sydney,covered,matched_title,1,542,Travel Counsellors,travelcounsellors.com.au | travelcounsellors.com.au/lela.hopkins
158,Club Salsa,http://www.clubsalsa.com.au/,/images/club_salsa_120x80.jpg,C:\Users\Matt\OneDrive\Cloud\1-Business\Dad Businesses (E4S - Afterwork)\e4s-25-10-16.txt#jos_content:470,Sydney,covered,matched_title,1,96,Club Salsa,clubsalsa.com.au | clubsalsa.com.au/classes/dance_classes.php
159,29 Plus Lifestyle,http://www.29pluslifestyles.com.au,/images/29plus_120x80.gif,C:\Users\Matt\OneDrive\Cloud\1-Business\Dad Businesses (E4S - Afterwork)\e4s-25-10-16.txt#jos_content:92,Sydney,covered,matched_domain,1,3,29 Plus Lifestyle,29pluslifestyles.com.au
160,Just Good Friends,,/images/friends.jpg,D:\Projects\Clients\Dad\Events4singles\legacy\site\images\events_adelaide.htm,Adelaide,possible_old_only,unmatched,0.65,,,
161,Casa De Meze,http://www.casademeze.com.au/,/images/casa2_170x82.jpg,C:\Users\Matt\OneDrive\Cloud\1-Business\Dad Businesses (E4S - Afterwork)\e4s-25-10-16.txt#jos_content:146,Cairns,covered,matched_domain,1,529,Casa De Meze,casademeze.com.au
162,Newcastle,http://www.ruedisima.com.au/,/images/ruedismo_120x80.jpg,C:\Users\Matt\OneDrive\Cloud\1-Business\Dad Businesses (E4S - Afterwork)\e4s-25-10-16.txt#jos_content:472,Newcastle,covered,matched_domain,1,631,Ruedisima Latin Dance Co. Newcastle Mayfield Ex-service club,ruedisima.com.au
163,Dance Teachers,http://www.sambafrog.com.au,/images/dance_7.jpg,F:\Work\Admin\Dad\Events 4 Singles\Images\dance_teachers.htm,,possible_old_only,unmatched,0.643,,,
164,Rio Rhythmics,http://www.riorhythmics.com,/images/riorhythmics_165x87.gif,C:\Users\Matt\OneDrive\Cloud\1-Business\Dad Businesses (E4S - Afterwork)\e4s-25-10-16.txt#jos_content:476,Sunshine Coast,covered,matched_domain,1,627,Rio Rhythmics - Brisbane,riorhythmics.com
165,Success Introductions,,/images/successintroductions_ani_12.gif,F:\Work\Websites\Frontpage Sites\events4singles\intro_agencies.htm,,possible_old_only,unmatched,0.75,,,
166,Loves Not Blind,http://www.lovesnotblind.com.au,/images/lovesnotblind_120x80.jpg,C:\Users\Matt\OneDrive\Cloud\1-Business\Dad Businesses (E4S - Afterwork)\e4s-25-10-16.txt#jos_content:96,Brisbane,covered,matched_domain,1,611,Loves Not Blind,lovesnotblind.com.au
167,Link Introductions has been serving South Australians for over twenty years,http://www.linkintroductions.com.au,/images/Introductions.gif,D:\Projects\Clients\Dad\Events4singles\legacy\site\images\events_adelaide.htm,Adelaide,possible_old_only,unmatched,0.474,,,
168,Hari Travel,http://www.haritravel.com.au,/images/haritravel_120x83.gif,F:\Work\Websites\Frontpage Sites\events4singles\tours4singles.htm,,possible_old_only,unmatched,0.727,,,
170,Dance Amanda,http://www.danceamanda.com,/images/danceamanda-120x80.jpg,C:\Users\Matt\OneDrive\Cloud\1-Business\Dad Businesses (E4S - Afterwork)\e4s-25-10-16.txt#jos_content:478,Perth,covered,matched_domain,1,106,"Dance Amanda West Coast Swing, Argentine Tango, Salsa, Samba, Zumba – Perth 0421 192 080",danceamanda.com
171,Tasmanian Jazz Promotions,http://www.tasjazz.ii.net,/images/button10.gif,C:\Users\Matt\OneDrive\Cloud\1-Business\Dad Businesses (E4S - Afterwork)\e4s-25-10-16.txt#jos_content:272,,covered,matched_domain,1,665,Tasmania Jazz in Tasmanian towns,tasjazz.ii.net
173,TROPICAL SOUL DANCE STUDIO,http://www.tsdance.com.au/,/images/Mango-Dance-Studio_100x94.gif,C:\Users\Matt\OneDrive\Cloud\1-Business\Dad Businesses (E4S - Afterwork)\e4s-25-10-16.txt#jos_content:470,Sydney,covered,matched_title,1,661,TROPICAL SOUL DANCE STUDIO,
174,Integrabiz,http://www.menslink.org.au,/images/menslink_120x80.jpg,C:\Users\Matt\OneDrive\Cloud\1-Business\Dad Businesses (E4S - Afterwork)\e4s-25-10-16.txt#jos_content:93,Canberra,covered,matched_domain,1,615,Men's Link Life Coaching - Canberra,menslink.org.au
175,11 Sunday,,,D:\Projects\Clients\Dad\Events4singles\legacy\site\Archive File\misc\Events calender hold\hollywood.htm,,drop:no_contact_or_image,unmatched,0.609,,,
176,Relationship Remedies,http://www.relationship-remedies.com,/images/relationshipremedies_150x97.jpg,C:\Users\Matt\OneDrive\Cloud\1-Business\Dad Businesses (E4S - Afterwork)\e4s-25-10-16.txt#jos_content:102,Melbourne,covered,matched_domain,1,365,Relationship Remedies,relationship-remedies.com
178,Social Elements,http://www.socialelementsperth.com.au,,C:\Users\Matt\OneDrive\Cloud\1-Business\Dad Businesses (E4S - Afterwork)\e4s-25-10-16.txt#jos_content:49,Brisbane,possible_old_only,unmatched,0.833,,,
180,Perfect Partner,http://www.perfectpartner.com.au,/images/perfectpartners_170x74.gif,D:\Projects\Clients\Dad\Events4singles\legacy\site\archivefile\advertisers\perfect_partner.htm,,possible_old_only,unmatched,0.741,,,
181,Liquid Tours,http://www.liquidtours.com.au/,/images/liquidtours_140x79.gif,C:\Users\Matt\OneDrive\Cloud\1-Business\Dad Businesses (E4S - Afterwork)\e4s-25-10-16.txt#jos_content:105,Sydney,covered,matched_domain,1,246,Liquid Tours,liquidtours.com.au
182,Single with Children,http://www.singlewithchildren.com.au/,/images/singlewchil_120x80.jpg,C:\Users\Matt\OneDrive\Cloud\1-Business\Dad Businesses (E4S - Afterwork)\e4s-25-10-16.txt#jos_content:231,Central Coast,covered,matched_domain,1,404,Single with Children,singlewithchildren.com.au
183,The Hervey Bay Jazz Club,http://www.herveybayjazzclub.org.au,,C:\Users\Matt\OneDrive\Cloud\1-Business\Dad Businesses (E4S - Afterwork)\e4s-25-10-16.txt#jos_content:276,Brisbane,covered,matched_domain,1,482,The Hervey Bay Jazz Club,herveybayjazzclub.org.au
184,New Pioneers Social Club,,/images/pioneersc_120x80.gif,D:\Projects\Clients\Dad\Events4singles\legacy\site\social_clubs_syd (2).htm,Sydney,covered,matched_title,1,302,New Pioneers Social Club,newpioneerssocialclub.org.au
185,Event on Saturday 20 September,,,F:\Work\Websites\Frontpage Sites\events4singles\events_sunshine_coast.htm,Sunshine Coast,drop:non_listing_title,unmatched,0.476,,,
187,Amazing Coaching,http://www.amazingcoaching.com.au,/images/amazing_170x45.gif,C:\Users\Matt\OneDrive\Cloud\1-Business\Dad Businesses (E4S - Afterwork)\e4s-25-10-16.txt#jos_content:102,Sydney,covered,matched_domain,1,247,Lisa Phillips,amazingcoaching.com.au
188,Dinner Party Events,,/images/at46-ani_130x80.gif,D:\Projects\Clients\Dad\Events4singles\legacy\site\archivefile\whats_on\whatson_aug06.htm,,possible_old_only,unmatched,0.706,,,
189,Clear Day Councelling,http://www.cleardayconsulting.com.au/,/images/cleardayconsult_120x80.jpg,C:\Users\Matt\OneDrive\Cloud\1-Business\Dad Businesses (E4S - Afterwork)\e4s-25-10-16.txt#jos_content:101,Sydney,covered,matched_title,1,572,Clear Day Councelling,
190,The Basement,http://www.thebasement.com.au,/images/basement_165x44.gif,C:\Users\Matt\OneDrive\Cloud\1-Business\Dad Businesses (E4S - Afterwork)\e4s-25-10-16.txt#jos_content:277,Sydney,covered,matched_domain,1,476,The Basement Club,thebasement.com.au
191,Matchmates House Party,,,C:\Users\Matt\OneDrive\Cloud\1-Business\Dad Businesses (E4S - Afterwork)\e4s-25-10-16.txt#jos_content:81,Melbourne,covered,matched_title,1,614,Matchmates House Party,
192,Singularity Fridays,http://wahwahlounge.com.au/WahWah-Fridays/,/images/adpromo1.gif,C:\Users\Matt\OneDrive\Cloud\1-Business\Dad Businesses (E4S - Afterwork)\e4s-25-10-16.txt#jos_content:83,Melbourne,covered,matched_title,1,411,Singularity Fridays,wahwahlounge.com.au | wahwahlounge.com.au/wahwah-fridays
193,Joan Lesley International Clairvoyant,http://www.joanlesley.com.au/,/images/clip_image015.jpg,C:\Users\Matt\OneDrive\Cloud\1-Business\Dad Businesses (E4S - Afterwork)\e4s-25-10-16.txt#jos_content:106,Adelaide,covered,matched_domain,1,203,Joan Lesley International Clairvoyant,joanlesley.com.au
194,Rumbar,http://www.labomba.com.au,/images/labomba_165x61.gif,D:\Projects\Clients\Dad\Events4singles\legacy\site\images\events_adelaide.htm,Adelaide,possible_old_only,unmatched,0.571,,,
197,Breakaway Travel,http://www.breakawaytravel.com.au,/images/breakaway_120x80.jpg,C:\Users\Matt\OneDrive\Cloud\1-Business\Dad Businesses (E4S - Afterwork)\e4s-25-10-16.txt#jos_content:88,Sydney,covered,matched_domain,1,62,Breakaway Travel - Save up to 45% on selected cruises,breakawaytravel.com.au
198,Functions Afloat,http://www.functionsafloat.com.au,/images/functionsafloat_150x101.gif,C:\Users\Matt\OneDrive\Cloud\1-Business\Dad Businesses (E4S - Afterwork)\e4s-25-10-16.txt#jos_content:90,Sydney,covered,matched_domain,1,161,Functions Afloat,functionsafloat.com.au
199,Ideal Lifestyle Group,http://www.ideallifestyle.com.au,,D:\Projects\Clients\Dad\Events4singles\legacy\site\archivefile\advertisers\Listing archives.htm,,possible_old_only,unmatched,0.595,,,
200,Lovely Sundays,http://www.lovelysundays.com,/images/lovelysundays_120x80a.gif,D:\Projects\Clients\Dad\Events4singles\legacy\site\social_clubs_syd (2).htm,Sydney,covered,matched_domain,1,610,Lovely Sundays - Sydney,lovelysundays.com
201,Chaise Lounge,http://www.chaiselounge.com.au,/images/chaiselounge_165x70.jpg,C:\Users\Matt\OneDrive\Cloud\1-Business\Dad Businesses (E4S - Afterwork)\e4s-25-10-16.txt#jos_content:85,Melbourne,covered,matched_domain,1,80,Chaise Lounge,chaiselounge.com.au
202,CitySwoon Date Nights,http://www.cityswoon.com/dateNight.jsp,,C:\Users\Matt\OneDrive\Cloud\1-Business\Dad Businesses (E4S - Afterwork)\e4s-25-10-16.txt#jos_content:147,Sydney,possible_old_only,unmatched,0.6,,,
203,Eat & Meet,http://www.eatandmeet.com.au,/images/Eatandmeet_120x80.jpg,D:\Projects\Clients\Dad\Events4singles\legacy\site\dinner_for_six_sydney.htm,Sydney,covered,matched_domain,1,133,Eat & Meet,eatandmeet.com.au
204,Spin City,http://www.spincity.com.au,/images/spinCity165x50.gif,C:\Users\Matt\OneDrive\Cloud\1-Business\Dad Businesses (E4S - Afterwork)\e4s-25-10-16.txt#jos_content:169,Sydney,covered,matched_domain,1,431,Spin City,spincity.com.au
205,SA - Adelaide & Country Areas,http://www.eastendjazz.net,/images/button10.gif,C:\Users\Matt\OneDrive\Cloud\1-Business\Dad Businesses (E4S - Afterwork)\e4s-25-10-16.txt#jos_content:273,Adelaide,covered,matched_domain,1,668,The Coopers East End Jazz Festival,eastendjazz.net
206,CHECK OUT MORE UPCOMING PRE,,/images/speed_daters.jpg,D:\Projects\Clients\Dad\Events4singles\legacy\site\archivefile\pages\index\index-archfeb06.html,,possible_old_only,unmatched,0.481,,,
212,Melissa Anna Pinner,http://www.melissaanna.com.au/,/images/clip_image012.jpg,C:\Users\Matt\OneDrive\Cloud\1-Business\Dad Businesses (E4S - Afterwork)\e4s-25-10-16.txt#jos_content:106,Brisbane,covered,matched_domain,1,285,Melissa Anna Pinner,melissaanna.com.au
214,River City Cruises,http://www.rivercitycruises.com,/images/rivercity_165x95.jpg,C:\Users\Matt\OneDrive\Cloud\1-Business\Dad Businesses (E4S - Afterwork)\e4s-25-10-16.txt#jos_content:90,Brisbane,covered,matched_domain,1,367,River City Cruises,rivercitycruises.com
215,The Pitch Climbing Centre,http://www.pitch.com.au,/images/pitch_climbing_centre_165x7.jpg,C:\Users\Matt\OneDrive\Cloud\1-Business\Dad Businesses (E4S - Afterwork)\e4s-25-10-16.txt#jos_content:105,Sydney,covered,matched_domain,1,488,The Pitch Climbing Centre,pitch.com.au
216,Melbourne's first Greek Night for singles,,,D:\Projects\Clients\Dad\Events4singles\legacy\site\images\dinner_parties_melbourne.htm,Melbourne,drop:no_contact_or_image,unmatched,0.543,,,
217,The Social Calendar,http://www.socialcalendar.com.au,/images/social-calender_170x37.jpg,D:\Projects\Clients\Dad\Events4singles\legacy\site\archivefile\advertisers\Listing archives.htm,Brisbane,possible_old_only,unmatched,0.591,,,
218,Rockingham Cruises,http://www.rockinghamcruises.com,/images/rockinghamcruises_121x100.gif,C:\Users\Matt\OneDrive\Cloud\1-Business\Dad Businesses (E4S - Afterwork)\e4s-25-10-16.txt#jos_content:90,Perth,covered,matched_domain,1,369,Rockingham Cruises,rockinghamcruises.com
219,Hi Rise Dance and Arts Centre,http://www.thehirise.com,/images/hirise_120x80.jpg,D:\Projects\Clients\Dad\Events4singles\legacy\site\customer_listings\hirisedance.htm,,covered,matched_domain,1,596,Hi Rise Dance and Arts Centre,thehirise.com
220,Enfield House Party,,,D:\Projects\Clients\Dad\Events4singles\legacy\site\archivefile\advertisers\enfield_house_party.htm,,drop:no_contact_or_image,unmatched,0.634,,,
221,Thailand Golf Tours,http://www.thailandgolftours.com.au,,C:\Users\Matt\OneDrive\Cloud\1-Business\Dad Businesses (E4S - Afterwork)\e4s-25-10-16.txt#jos_content:87,Melbourne,covered,matched_title,1,666,Thailand Golf Tours,
222,Raw Connection,http://www.rawconnection.com.au/,/images/rawconnection_120x80.jpg,C:\Users\Matt\OneDrive\Cloud\1-Business\Dad Businesses (E4S - Afterwork)\e4s-25-10-16.txt#jos_content:141,Melbourne,covered,matched_domain,1,363,Raw Connection,rawconnection.com.au
223,F A B U L O U S F L I R T I N G Workshop Saturday 26 th August,,/images/life_coach_melb_240x80.gif,D:\Projects\Clients\Dad\Events4singles\legacy\site\archivefile\whats_on\whatson_aug06.htm,,drop:non_listing_title,unmatched,0.348,,,
225,Michaela Scherr,http://www.michaelascherr.com/shop/pages-main/shop-/index.html,/images/clip_image010.jpg,C:\Users\Matt\OneDrive\Cloud\1-Business\Dad Businesses (E4S - Afterwork)\e4s-25-10-16.txt#jos_content:106,Brisbane,covered,matched_domain,1,290,Michaela Scherr,michaelascherr.com
226,Lifeforce Enterprises,http://www.lifeforcediscoveryenterprises.com,/images/lifeforce_120x80.jpg,C:\Users\Matt\OneDrive\Cloud\1-Business\Dad Businesses (E4S - Afterwork)\e4s-25-10-16.txt#jos_content:103,Sydney,covered,matched_domain,1,455,SYDNEY & NSW,lifeforcediscoveryenterprises.com
227,Chris Rewell,http://www.chrisrewell.com.au/individual.html,/images/chrisrewell_160x110.gif,C:\Users\Matt\OneDrive\Cloud\1-Business\Dad Businesses (E4S - Afterwork)\e4s-25-10-16.txt#jos_content:102,Sydney,covered,matched_title,1,82,Chris Rewell,chrisrewell.com.au | chrisrewell.com.au/individual.html
230,Tengo Tango,,/images/TengoTango_170x84.jpg,D:\Projects\Clients\Dad\Events4singles\legacy\site\dance_classes_canberra.htm,Canberra,covered,matched_title,1,472,Tengo Tango,akvaryumhobisi.com/tengotango
231,Massage Schools of Queensland,http://www.massageschools.com.au,/images/massageschool_120x80.jpg,C:\Users\Matt\OneDrive\Cloud\1-Business\Dad Businesses (E4S - Afterwork)\e4s-25-10-16.txt#jos_content:103,Gold Coast,covered,matched_domain,1,273,Massage Schools of Queensland,massageschools.com.au
232,Julianna & Friends,http://www.juliannaandfriends.com.au/ccframe.html,/images/juliannaf_ani_120x82.gif,C:\Users\Matt\OneDrive\Cloud\1-Business\Dad Businesses (E4S - Afterwork)\e4s-25-10-16.txt#jos_content:92,Sydney,covered,matched_domain,1,205,Julianna and Friends,juliannaandfriends.com.au
233,Hot Feet Dance Company,http://www.hotfeetdance.com/,,C:\Users\Matt\OneDrive\Cloud\1-Business\Dad Businesses (E4S - Afterwork)\e4s-25-10-16.txt#jos_content:481,Sydney,covered,matched_domain,1,183,Hot Feet Dance Company,hotfeetdance.com
234,Latin Explosion,http://www.latinexplosion.com.au/,/images/latinexplosion_72x100.gif,C:\Users\Matt\OneDrive\Cloud\1-Business\Dad Businesses (E4S - Afterwork)\e4s-25-10-16.txt#jos_content:481,Sydney,covered,matched_domain,1,223,Latin Explosion Sydney,latinexplosion.com.au
235,WHAT'S ON,,/images/sydeventcruise_160x96.gif,C:\Users\Matt\OneDrive\Cloud\1-Business\Dad Businesses (E4S - Afterwork)\e4s-25-10-16.txt#jos_content:90,Sydney,drop:non_listing_title,unmatched,0.6,,,
236,Senior Contacts,http://www.seniorscontacts.com.au,/images/corporatesingles_anim_120x8.gif,C:\Users\Matt\OneDrive\Cloud\1-Business\Dad Businesses (E4S - Afterwork)\e4s-25-10-16.txt#jos_content:503,Sydney,covered,matched_domain,1,634,Senior Contacts Where discerning mature men and women meet their match !,seniorscontacts.com.au
237,Masters Billiards,http://www.150barkly.com,/images/Masters-Banner.jpg,C:\Users\Matt\OneDrive\Cloud\1-Business\Dad Businesses (E4S - Afterwork)\e4s-25-10-16.txt#jos_content:105,Melbourne,covered,matched_domain,1,274,Masters Billiards,150barkly.com
238,Green Papaya,http://www.green-papaya.com.au/,/images/greenpapaya_120x50.gif,C:\Users\Matt\OneDrive\Cloud\1-Business\Dad Businesses (E4S - Afterwork)\e4s-25-10-16.txt#jos_content:107,Melbourne,covered,matched_domain,1,173,Green Papaya,green-papaya.com.au
239,Where:,,/images/patpowell.jpg,D:\Projects\Clients\Dad\Events4singles\legacy\site\Customer page links\calendar page links\patpowell\pat_powell_flier_dec2005.htm,,drop:archive_or_admin_source,unmatched,0.5,,,
240,SSS Simply or Suddenly Single,http://www.sssingle.com.au,/images/sss_120x82.jpg,D:\Projects\Clients\Dad\Events4singles\legacy\site\customer_listings\ssingle.htm,,covered,matched_domain,1,633,SSS Simply or Suddenly Single,sssingle.com.au
241,Come Dance with Me,http://www.comedancewithme.com.au,/images/comedance_120x80.gif,D:\Projects\Clients\Dad\Events4singles\legacy\site\dance_classes_melbourne.htm,Melbourne,covered,matched_domain,1,98,Come Dance with Me,comedancewithme.com.au
242,Partners & Firends,,/images/partnerfriends_120x80.gif,C:\Users\Matt\OneDrive\Cloud\1-Business\Dad Businesses (E4S - Afterwork)\e4s-25-10-16.txt#jos_content:148,Melbourne,covered,matched_title,1,618,Partners & Firends,
243,The Singles Game,http://www.thesinglesgame.com.au,/images/singlesgame_120x80.jpg,C:\Users\Matt\OneDrive\Cloud\1-Business\Dad Businesses (E4S - Afterwork)\e4s-25-10-16.txt#jos_content:134,Melbourne,covered,matched_domain,1,547,The Singles Game,thesinglesgame.com.au
244,Salseros,http://www.salseros.com.au/,/images/salseros_ani_120x80.gif,C:\Users\Matt\OneDrive\Cloud\1-Business\Dad Businesses (E4S - Afterwork)\e4s-25-10-16.txt#jos_content:470,Sydney,covered,matched_domain,1,383,Salseros,salseros.com.au
245,Peronis Restaurant,http://www.peronis.com.au,/images/peronis_170x90.gif,C:\Users\Matt\OneDrive\Cloud\1-Business\Dad Businesses (E4S - Afterwork)\e4s-25-10-16.txt#jos_content:107,Sydney,covered,matched_domain,1,341,Peronis Restaurant,peronis.com.au
246,Yoga in the Forest,http://www.yogaintheforest.com,,C:\Users\Matt\OneDrive\Cloud\1-Business\Dad Businesses (E4S - Afterwork)\e4s-25-10-16.txt#jos_content:97,Sydney,covered,matched_domain,1,679,Yoga in the Forest,yogaintheforest.com
247,Arthur Murray Dance Studio,http://www.arthurmurrayvic.com/,/images/Mango-Dance-Studio_100x94.gif,C:\Users\Matt\OneDrive\Cloud\1-Business\Dad Businesses (E4S - Afterwork)\e4s-25-10-16.txt#jos_content:481,Melbourne,covered,matched_title,1,30,Arthur Murray Dance Studio,
248,We now have 25 million hits per year which makes us the Largest Singles Event Listing Resources Directory in Australia. This is a unique opportunity t,,,F:\Work\Admin\Dad\Events 4 Singles\Images\advertise.htm,,drop:no_contact_or_image,unmatched,0.314,,,
249,Entre Nous,http://www.singles.net.au,/images/entrenous_120x80.gif,D:\Projects\Clients\Dad\Events4singles\legacy\site\archivefile\advertisers\entre_nous__cathy_cassoulas.htm,Melbourne,possible_old_only,unmatched,0.615,,,
250,Heart Menders,http://www.heartmenders.com.au,/images/jessicarevill.gif,C:\Users\Matt\OneDrive\Cloud\1-Business\Dad Businesses (E4S - Afterwork)\e4s-25-10-16.txt#jos_content:93,Sydney,covered,matched_domain,1,179,Heart Menders,heartmenders.com.au
251,The Ultimate Caribbean Party! Friday 8th September,,/images/spindmusic_ani.gif,D:\Projects\Clients\Dad\Events4singles\legacy\site\archivefile\whats_on\whatson_sept06.htm,,possible_old_only,unmatched,0.459,,,
252,4 in 1 Fitness,http://www.4in1fitness.com.au,/images/4in1fitness120x70.gif,C:\Users\Matt\OneDrive\Cloud\1-Business\Dad Businesses (E4S - Afterwork)\e4s-25-10-16.txt#jos_content:169,Sydney,covered,matched_domain,1,4,4 in 1 Fitness,4in1fitness.com.au
253,Two's Company Dance Studios,,/images/twoscompany_120x80.png,D:\Projects\Clients\Dad\Events4singles\legacy\site\dance_classes_melbourne.htm,Melbourne,covered,matched_title,1,499,Two's Company Dance Studios,twoscompanydancestudios.com.au
254,Newtown Gym,http://sydney.citysearch.com.au/E/V/SYDNE/0016/99/12/,/images/BroadwayGym160x60.gif,C:\Users\Matt\OneDrive\Cloud\1-Business\Dad Businesses (E4S - Afterwork)\e4s-25-10-16.txt#jos_content:169,Sydney,covered,matched_domain,1,67,Broadway Gym,sydney.citysearch.com.au/e/v/sydne/0016/99/12
255,Matchmaker888,,/images/matchmaker888_120x80.gif,D:\Projects\Clients\Dad\Events4singles\legacy\site\events_sydney-.htm,Sydney,covered,matched_title,1,541,Matchmaker888,matchmaker888.com.au
256,Corporate Singles,,/images/Corpsing_121x80.gif,F:\Work\Websites\Frontpage Sites\events4singles\events_sydney.htm,Sydney,covered,matched_title,1,545,Corporate Singles,corporatesingles.com.au
257,SSL Certificates Net Registry are Australias biggest provider of Secure online Transaction Software. For details call 02-9415-1998,,,D:\Projects\Clients\Dad\Events4singles\legacy\site\product.htm,,drop:no_contact_or_image,unmatched,0.341,,,
258,Connection Social Links,,/images/connectionsociallinks_120x8.jpg,D:\Projects\Clients\Dad\Events4singles\legacy\site\social_clubs_melb.htm,Melbourne,covered,matched_title,1,99,Connection Social Links,connection-social-links.org
259,Passionata Dance,http://www.arthurmurray.com.au/,/images/arthurmurrayvic_ani_120x80.gif,C:\Users\Matt\OneDrive\Cloud\1-Business\Dad Businesses (E4S - Afterwork)\e4s-25-10-16.txt#jos_content:470,Sydney,covered,matched_domain,1,31,Arthur Murray Dance Studios,arthurmurray.com.au
260,facetime.com.au,http://www.facetime.com.au,/images/E4SSailor120x80Final.gif,C:\Users\Matt\OneDrive\Cloud\1-Business\Dad Businesses (E4S - Afterwork)\e4s-25-10-16.txt#jos_content:487,Melbourne,covered,matched_domain,1,537,facetime.com.au – Australia's liveliest activity network,facetime.com.au
261,Date School,http://www.dateschool.com.au,/images/dateschool_165x65.jpg,D:\Projects\Clients\Dad\Events4singles\legacy\site\Customer page links\quotes\image.htm,Perth,drop:archive_or_admin_source,unmatched,0.583,,,
262,AusLatin Production,http://www.auslatin.com/,/images/auslatin_90x89.gif,C:\Users\Matt\OneDrive\Cloud\1-Business\Dad Businesses (E4S - Afterwork)\e4s-25-10-16.txt#jos_content:470,Sydney,covered,matched_title,1,36,AusLatin Production,auslatin.com.au | auslatin.com
263,Psyche-Care,http://www.psyche-care.com,,C:\Users\Matt\OneDrive\Cloud\1-Business\Dad Businesses (E4S - Afterwork)\e4s-25-10-16.txt#jos_content:101,Sydney,covered,matched_title,1,624,Psyche-Care,
264,Mystery Tours & Wild Adventure Tours,http://www.wildadventuretours.com.au,/images/wildadventuretours_120x80.jpg,F:\Work\Websites\Frontpage Sites\events4singles\tours4singles.htm,,possible_old_only,unmatched,0.594,,,
265,Network Social Club,http://www.networksocialclub.org.au,/images/networksocialclub_ani_120x8.gif,C:\Users\Matt\OneDrive\Cloud\1-Business\Dad Businesses (E4S - Afterwork)\e4s-25-10-16.txt#jos_content:441,Melbourne,possible_old_only,unmatched,0.829,,,
266,Absolute Soul Secrets,http://www.absolutesoulsecrets.com.au/,/images/clip_image006_0000.jpg,C:\Users\Matt\OneDrive\Cloud\1-Business\Dad Businesses (E4S - Afterwork)\e4s-25-10-16.txt#jos_content:106,Sydney,covered,matched_domain,1,15,Absolute Soul Secrets,absolutesoulsecrets.com.au
267,Jazz in theTops,http://www.jazzinthetops.com.au,/images/category-hero-jazz-in-australia.svg,C:\Users\Matt\OneDrive\Cloud\1-Business\Dad Businesses (E4S - Afterwork)\e4s-25-10-16.txt#jos_content:277,Sydney,covered,matched_domain,1,197,Jazz in theTops,jazzinthetops.com.au
268,H.D. Chauffeur Ride,http://www.hdride.com.au,/images/hdchauffeur_140x53.gif,C:\Users\Matt\OneDrive\Cloud\1-Business\Dad Businesses (E4S - Afterwork)\e4sdbase.txt#jos_content:87,Melbourne,covered,matched_domain,1,175,H.D. Chauffeur Ride,hdride.com.au
269,Forest Yoga,http://www.forestyogapilates.com,,C:\Users\Matt\OneDrive\Cloud\1-Business\Dad Businesses (E4S - Afterwork)\e4s-25-10-16.txt#jos_content:97,Sydney,covered,matched_domain,1,590,Forest Yoga -,forestyogapilates.com
270,Divorce Success and You,http://divorcesuccessandyou.com/services/,,C:\Users\Matt\OneDrive\Cloud\1-Business\Dad Businesses (E4S - Afterwork)\e4s-25-10-16.txt#jos_content:490,,covered,matched_title,1,580,"Divorce, Success and You",
271,Move Your Body,http://www.moveyourbody.com.au/,/images/cerocgc_124x83.gif,C:\Users\Matt\OneDrive\Cloud\1-Business\Dad Businesses (E4S - Afterwork)\e4s-25-10-16.txt#jos_content:141,Gold Coast,covered,matched_domain,1,298,Move Your Body,moveyourbody.com.au
272,Christine Bennett,http://www.caring4couples.com.au/,/images/caring4couples_ani_120x81.gif,C:\Users\Matt\OneDrive\Cloud\1-Business\Dad Businesses (E4S - Afterwork)\e4s-25-10-16.txt#jos_content:93,Sydney,covered,matched_domain,1,90,Christine Bennett,caring4couples.com.au
273,Table Talking Dining,,,C:\Users\Matt\OneDrive\Cloud\1-Business\Dad Businesses (E4S - Afterwork)\e4s-25-10-16.txt#jos_content:439,,drop:no_contact_or_image,unmatched,0.514,,,
274,Yes to Health and Wealth,http://www.yestohealthandwealth.com/,/images/prmg_logo.gif,C:\Users\Matt\OneDrive\Cloud\1-Business\Dad Businesses (E4S - Afterwork)\e4s-25-10-16.txt#jos_content:99,Melbourne,covered,matched_domain,1,519,Yes to Health and Wealth,yestohealthandwealth.com
275,Thredbo Blues festival,http://www.thredboblues.com,,C:\Users\Matt\OneDrive\Cloud\1-Business\Dad Businesses (E4S - Afterwork)\e4s-25-10-16.txt#jos_content:277,Sydney,covered,matched_domain,1,495,Thredbo Blues festival,thredboblues.com
276,Murder Mysteries to die for,http://www.murdermysteryparties.com.au/,/images/murdermysteries_170x67.jpg,C:\Users\Matt\OneDrive\Cloud\1-Business\Dad Businesses (E4S - Afterwork)\e4s-25-10-16.txt#jos_content:85,Brisbane,covered,matched_domain,1,301,Murder Mysteries to die for,murdermysteryparties.com.au
277,Knobel Executive Coaching,http://www.knobel-executive-coaching.com.au,/images/karennobel_120x80.jpg,C:\Users\Matt\OneDrive\Cloud\1-Business\Dad Businesses (E4S - Afterwork)\e4s-25-10-16.txt#jos_content:93,Perth,covered,matched_domain,1,216,Knobel Executive Coaching,knobel-executive-coaching.com.au
279,HostelBookers,http://www.hostelbookers.com/hostels/spain/barcelona/,/images/hostels_120x80.png,C:\Users\Matt\OneDrive\Cloud\1-Business\Dad Businesses (E4S - Afterwork)\e4s-25-10-16.txt#jos_content:88,Sydney,covered,matched_domain,1,182,HostelBookers,hostelbookers.com
280,Eastern Suburbs Counselling,http://www.easternsuburbscounselling.com.au/,/images/escounsel_120x80.gif,C:\Users\Matt\OneDrive\Cloud\1-Business\Dad Businesses (E4S - Afterwork)\e4s-25-10-16.txt#jos_content:101,Sydney,covered,matched_title,1,584,Eastern Suburbs Counselling,
283,Latin Fusion,http://www.latinfusion.com.au/,/images/latinfusion_90x105.jpg,C:\Users\Matt\OneDrive\Cloud\1-Business\Dad Businesses (E4S - Afterwork)\e4s-25-10-16.txt#jos_content:470,Sydney,covered,matched_domain,1,225,Latin Fusion Sydney Parramatta Castle Hill Campbelltown Penrith,latinfusion.com.au
284,The Dinner Club,http://www.dinnerclub.net.au,/images/dinnerclub_150x95.jpg,C:\Users\Matt\OneDrive\Cloud\1-Business\Dad Businesses (E4S - Afterwork)\e4s-25-10-16.txt#jos_content:81,Melbourne,covered,matched_domain,1,480,The Dinner Club,dinnerclub.net.au
285,Dove International,http://www.doveinternational.com.au,/images/doveint_87x90.jpg,D:\Projects\Clients\Dad\Events4singles\legacy\site\archivefile\advertisers\dove_international.htm,Perth,possible_old_only,unmatched,0.682,,,
286,The Young Professionals Association Inc,http://www.youngprofessionals.org.au,/images/youngprofessionals_105x80.jpg,D:\Projects\Clients\Dad\Events4singles\legacy\site\Customer page links\quotes\youngprofessionals.htm,Brisbane,drop:archive_or_admin_source,unmatched,0.528,,,
287,Vanish,http://www.vanish.net.au,/images/vanish_165x40.gif,C:\Users\Matt\OneDrive\Cloud\1-Business\Dad Businesses (E4S - Afterwork)\e4s-25-10-16.txt#jos_content:96,Melbourne,covered,matched_domain,1,674,Vanish,vanish.net.au
288,Yvonne Allen and Associates,http://www.yvonneallen.com.au,/images/yvonne_allen_button_120x80.gif,D:\Projects\Clients\Dad\Events4singles\legacy\site\mature_dating_events.htm,Melbourne,covered,matched_domain,1,525,Yvonne Allen & Associates & Uno Lifestyle,yvonneallen.com.au
289,Brazil Dance Academy,http://www.brazildanceacademy.com,/images/brazil_dance_120x80.gif,D:\Projects\Clients\Dad\Events4singles\legacy\site\dance_classes_adelaide.htm,Adelaide,covered,matched_domain,1,60,Brazil Dance Academy,brazildanceacademy.com
291,Fast Match,http://www.fastmatch.com.au,/images/fastmatch-ani_120x80.gif,D:\Projects\Clients\Dad\Events4singles\legacy\site\speed_dating2.htm,,covered,matched_domain,1,587,Fast Match,fastmatch.com.au
292,Sway Dance Studio,,/images/swaydance_120x80.gif,D:\Projects\Clients\Dad\Events4singles\legacy\site\customer_listings\dance schools\std_danceschool_listing.htm,Melbourne,covered,matched_title,1,443,Sway Dance Studio,swaydancestudio.com.au
293,Speed Dating,http://www.speeddating.net.au,/images/dinnerclub_speeddate1_120x8.gif,C:\Users\Matt\OneDrive\Cloud\1-Business\Dad Businesses (E4S - Afterwork)\e4s-25-10-16.txt#jos_content:49,Melbourne,covered,matched_domain,1,429,Speeddating.net.au,speeddating.net.au
294,Dr Zenaidy Castro,http://www.drzenaidycastro.com.au,/images/zenaidy_ani_120x80.gif,C:\Users\Matt\OneDrive\Cloud\1-Business\Dad Businesses (E4S - Afterwork)\e4s-25-10-16.txt#jos_content:103,Melbourne,covered,matched_domain,1,131,Dr Zenaidy Castro,drzenaidycastro.com.au
295,Cooper Consultancy,http://www.thecooperconsultancy.com,/images/cooperconsultancy_95x85.jpg,D:\Projects\Clients\Dad\Events4singles\legacy\site\Customer page links\quotes\cooper_consultancy.htm,,drop:archive_or_admin_source,unmatched,0.566,,,
296,Business Web-site,http://www.yourname.com,,D:\Projects\Clients\Dad\Events4singles\legacy\site\advertise.htm,,possible_old_only,unmatched,0.529,,,
297,Fiesta Cruises,http://www.fiestacruises.com.au/Specialevents/NYEschedule.htm,,C:\Users\Matt\OneDrive\Cloud\1-Business\Dad Businesses (E4S - Afterwork)\e4s-25-10-16.txt#jos_content:90,Sydney,covered,matched_domain,1,146,Fiesta Cruises,fiestacruises.com.au/specialevents/nyeschedule.htm
298,Street Beat Productions,http://www.streetbeatproductions.com.au,/images/streetbeat_160x80.jpg,D:\Projects\Clients\Dad\Events4singles\legacy\site\Customer page links\quotes\streetbeat.htm,,drop:archive_or_admin_source,unmatched,0.698,,,
299,Yoga Temple,http://www.theyogatemple.com,/images/yogatemple_120x80.gif,C:\Users\Matt\OneDrive\Cloud\1-Business\Dad Businesses (E4S - Afterwork)\e4s-25-10-16.txt#jos_content:97,Sydney,covered,matched_domain,1,521,Yoga Temple,theyogatemple.com
300,Firefly Dance Club,http://www.fireflydanceclub.com.au/Firefly/Singles.php,/images/firefly_125x80.jpg,C:\Users\Matt\OneDrive\Cloud\1-Business\Dad Businesses (E4S - Afterwork)\e4s-25-10-16.txt#jos_content:470,Sydney,covered,matched_domain,1,150,Firefly Dance Club,fireflydanceclub.com.au/firefly/singles.php
301,Serendipity,http://www.serendipitybeautyretreat.com.au,/images/seredepity_142x80.jpg,C:\Users\Matt\OneDrive\Cloud\1-Business\Dad Businesses (E4S - Afterwork)\e4s-25-10-16.txt#jos_content:96,Melbourne,covered,matched_domain,1,392,Serendipity,serendipitybeautyretreat.com.au
302,Kokoloco Latino Dancing,http://www.kokoloco.com.au,/images/kokoloco_120x80.gif,D:\Projects\Clients\Dad\Events4singles\legacy\site\dance_classes_canberra.htm,Canberra,covered,matched_domain,1,217,Kokoloco Latino Dancing,kokoloco.com.au
303,Brisbane Walks,http://www.BrisbaneWalks.com,/images/woolwichwalks_top_frame.jpg,C:\Users\Matt\OneDrive\Cloud\1-Business\Dad Businesses (E4S - Afterwork)\e4s-25-10-16.txt#jos_content:92,Brisbane,covered,matched_domain,1,656,Sunshine Coast Walks,brisbanewalks.com
304,Perfect Match,,/images/perfectmatch_120x80.gif,D:\Projects\Clients\Dad\Events4singles\legacy\site\customer_listings\perfectmatch.htm,,covered,matched_title,1,339,Perfect Match,
306,Forever Young Club,http://www.forever-young-club.com.au,/images/foreveryoung_120x83_v2.gif,C:\Users\Matt\OneDrive\Cloud\1-Business\Dad Businesses (E4S - Afterwork)\e4s-25-10-16.txt#jos_content:142,Melbourne,covered,matched_domain,1,165,FYC Travel Club,forever-young-club.com.au
307,Blue / Roots,http://www.bennettslane.com,,D:\Projects\Clients\Dad\Events4singles\legacy\site\jazz_melbourne.htm,Melbourne,covered,matched_domain,1,564,Blue / Roots,bennettslane.com
308,Hornsby World Of Fitness,http://www.hwf.com.au,/images/hornsbyWorldFitness120x100.gif,C:\Users\Matt\OneDrive\Cloud\1-Business\Dad Businesses (E4S - Afterwork)\e4s-25-10-16.txt#jos_content:169,Sydney,covered,matched_domain,1,181,Hornsby World Of Fitness,hwf.com.au
309,hookmeup.com.au,http://www.hookmeup.com.au,/images/hookedup_120x80.gif,D:\Projects\Clients\Dad\Events4singles\legacy\site\events_sydney-.htm,Sydney,covered,matched_domain,1,544,hookmeup.com.au,hookmeup.com.au
310,Swami's Yoga & Health Retreat,http://www.swami.com.au/,/images/Singles_Health.jpg,C:\Users\Matt\OneDrive\Cloud\1-Business\Dad Businesses (E4S - Afterwork)\e4s-25-10-16.txt#jos_content:97,Sydney,covered,matched_domain,1,658,Swami's Yoga & Health Retreat,swami.com.au
311,Latinissimo,http://www.latinissimo.com.au/,,C:\Users\Matt\OneDrive\Cloud\1-Business\Dad Businesses (E4S - Afterwork)\e4s-25-10-16.txt#jos_content:481,Melbourne,covered,matched_domain,1,231,Latinissimo,latinissimo.com.au
312,Jacquelene Close Moore,http://www.jacquelene.com.au/,/images/clip_image014.jpg,C:\Users\Matt\OneDrive\Cloud\1-Business\Dad Businesses (E4S - Afterwork)\e4s-25-10-16.txt#jos_content:106,Melbourne,covered,matched_title,1,195,Jacquelene Close Moore,jacqueleneclosemoore.com
313,Windsor Polo Club,,,C:\Users\Matt\OneDrive\Cloud\1-Business\Dad Businesses (E4S - Afterwork)\e4s-25-10-16.txt#jos_content:134,Melbourne,drop:no_contact_or_image,unmatched,0.537,,,
315,Hot Oz Yoga,http://www.hotozyoga.com.au,/images/hotozyoga_120x80.gif,C:\Users\Matt\OneDrive\Cloud\1-Business\Dad Businesses (E4S - Afterwork)\e4s-25-10-16.txt#jos_content:97,Sydney,covered,matched_domain,1,184,Hot Oz Yoga,hotozyoga.com.au
316,"Fun, Food and Friendship",http://www.funfoodandfriendship.com,/images/funfoodfriendship_120x50.gif,D:\Projects\Clients\Dad\Events4singles\legacy\site\archivefile\advertisers\funfood_friendship.htm,Melbourne,covered,matched_title,1,592,Fun Food and Friendship,
317,Getalife.com.au,http://www.getalife.com.au,/images/Events4Singles120x80.gif,F:\Work\Websites\Frontpage Sites\events4singles\emag\newsletter_april09.html,,possible_old_only,unmatched,0.552,,,
318,Soul Mates Relationship Consultancy,http://www.soul-mates.com.au,/images/soul-mates-72x120x80.jpg,C:\Users\Matt\OneDrive\Cloud\1-Business\Dad Businesses (E4S - Afterwork)\e4s-25-10-16.txt#jos_content:140,Hobart,covered,matched_domain,1,645,Soul Mates Relationship Consultancy,soul-mates.com.au
319,Live Life 2 the Max,http://www.livelife2themax.com.au/cluedin.html,/images/ll2max_120x80.jpg,C:\Users\Matt\OneDrive\Cloud\1-Business\Dad Businesses (E4S - Afterwork)\e4s-25-10-16.txt#jos_content:102,Brisbane,covered,matched_domain,1,249,Live Life 2 the Max,livelife2themax.com.au
320,SIX IN THE CITY,http://www.sixinthecity.com.au,/images/sixinthecity_157x87.gif,D:\Projects\Clients\Dad\Events4singles\legacy\site\dinner_for_six_brisbane.htm,Brisbane,covered,matched_domain,1,413,SIX IN THE CITY,sixinthecity.com.au
321,Cairns Social Events,http://www.cairnssocialevents.com.au/,/images/cairns-social-events_120x80.jpg,C:\Users\Matt\OneDrive\Cloud\1-Business\Dad Businesses (E4S - Afterwork)\e4s-25-10-16.txt#jos_content:146,Cairns,covered,matched_domain,1,567,Cairns Social Events,cairnssocialevents.com.au
322,House Parties,,/images/dinnerclub_150x95.jpg,D:\Projects\Clients\Dad\Events4singles\legacy\site\houseparties.htm,,covered,matched_title,1,599,House Parties,
323,Young at Heart,http://www.young-at-heart.com.au,/images/youngatheart_120x82.jpg,C:\Users\Matt\OneDrive\Cloud\1-Business\Dad Businesses (E4S - Afterwork)\e4s-25-10-16.txt#jos_content:503,Sydney,covered,matched_domain,1,524,Young at Heart Young at Heart 50+,young-at-heart.com.au
324,s Events calendar Wollongong,,/images/icon_wollongong.gif,D:\Projects\Clients\Dad\Events4singles\legacy\site\event_calendar_wollongong.htm,,drop:non_listing_title,unmatched,0.449,,,
325,Sherwood Yoga,http://www.sherwoodyoga.com.au,/images/nataliemorris_120x80.gif,C:\Users\Matt\OneDrive\Cloud\1-Business\Dad Businesses (E4S - Afterwork)\e4s-25-10-16.txt#jos_content:97,Brisbane,covered,matched_domain,1,394,Sherwood Yoga,sherwoodyoga.com.au
326,Mirimar Cruises,http://www.mirimar.com,,C:\Users\Matt\OneDrive\Cloud\1-Business\Dad Businesses (E4S - Afterwork)\e4s-25-10-16.txt#jos_content:90,Brisbane,covered,matched_domain,1,293,Mirimar Cruises,mirimar.com
327,02-9953-2680,,/images/lw_minipage_image2.jpg,D:\Projects\Clients\Dad\Events4singles\legacy\site\Customer page links\customer_pages\Lloyd Wells\lloydwells_pagelink.htm,,possible_old_only,unmatched,0.273,,,
328,Grads Social Club,http://www.gradssocialclub.com.au,,C:\Users\Matt\OneDrive\Cloud\1-Business\Dad Businesses (E4S - Afterwork)\e4s-25-10-16.txt#jos_content:437,Sydney,covered,matched_title,1,171,GRADS Social Club,grads.d2.net.au
329,A1 Mortgages,http://www.a1mortgages.com.au,/images/a1m_top_logo.gif,C:\Users\Matt\OneDrive\Cloud\1-Business\Dad Businesses (E4S - Afterwork)\e4s-25-10-16.txt#jos_content:98,,covered,matched_title,1,10,A1 Mortgages,esanda.com
330,First Class Travel,http://www.firstclass.com.au,/images/firstclasstravel_ani_120x80.gif,D:\Projects\Clients\Dad\Events4singles\legacy\site\customer_listings\firstclasstravel.htm,,covered,matched_domain,1,588,First Class Travel,firstclass.com.au
331,Raineforest Massage Therapy and Day Spa,http://www.rainesforestmassage.com,/images/raineforest_125x80.jpg,C:\Users\Matt\OneDrive\Cloud\1-Business\Dad Businesses (E4S - Afterwork)\e4s-25-10-16.txt#jos_content:103,Sydney,covered,matched_domain,1,361,Rainesforest Massage Therapy and Day Spa,rainesforestmassage.com
333,Lifes an Adventure,,/images/lifesanadventure_120x80.gif,D:\Projects\Clients\Dad\Events4singles\legacy\site\events_sydney-.htm,Sydney,covered,matched_fuzzy_title,0.973,543,Life's an Adventure,lifesanadventure.com.au
335,Villa Caprese,http://www.villacaprese.com.au,/images/villacaprese_160x100.jpg,D:\Projects\Clients\Dad\Events4singles\legacy\site\Customer page links\quotes\villacaprese.htm,,drop:archive_or_admin_source,unmatched,0.64,,,
336,We Introduce You,http://www.weintroduceyou.com.au,/images/asianevents_ani-120x80.gif,C:\Users\Matt\OneDrive\Cloud\1-Business\Dad Businesses (E4S - Afterwork)\e4s-25-10-16.txt#jos_content:68,Sydney,covered,matched_domain,1,513,We Introduce You,weintroduceyou.com.au
337,Act Sing Dance,http://www.actsingdance.com.au/,/images/dt_kaylene_pomana_jones.jpg,C:\Users\Matt\OneDrive\Cloud\1-Business\Dad Businesses (E4S - Afterwork)\e4s-25-10-16.txt#jos_content:470,Sydney,covered,matched_domain,1,16,Act Sing Dance,actsingdance.com.au
338,Cottesloe Counselling Centre,,/images/cottesloe_120x80.gif,D:\Projects\Clients\Dad\Events4singles\legacy\site\psychology.htm,,covered,matched_title,1,574,Cottesloe Counselling Centre,
339,Rolfing on the move withSu Tindall,http://www.rolfing-on-the-move.com.au,/images/rolfingbysutindall_120x80.gif,C:\Users\Matt\OneDrive\Cloud\1-Business\Dad Businesses (E4S - Afterwork)\e4s-25-10-16.txt#jos_content:103,Sydney,covered,matched_domain,1,370,Rolfing on the move with Su Tindall,rolfing-on-the-move.com.au
340,Hearts United,http://www.heartsunited.com.au,/images/heartsunited_ANI_120x80.gif,F:\Work\Websites\Frontpage Sites\events4singles\intro_agencies.htm,,possible_old_only,unmatched,0.583,,,
341,Riviera Singles,http://www.rivierasingles.com.au,/images/rivierasingles_170x75.jpg,C:\Users\Matt\OneDrive\Cloud\1-Business\Dad Businesses (E4S - Afterwork)\e4s-25-10-16.txt#jos_content:105,Melbourne,covered,matched_domain,1,368,Riviera Singles,rivierasingles.com.au
342,The Living Single,http://www.thelivingsingle.com.au,/images/LivingNowDirectory.gif,D:\Projects\Clients\Dad\Events4singles\legacy\site\archivefile\advertisers\Listing archives.htm,,possible_old_only,unmatched,0.703,,,
344,Holistic Options,http://www.holisticoptions.com.au/yoga.htm,/images/yoga2-_120x80.gif,C:\Users\Matt\OneDrive\Cloud\1-Business\Dad Businesses (E4S - Afterwork)\e4s-25-10-16.txt#jos_content:97,Brisbane,covered,matched_domain,1,180,Holistic Options,holisticoptions.com.au/yoga.htm
345,Showy Salsa Dance Company,http://www.showysalsa.com,/images/showysalsa_120x80.gif,F:\Work\Admin\Dad\Events 4 Singles\Images\dance_classes_melbourne.htm,Melbourne,possible_old_only,unmatched,0.723,,,
346,Della Corys' Upscale Dating Agency & Matchmaking Service,http://www.dellacory.com/,/images/della_cory_millionaire_matchmaker_120x80.jpg,C:\Users\Matt\OneDrive\Cloud\1-Business\Dad Businesses (E4S - Afterwork)\e4s-25-10-16.txt#jos_content:503,Melbourne,covered,matched_domain,1,123,Della Corys' Upscale Dating Agency & Matchmaking Service,dellacory.com
347,Hi First Name Welcome to our 1 st issue of the Events4singles Newsletter . It has been big month for us here at Events4singles. We have put together a,http://www.18to31.com.au,,D:\Projects\Clients\Dad\Events4singles\legacy\site\emag\newsletter-may06.htm,,review:long_title,unmatched,0.337,,,
348,Swing Patrol,http://www.swingpatrol.com.au,/images/swingpatrol_155x101.gif,D:\Projects\Clients\Dad\Events4singles\legacy\site\Customer page links\quotes\swingpatrol.htm,,drop:archive_or_admin_source,unmatched,0.696,,,
349,City Gym,http://www.citygym.com.au,/images/cityGym165x60.gif,C:\Users\Matt\OneDrive\Cloud\1-Business\Dad Businesses (E4S - Afterwork)\e4s-25-10-16.txt#jos_content:169,Sydney,covered,matched_domain,1,91,City Gym,citygym.com.au
350,The Meet Market,http://www.themeetmarket.com.au/,/images/meetmarket_120x103.gif,C:\Users\Matt\OneDrive\Cloud\1-Business\Dad Businesses (E4S - Afterwork)\e4s-25-10-16.txt#jos_content:446,Perth,covered,matched_domain,1,670,The Meet Market,themeetmarket.com.au
351,YOUNGS Promotions,http://www.youngs-promotions.com.au,/images/youngs_96x80.gif,D:\Projects\Clients\Dad\Events4singles\legacy\site\images\events_melbourne.htm,Melbourne,possible_old_only,unmatched,0.6,,,
352,Platform 9 Restaurant,,/images/platform_129x80.gif,D:\Projects\Clients\Dad\Events4singles\legacy\site\function_centres.htm,,covered,matched_title,1,347,Platform 9 Restaurant,ipswichinternational.com.au
353,Bailemos Dance Classes,http://www.bailemos.com.au/,/images/bailemos_120x80.gif,C:\Users\Matt\OneDrive\Cloud\1-Business\Dad Businesses (E4S - Afterwork)\e4s-25-10-16.txt#jos_content:470,Sydney,covered,matched_domain,1,43,"Bailemos Penrith & Liverpool, Sydney",bailemos.com.au
355,M. V. Perth Cruises,http://www.mvperth.com.au,/images/MVperthcruises_120x87.gif,C:\Users\Matt\OneDrive\Cloud\1-Business\Dad Businesses (E4S - Afterwork)\e4s-25-10-16.txt#jos_content:90,Perth,covered,matched_domain,1,264,M. V. Perth Cruises,mvperth.com.au
356,Leroc Dance Society,http://www.leroc.com.au,/images/lerocbris.jpg,D:\Projects\Clients\Dad\Events4singles\legacy\site\dance_classes_brisbane.htm,Brisbane,covered,matched_domain,1,240,Leroc Dance Society,leroc.com.au
357,Eve Harbour Cruises,http://www.eveharbourcruises.com.au/page.php?content=nye.php,,C:\Users\Matt\OneDrive\Cloud\1-Business\Dad Businesses (E4S - Afterwork)\e4s-25-10-16.txt#jos_content:90,Sydney,covered,matched_domain,1,142,Eve Harbour Cruises,eveharbourcruises.com.au/page.php
358,"Sacred Self based Sydney, Australia wide, International",http://www.sacredself.com.au,,F:\Work\Websites\Frontpage Sites\events4singles\healing_and_happiness.htm,,possible_old_only,unmatched,0.556,,,
359,Dinner at Eight,,/images/meet_at_dinner_150x70.gif,D:\Projects\Clients\Dad\Events4singles\legacy\site\images\events_melbourne.htm,Melbourne,covered,matched_title,1,536,Dinner at Eight,dinnerateight.com.au
360,InviteU2 Pty Ltd,http://www.inviteu2.com.au/,/images/InviteU2_120x80.jpg,C:\Users\Matt\OneDrive\Cloud\1-Business\Dad Businesses (E4S - Afterwork)\e4s-25-10-16.txt#jos_content:487,Brisbane,covered,matched_domain,1,193,InviteU2 Pty Ltd,inviteu2.com.au
361,Conxus,http://www.conxus.com.au,/images/conxus_120x80.jpg,F:\Work\Admin\Dad\Events 4 Singles\Images\dinner_parties_brisbane.htm,Brisbane,possible_old_only,unmatched,0.5,,,
362,Step in Time Ballroom Dancing,,,C:\Users\Matt\OneDrive\Cloud\1-Business\Dad Businesses (E4S - Afterwork)\e4s-25-10-16.txt#jos_content:470,Sydney,covered,matched_title,1,434,Step in Time Ballroom Dancing,
363,Shanti Yoga,http://www.shantiyoga.com.au,/images/shantiyoga_120x80.gif,C:\Users\Matt\OneDrive\Cloud\1-Business\Dad Businesses (E4S - Afterwork)\e4s-25-10-16.txt#jos_content:97,Brisbane,covered,matched_domain,1,393,Shanti Yoga - Southport,shantiyoga.com.au
364,Passionata Dance,http://www.passionatadance.com,/images/passionatalogo_sss.jpg,D:\Projects\Clients\Dad\Events4singles\legacy\site\dance_classes_sydney.htm,Sydney,covered,matched_title,1,330,Passionata Dance,passionatadance.com | arthurmurraysydney.com.au
365,Make Me Over,http://www.makemeover.com.au,/images/makemeover_119x80.jpg,C:\Users\Matt\OneDrive\Cloud\1-Business\Dad Businesses (E4S - Afterwork)\e4s-25-10-16.txt#jos_content:96,Melbourne,covered,matched_domain,1,267,Make Me Over,makemeover.com.au
366,Venus & Mars Speed Dating,,/images/vmsp_ani_120x80.gif,F:\Work\Websites\Frontpage Sites\events4singles\events_melbourne.htm,Melbourne,possible_old_only,unmatched,0.714,,,
367,Turf Bar,http://www.turfbar.com.au/,/images/tbff_153x87.jpg,C:\Users\Matt\OneDrive\Cloud\1-Business\Dad Businesses (E4S - Afterwork)\e4s-25-10-16.txt#jos_content:139,Melbourne,covered,matched_domain,1,538,Turf Bar,turfbar.com.au
368,Entre Nous May Ball,http://www.singles.net.au,/images/may-ball-web-header-flat.gif,D:\Projects\Clients\Dad\Events4singles\legacy\site\archivefile\whats_on\whatson_may06.htm,,possible_old_only,unmatched,0.625,,,
369,Above All Healing,http://www.aboveallhealing.com,,C:\Users\Matt\OneDrive\Cloud\1-Business\Dad Businesses (E4S - Afterwork)\e4s-25-10-16.txt#jos_content:104,Brisbane,covered,matched_title,1,552,Above All Healing,
370,Perth Dating Services,http://www.perthdatingservices.com.au/,/images/pib-ani_121x80.gif,C:\Users\Matt\OneDrive\Cloud\1-Business\Dad Businesses (E4S - Afterwork)\e4s-25-10-16.txt#jos_content:68,Melbourne,covered,matched_title,1,622,Perth Dating Services,
371,Jennifer Berry,http://www.jenniferberry.com.au,/images/jenberry_90x95.gif,D:\Projects\Clients\Dad\Events4singles\legacy\site\Customer page links\quotes\Jenniferberry.htm,,drop:archive_or_admin_source,unmatched,0.621,,,
372,Sandra Nemet,http://www.nemet.com.au/,/images/clip_image002_0000.jpg,C:\Users\Matt\OneDrive\Cloud\1-Business\Dad Businesses (E4S - Afterwork)\e4s-25-10-16.txt#jos_content:106,Hobart,covered,matched_domain,1,385,Sandra Nemet,nemet.com.au
373,Sotai Therapy,http://www.sotaitherapies.com.au,,C:\Users\Matt\OneDrive\Cloud\1-Business\Dad Businesses (E4S - Afterwork)\e4s-25-10-16.txt#jos_content:97,Sydney,covered,matched_domain,1,644,Sotai Therapy,sotaitherapies.com.au
374,Clint Paddison Comedian “Check out some live stand-up comedy near you with Australia’s finest comedian Clint Paddison “ www.clint.com.au,http://www.adamdean.com.au,/images/Clint-for-Ovations_100x122.jpg,D:\Projects\Clients\Dad\Events4singles\legacy\site\comedians.htm,,review:long_title,unmatched,0.299,,,
375,Blink Speed Dating,,/images/blinkdating_120x80.gif,C:\Users\Matt\OneDrive\Cloud\1-Business\Dad Businesses (E4S - Afterwork)\e4s-25-10-16.txt#jos_content:142,Melbourne,covered,matched_title,1,563,Blink Speed Dating,
377,Wangaratta Festival of Jazz,,,D:\Projects\Clients\Dad\Events4singles\legacy\site\jazz in australia.htm,,covered,matched_title,1,675,Wangaratta Festival of Jazz,
378,Salsa Dance Academy,http://www.therapture.com.au/,/images/RaptureCard_2.gif,C:\Users\Matt\OneDrive\Cloud\1-Business\Dad Businesses (E4S - Afterwork)\e4s-25-10-16.txt#jos_content:481,Perth,covered,matched_domain,1,379,Salsa Dance Academy,therapture.com.au
379,Spirit of the West,http://www.spiritofthewest.com.au,/images/spiritofthewest_120x84.gif,D:\Projects\Clients\Dad\Events4singles\legacy\site\customer_listings\spiritofthewest.htm,,covered,matched_domain,1,653,Spirit of the West,spiritofthewest.com.au
380,Ceroc Australia,http://www.cerocaustralia.com.au,/images/img_dance2e.jpg,D:\Projects\Clients\Dad\Events4singles\legacy\site\archivefile\pages\dance_classes_archsept06.htm,,covered,matched_domain,1,76,Ceroc Australia,cerocaustralia.com.au
381,If you are contacting us about being listed in this directory,,,D:\Projects\Clients\Dad\Events4singles\legacy\site\contact.htm,,drop:no_contact_or_image,unmatched,0.474,,,
382,It Takes 2,http://www.ittakes2.com.au,/images/ittakes2_90x80.gif,C:\Users\Matt\OneDrive\Cloud\1-Business\Dad Businesses (E4S - Afterwork)\e4s-25-10-16.txt#jos_content:93,Sydney,covered,matched_domain,1,194,It Takes 2,ittakes2.com.au
383,The Mustang Bar,http://www.mustangbar.com.au/gigguide.asp,/images/mustangbar_150x80.gif,C:\Users\Matt\OneDrive\Cloud\1-Business\Dad Businesses (E4S - Afterwork)\e4s-25-10-16.txt#jos_content:85,Brisbane,covered,matched_domain,1,487,The Mustang Bar,mustangbar.com.au
384,Harlan Shuttle,http://www.harlanshuttle.com.au,/images/harlen_150x99.jpg,D:\Projects\Clients\Dad\Events4singles\legacy\site\archivefile\advertisers\harlan_shuttle.htm,Melbourne,possible_old_only,unmatched,0.552,,,
385,What a Dish,http://www.whatadish.net.au,/images/what-a-dish_120x81.gif,C:\Users\Matt\OneDrive\Cloud\1-Business\Dad Businesses (E4S - Afterwork)\e4s-25-10-16.txt#jos_content:507,Melbourne,covered,matched_domain,1,677,What a Dish,whatadish.net.au
386,Climb Fit,http://www.climbfit.com.au,/images/climbFit120x70.gif,C:\Users\Matt\OneDrive\Cloud\1-Business\Dad Businesses (E4S - Afterwork)\e4s-25-10-16.txt#jos_content:169,Sydney,covered,matched_domain,1,94,Climb Fit,climbfit.com.au
388,Harmony Body and Mind,http://www.harmonybodyandmind.com.au,/images/shanti_120x80.gif,C:\Users\Matt\OneDrive\Cloud\1-Business\Dad Businesses (E4S - Afterwork)\e4s-25-10-16.txt#jos_content:97,Brisbane,covered,matched_title,1,595,Harmony Body and Mind,
389,Singles Holiday with Taste,http://www.accommodationauctions.com/,/images/accomonline_120x80.gif,C:\Users\Matt\OneDrive\Cloud\1-Business\Dad Businesses (E4S - Afterwork)\e4s-25-10-16.txt#jos_content:135,,covered,matched_domain,1,539,Singles Holiday with Taste,accommodationauctions.com
390,Sidewalk Tango,http://www.sidewalktango.com.au,/images/tangowalk.jpg,D:\Projects\Clients\Dad\Events4singles\legacy\site\Customer page links\quotes\tangowalk.htm,,drop:archive_or_admin_source,unmatched,0.769,,,
391,New South Wales,,/images/ruedismo_160x100.gif,D:\Projects\Clients\Dad\Events4singles\legacy\site\dance_classes_salsa.htm,,possible_old_only,unmatched,0.583,,,
392,Blusuga Speed Dating in Melbourne,http://www.blusuga.com,/images/blusuga_110x85.gif,D:\Projects\Clients\Dad\Events4singles\legacy\site\images\events_melbourne.htm,Melbourne,possible_old_only,unmatched,0.678,,,
393,Dinner for Two,http://www.dinner-fortwo.com,,C:\Users\Matt\OneDrive\Cloud\1-Business\Dad Businesses (E4S - Afterwork)\e4s-25-10-16.txt#jos_content:68,Sydney,possible_old_only,unmatched,0.786,,,
395,Sue Hearn,http://www.suehearn.com.au/,/images/suehearn_120x80.gif,C:\Users\Matt\OneDrive\Cloud\1-Business\Dad Businesses (E4S - Afterwork)\e4s-25-10-16.txt#jos_content:101,Melbourne,covered,matched_title,1,655,Sue Hearn,
396,Face to Face Multi Award Winners,http://www.facetoface.com.au,/images/facetoface_ani_120x80.gif,D:\Projects\Clients\Dad\Events4singles\legacy\site\intro_agencies.htm,Brisbane,covered,matched_domain,1,145,Face to Face Multi Award Winners,facetoface.com.au
397,Captain Cook Cruises,http://www.captcookcrus.com.au,/images/CaptainCookCruises_146x93.jpg,C:\Users\Matt\OneDrive\Cloud\1-Business\Dad Businesses (E4S - Afterwork)\e4s-25-10-16.txt#jos_content:90,Sydney,covered,matched_domain,1,72,Captain Cook Cruises,captcookcrus.com.au
398,NLP,http://www.aainlp.com.au/index.html,/images/nlp_167x42.gif,D:\Projects\Clients\Dad\Events4singles\legacy\site\Customer page links\quotes\nlp.htm,,drop:archive_or_admin_source,unmatched,0.444,,,
399,Life Coach and Associate NLP Trainer Location Albury Wodonga,,/images/jennytwohig-sml.jpg,D:\Projects\Clients\Dad\Events4singles\legacy\site\page_links\lifecoaches\lifecoachbio_jennifertwohig_albury.htm,,possible_old_only,unmatched,0.434,,,
400,Dinner For Six,http://www.dinnerforsix.com.au/,/images/category-hero-dinner-for-six-adelaide.svg,C:\Users\Matt\OneDrive\Cloud\1-Business\Dad Businesses (E4S - Afterwork)\e4s-25-10-16.txt#jos_content:139,Melbourne,covered,matched_title,1,579,Dinner For Six,
401,The Caf Club,http://www.cafeclub.gq.nu,/images/cafeclub_120x80.gif,D:\Projects\Clients\Dad\Events4singles\legacy\site\events_adelaide.htm,Adelaide,covered,matched_domain,1,477,The Caf Club,cafeclub.gq.nu
402,Learn 2 Date,http://www.learn2date.com,/images/learn2date_123x60.gif,D:\Projects\Clients\Dad\Events4singles\legacy\site\archivefile\advertisers\learn_2_date.htm,,possible_old_only,unmatched,0.571,,,
403,Supper Connections,http://www.supperconnections.com,/images/suppeconnections_150x104.gif,F:\Work\Websites\Frontpage Sites\events4singles\dinner_parties_goldcoast.htm,Gold Coast,possible_old_only,unmatched,0.778,,,
404,Single Parent Family Association,http://www.singleparents.com.au,/images/swc_165x77.gif,D:\Projects\Clients\Dad\Events4singles\legacy\site\images\social_clubs_syd.htm,Sydney,possible_old_only,unmatched,0.536,,,
405,Christians Online,http://www.christiansonline.com.au,/images/christiansonline_150x91.gif,D:\Projects\Clients\Dad\Events4singles\legacy\site\archivefile\advertisers\christians_online.htm,Melbourne,covered,matched_domain,1,89,Christian Online,christiansonline.com.au/speeddating/about.asp?bac-e4sod
406,Phuze,http://www.phuze.com.au/,/images/phuze_56x165.jpg,C:\Users\Matt\OneDrive\Cloud\1-Business\Dad Businesses (E4S - Afterwork)\e4s-25-10-16.txt#jos_content:472,Sydney,covered,matched_domain,1,345,Phuze,phuze.com.au
407,Lucy Baker,http://www.lucybaker.net/,/images/clip_image016.jpg,C:\Users\Matt\OneDrive\Cloud\1-Business\Dad Businesses (E4S - Afterwork)\e4s-25-10-16.txt#jos_content:106,Canberra,covered,matched_domain,1,261,Lucy Baker - Circle of Light,lucybaker.net
408,The Rocks Pub Tour,http://www.therockspubtour.com,/images/rockpt_123x80.jpg,C:\Users\Matt\OneDrive\Cloud\1-Business\Dad Businesses (E4S - Afterwork)\e4s-25-10-16.txt#jos_content:92,Sydney,covered,matched_domain,1,489,The Rocks Pub Tour,therockspubtour.com
409,Dance Dynamics,,/images/dancedynamics_ani_120x80.gif,D:\Projects\Clients\Dad\Events4singles\legacy\site\dance_classes_melbourne.htm,Melbourne,covered,matched_title,1,107,Dance Dynamics,dancedynamics.com.au
411,Swing Beat Dance Studio,http://www.hudsondance.com.au,/images/Mango-Dance-Studio_100x94.gif,F:\Work\Websites\Frontpage Sites\events4singles\events_newcastle.htm,Newcastle,covered,matched_title,1,444,Swing Beat Dance Studio,swingbeat.com.au
412,The Group,http://www.thegroup.net.au,/images/thegroup_120x80.gif,D:\Projects\Clients\Dad\Events4singles\legacy\site\archivefile\advertisers\group__professional.htm,Perth,possible_old_only,unmatched,0.64,,,
413,The Space,http://www.thespace.com.au/,/images/space_165x85.jpg,C:\Users\Matt\OneDrive\Cloud\1-Business\Dad Businesses (E4S - Afterwork)\e4s-25-10-16.txt#jos_content:481,Melbourne,covered,matched_domain,1,491,The Space,thespace.com.au
414,Pedal Tours,http://www.pedaltours.com.au,/images/pedaltours_165x70.jpg,C:\Users\Matt\OneDrive\Cloud\1-Business\Dad Businesses (E4S - Afterwork)\e4s-25-10-16.txt#jos_content:446,Perth,covered,matched_domain,1,334,Pedal Tours,pedaltours.com.au
415,Megisti Blu,http://www.mykonosoncrown.com.au,http://www.mykonosoncrown.com.au/assets/images/logoS.gif,D:\Projects\Clients\Dad\Events4singles\legacy\site\function_centres.htm,,covered,matched_title,1,281,Megisti Blu,megistiblu.com.au
416,Everblue,http://www.everblue.com.au,/images/everblue.jpg,D:\Projects\Clients\Dad\Events4singles\legacy\site\archivefile\advertisers\everblue.htm,,possible_old_only,unmatched,0.519,,,
417,Single Figures,http://www.prodigysports.com.au,/images/single-figures_106x69.jpg,D:\Projects\Clients\Dad\Events4singles\legacy\site\images\events_brisbane.htm,Brisbane,covered,matched_domain,1,637,Single Figures,prodigysports.com.au
418,GRADS Social Club,http://grads.d2.net.au/,/images/gradssc_120x80.jpg,D:\Projects\Clients\Dad\Events4singles\legacy\site\social_clubs_syd1.htm,Sydney,covered,matched_domain,1,171,GRADS Social Club,grads.d2.net.au
419,Goldilocks,http://www.latinmania.biz,/images/latinmania_124x80.gif,D:\Projects\Clients\Dad\Events4singles\legacy\site\dance_classes_goldcoast.htm,Gold Coast,covered,matched_domain,1,232,Latinmania Dance Studio,latinmania.biz
420,Ooh-La-La Dance Studios,http://www.oohlaladance.com.au,/images/oohlala_ani_120x80.gif,D:\Projects\Clients\Dad\Events4singles\legacy\site\dance_classes_melbourne.htm,Melbourne,covered,matched_domain,1,318,Ooh-La-La Dance Studios,oohlaladance.com.au
421,Image by design,http://www.imagebydesign.com.au,/images/imagebydes_170x87.gif,C:\Users\Matt\OneDrive\Cloud\1-Business\Dad Businesses (E4S - Afterwork)\e4s-25-10-16.txt#jos_content:100,Sydney,covered,matched_domain,1,186,Image by design,imagebydesign.com.au
422,Angst Creative,http://www.angstcreative.com,/images/martin-vanderwall.jpg,C:\Users\Matt\OneDrive\Cloud\1-Business\Dad Businesses (E4S - Afterwork)\e4s-25-10-16.txt#jos_content:93,Sydney,covered,matched_domain,1,271,Martin van der Wal,angstcreative.com
424,WHAT'S ON,,/images/CheapEatsBanner_120x80.gif,D:\Projects\Clients\Dad\Events4singles\legacy\site\archivefile\whats_on\whatson_feb06.htm,,drop:non_listing_title,unmatched,0.6,,,
425,Dr Peter Filis,http://www.psychicpower.com.au/,/images/clip_image001_0000.jpg,C:\Users\Matt\OneDrive\Cloud\1-Business\Dad Businesses (E4S - Afterwork)\e4s-25-10-16.txt#jos_content:106,Sydney,covered,matched_domain,1,130,Dr Peter Filis,psychicpower.com.au
426,Shoalhaven Jazz,http://www.shoalhavenjazz.com.au,,C:\Users\Matt\OneDrive\Cloud\1-Business\Dad Businesses (E4S - Afterwork)\e4s-25-10-16.txt#jos_content:277,Sydney,covered,matched_domain,1,395,Shoalhaven Jazz,shoalhavenjazz.com.au
427,Sydney Guided Walks,http://www.sydneyguidedwalks.com.au,/images/Untitled-3.gif,C:\Users\Matt\OneDrive\Cloud\1-Business\Dad Businesses (E4S - Afterwork)\e4s-25-10-16.txt#jos_content:92,Sydney,covered,matched_domain,1,456,Sydney Guided Walks,sydneyguidedwalks.com.au
428,The Illawara Jazz Club,http://www.illawarrajazzclub.com,,C:\Users\Matt\OneDrive\Cloud\1-Business\Dad Businesses (E4S - Afterwork)\e4s-25-10-16.txt#jos_content:277,Sydney,covered,matched_domain,1,483,The Illawara Jazz Club,illawarrajazzclub.com
429,Selfchanges,http://www.selfchanges.com,/images/selchanges.jpg,C:\Users\Matt\OneDrive\Cloud\1-Business\Dad Businesses (E4S - Afterwork)\e4s-25-10-16.txt#jos_content:103,Sydney,covered,matched_domain,1,390,Selfchanges,selfchanges.com
430,Viva Yoga,http://www.viveyoga.com.au,/images/vivayoga_120x80.gif,C:\Users\Matt\OneDrive\Cloud\1-Business\Dad Businesses (E4S - Afterwork)\e4s-25-10-16.txt#jos_content:97,Sydney,covered,matched_title,1,511,Viva Yoga,findyoga.com.au/schoollink.asp | viveyoga.com.au
431,Host a Murder,http://www.hostamurder.com.au,/images/hostamurder_120x100.gif,D:\Projects\Clients\Dad\Events4singles\legacy\site\Copy of dinner_parties_sydney.htm,Sydney,covered,matched_domain,1,598,Host a Murder,hostamurder.com.au
432,Radiant Getaways,http://www.radiantgetaways.com,/images/radiantgetaways_ani_120x80.gif,C:\Users\Matt\OneDrive\Cloud\1-Business\Dad Businesses (E4S - Afterwork)\e4s-25-10-16.txt#jos_content:88,Melbourne,covered,matched_domain,1,359,Radiant Getaways,radiantgetaways.com
433,Arthur Murray Dance Studio,,/images/arthurmurrayvic_ani_120x80.gif,F:\Work\Admin\Dad\Events 4 Singles\Images\dance_classes_melbourne.htm,Melbourne,covered,matched_title,1,30,Arthur Murray Dance Studio,
434,MSC Cruises,http://www.msc.com.au/cruises,/images/msc-cruises_145x84.jpg,C:\Users\Matt\OneDrive\Cloud\1-Business\Dad Businesses (E4S - Afterwork)\e4s-25-10-16.txt#jos_content:90,Darwin,covered,matched_domain,1,299,MSC Cruises,msc.com.au/cruises | singlescruise.com
435,A Rendezvous ‘Just for Singles’,http://www.arendezvous.com.au,/images/arend_ani_dinner120x80.gif,D:\Projects\Clients\Dad\Events4singles\legacy\site\Copy of dinner_parties_sydney.htm,Sydney,covered,matched_domain,1,549,A Rendezvous ‘Just for Singles’,arendezvous.com.au
436,Speed Dating International,http://www.arhswebsearch.com,/images/SearchWeb143x56.gif,D:\Projects\Clients\Dad\Events4singles\legacy\site\speed_dating_brisbane.htm,Brisbane,covered,matched_domain,1,652,Speed Dating International,arhswebsearch.com
437,Customer Referral Program! Earn cash or credit for every web site design or web hosting account referred to us We offer Multiple Site Discounts! Call,,/images/dot_b.gif,D:\Projects\Clients\Dad\Events4singles\legacy\site\portfolio.htm,,review:long_title,unmatched,0.332,,,
438,Smooth Latin Groove,http://www.smoothlatingroove.com.au,/images/smoothlg_120x83.gif,D:\Projects\Clients\Dad\Events4singles\legacy\site\dance_classes_brisbane.htm,Brisbane,covered,matched_domain,1,641,Smooth Latin Groove - Brisbane,smoothlatingroove.com.au
439,FJ Rock'n'Roll,http://www.rockroll.com.au,,D:\Projects\Clients\Dad\Events4singles\legacy\site\dance_classes_tasmania.htm,,covered,matched_domain,1,153,FJ Rock'n'Roll,rockroll.com.au
440,Soulmate Success,http://www.secretstosoulmatesuccess.com/,/images/soulematesuccess_120x80.gif,C:\Users\Matt\OneDrive\Cloud\1-Business\Dad Businesses (E4S - Afterwork)\e4s-25-10-16.txt#jos_content:102,Sydney,covered,matched_title,1,646,Soulmate Success,
441,Funky Tango,http://www.funkytango.com/,/images/funkytangologo_100x90.gif,C:\Users\Matt\OneDrive\Cloud\1-Business\Dad Businesses (E4S - Afterwork)\e4s-25-10-16.txt#jos_content:146,Sydney,covered,matched_domain,1,163,Funky Tango,funkytango.com
442,Christian Singles and Dating,http://www.christiansingles.com.au,/images/christiansingles_120x80.jpg,F:\Work\Websites\Frontpage Sites\events4singles\events_central_coast.htm,Central Coast,possible_old_only,unmatched,0.682,,,
444,Shopping Carts We can customise any shopping cart for e-commerce solutions,,,D:\Projects\Clients\Dad\Events4singles\legacy\site\product.htm,,drop:no_contact_or_image,unmatched,0.419,,,
445,Captain Cook Cruises,http://www.captaincook.com.au,/images/CaptainCookCruises180x99.jpg,C:\Users\Matt\OneDrive\Cloud\1-Business\Dad Businesses (E4S - Afterwork)\e4s-25-10-16.txt#jos_content:90,Adelaide,covered,matched_domain,1,73,Captain Cook Cruises Presents PS Murray Princess,captaincook.com.au
446,Dancecorp,http://www.dancecorp.com.au,/images/dancecorp_72x100.jpg,D:\Projects\Clients\Dad\Events4singles\legacy\site\dance_classes_adelaide.htm,Adelaide,covered,matched_domain,1,110,Dancecorp,dancecorp.com.au
447,Get Hitched Events & Seminars,http://www.gethitched.net.au,/images/gethitched_120x80.gif,F:\Work\Websites\Frontpage Sites\events4singles\seminars.htm,,possible_old_only,unmatched,0.5,,,
448,Clinton Smith,,/images/jennytwohig-sml.jpg,C:\Users\Matt\OneDrive\Cloud\1-Business\Dad Businesses (E4S - Afterwork)\e4s-25-10-16.txt#jos_content:214,Sydney,covered,matched_title,1,95,Clinton Smith,
449,Balloon Flights Over Melbourne,http://www.balloonovermelbourne.com.au,/images/balloonovermelb_170x68.jpg,C:\Users\Matt\OneDrive\Cloud\1-Business\Dad Businesses (E4S - Afterwork)\e4s-25-10-16.txt#jos_content:105,Melbourne,covered,matched_domain,1,44,Balloon Flights Over Melbourne,balloonovermelbourne.com.au
450,Whats Happening?,http://www.whatshappeningforsingles.com/,/images/whatshappening_120x80.jpg,C:\Users\Matt\OneDrive\Cloud\1-Business\Dad Businesses (E4S - Afterwork)\e4s-25-10-16.txt#jos_content:225,Gold Coast,covered,matched_domain,1,514,Whats Happening?,whatshappeningforsingles.com
451,Brisbane Yoga Studio,http://www.brisbaneyogastudio.com,/images/brisyogastudio_120x80.gif,C:\Users\Matt\OneDrive\Cloud\1-Business\Dad Businesses (E4S - Afterwork)\e4s-25-10-16.txt#jos_content:97,Brisbane,covered,matched_domain,1,566,Brisbane Yoga Studio - Brisbane,brisbaneyogastudio.com
452,Arthur Murray Dance Studios,http://www.arthurmurraysa.com.au,/images/arthurmurraysa_120x80.gif,D:\Projects\Clients\Dad\Events4singles\legacy\site\dance_classes_adelaide.htm,Adelaide,covered,matched_domain,1,556,Arthur Murray Dance Studios - Adelaide,arthurmurraysa.com.au
453,Enlightened Success Attract Your Ideal Partner in Peace 1-day course,,/images/peaceworkx-72x100x80.gif,D:\Projects\Clients\Dad\Events4singles\legacy\site\Customer page links\quotes\enlighted success.htm,,drop:archive_or_admin_source,unmatched,0.421,,,
454,Enlightened Success,,/images/enlightened_150x59.gif,D:\Projects\Clients\Dad\Events4singles\legacy\site\Customer page links\quotes\enlighted success.htm,,drop:archive_or_admin_source,unmatched,0.629,,,
455,Dinner For Six (SA),http://www.d46.com.au,/images/d46sa_120x98.jpg,D:\Projects\Clients\Dad\Events4singles\legacy\site\archivefile\advertisers\dinner_for_six_sa.htm,Adelaide,covered,matched_fuzzy_title,0.903,579,Dinner For Six,
456,NOSMO,http://www.nosmo.com.au,/images/NOSMO_126x80.jpg,C:\Users\Matt\OneDrive\Cloud\1-Business\Dad Businesses (E4S - Afterwork)\e4s-25-10-16.txt#jos_content:437,Sydney,possible_old_only,unmatched,0.5,,,
457,The Dance of Seduction Seminars,http://www.thedanceofseduction.com,/images/danceofseduct_120x80.jpg,F:\Work\Websites\Frontpage Sites\events4singles\seminars.htm,,possible_old_only,unmatched,0.526,,,
458,Singles Products,,/images/justlookingsingles_ani_120x80.gif,D:\Projects\Clients\Dad\Events4singles\legacy\site\singles_products.htm,,covered,matched_title,1,639,Singles Products,
459,Beauty Health and Wellness,http://www.gnld.com.au,/images/gnld.jpg,C:\Users\Matt\OneDrive\Cloud\1-Business\Dad Businesses (E4S - Afterwork)\e4s-25-10-16.txt#jos_content:103,Sydney,covered,matched_domain,1,47,"Beauty Health and Wellness Nutritionals, Herbals, Skincare",gnld.com.au
461,4-morechat,http://www.aplace4.us,,D:\Projects\Clients\Dad\Events4singles\legacy\site\images\online_dating_int.htm,,covered,matched_domain,1,27,aplace4us,aplace4.us
462,Six for Supper,http://www.sixforsupper.com.au,/images/sixforsupper_80x140.gif,D:\Projects\Clients\Dad\Events4singles\legacy\site\dinner_for_six_sydney.htm,Sydney,covered,matched_domain,1,412,Six for Supper,sixforsupper.com.au
463,Quick Fit Yoga,http://www.bikram-yoga-noosa-australia.com,/images/quickfit_120x80.gif,C:\Users\Matt\OneDrive\Cloud\1-Business\Dad Businesses (E4S - Afterwork)\e4s-25-10-16.txt#jos_content:97,Brisbane,covered,matched_domain,1,357,Quick Fit Yoga,bikram-yoga-noosa-australia.com
464,Australian Blues Festival,http://www.australianbluesfestival.com.au,,C:\Users\Matt\OneDrive\Cloud\1-Business\Dad Businesses (E4S - Afterwork)\e4s-25-10-16.txt#jos_content:277,Sydney,covered,matched_domain,1,559,Australian Blues Festival,australianbluesfestival.com.au
465,Lotto4singles,http://www.lotteryusa.com,/images/lotteryusa_150x70.gif,D:\Projects\Clients\Dad\Events4singles\legacy\site\lotto4singles.htm,,covered,matched_domain,1,609,Lotto4singles,lotteryusa.com
467,Business Connection Resources,http://www.business-connections.com.au/,,C:\Users\Matt\OneDrive\Cloud\1-Business\Dad Businesses (E4S - Afterwork)\e4s-25-10-16.txt#jos_content:139,Melbourne,possible_old_only,unmatched,0.638,,,
468,Dian Booth,,,C:\Users\Matt\OneDrive\Cloud\1-Business\Dad Businesses (E4S - Afterwork)\e4s-25-10-16.txt#jos_content:104,Darwin,covered,matched_title,1,125,Dian Booth,
469,The Metropolis,http://www.metropolisfremantle.com.au/,/images/metropolis.jpg,C:\Users\Matt\OneDrive\Cloud\1-Business\Dad Businesses (E4S - Afterwork)\e4s-25-10-16.txt#jos_content:83,Perth,covered,matched_domain,1,486,The Metropolis,metropolisfremantle.com.au
470,Big Hit Profiles Photos,http://www.bighitprofiles.com,/images/big_hit_profiles_ani_120x80.gif,C:\Users\Matt\OneDrive\Cloud\1-Business\Dad Businesses (E4S - Afterwork)\e4s-25-10-16.txt#jos_content:100,Melbourne,covered,matched_domain,1,49,Big Hit Profiles Photos… Advice… Profiles.. Makeovers,bighitprofiles.com
471,Fusion Dance and Lifestyle Studio,,/images/fusion_120x80.jpg,D:\Projects\Clients\Dad\Events4singles\legacy\site\dance_classes_melbourne.htm,Melbourne,covered,matched_fuzzy_title,0.892,164,Fusion Dance and Lifestyle Studio - Fitzroy,
472,In Psyche,http://www.inpsyche.com/,/images/clip_image005_0000.jpg,C:\Users\Matt\OneDrive\Cloud\1-Business\Dad Businesses (E4S - Afterwork)\e4s-25-10-16.txt#jos_content:106,Brisbane,covered,matched_domain,1,188,In Psyche,inpsyche.com
473,Fun Night Out,http://www.funnightout.com.au,/images/speed_dating_logo2.gif,F:\Work\Websites\Frontpage Sites\events4singles\speed_dating_brisbane.htm,Brisbane,possible_old_only,unmatched,0.583,,,
474,Vida Latina Productions,http://www.vidalatina.com.au,/images/vida-130x80.gif,D:\Projects\Clients\Dad\Events4singles\legacy\site\dance_classes_brisbane.htm,Brisbane,covered,matched_title,1,505,Vida Latina Productions,vidalatina.com.au | vidalatinaproductions.com
475,Metro Personal,http://www.metropersonal.com.au,/images/metropersonal_120x80.gif,D:\Projects\Clients\Dad\Events4singles\legacy\site\archivefile\advertisers\metro_personal.htm,,covered,matched_domain,1,287,Metro Personal,metropersonal.com.au
477,RETRO NITES,http://www.retronites.com.au/,,C:\Users\Matt\OneDrive\Cloud\1-Business\Dad Businesses (E4S - Afterwork)\e4s-25-10-16.txt#jos_content:134,Sydney,covered,matched_title,1,626,Retro Nites,
478,Meet fun,http://www.spiceme.com.au,http://www.events4singles.com/emag/images//SPICE_ME_LOGO_FINAL.jpg,F:\Work\Websites\Frontpage Sites\events4singles\emag\newsletter_april09.html,,possible_old_only,unmatched,0.526,,,
479,A friendly way to connect,http://www.goactive.com.au,,C:\Users\Matt\OneDrive\Cloud\1-Business\Dad Businesses (E4S - Afterwork)\e4s-25-10-16.txt#jos_content:148,,covered,matched_title,1,551,A friendly way to connect,
480,Ashtanga Yoga Melbourne,http://www.ashtangamelbourne.com.au,,C:\Users\Matt\OneDrive\Cloud\1-Business\Dad Businesses (E4S - Afterwork)\e4s-25-10-16.txt#jos_content:97,Melbourne,covered,matched_title,1,557,Ashtanga Yoga Melbourne,
481,Amoureux Talent Register,http://www.atalent.com.au,/images/amoureuxbnr_170x50.jpg,D:\Projects\Clients\Dad\Events4singles\legacy\site\archivefile\advertisers\amoureux_talent_register.htm,Sydney,possible_old_only,unmatched,0.489,,,
482,Alan's Wildlife Tours,http://www.alanswildlifetours.com.au/,/images/alanswildlifeyours_120x80.gif,C:\Users\Matt\OneDrive\Cloud\1-Business\Dad Businesses (E4S - Afterwork)\e4s-25-10-16.txt#jos_content:146,Cairns,covered,matched_domain,1,531,Alan's Wildlife Tours,alanswildlifetours.com.au
484,Dare to be Different,http://www.daretobedifferent.com.au,,D:\Projects\Clients\Dad\Events4singles\legacy\site\Customer page links\quotes\Dare to be different.htm,,drop:archive_or_admin_source,unmatched,0.564,,,
485,Oz Trails,http://www.oztrails.com.au,/images/oztrails_120x80.jpg,C:\Users\Matt\OneDrive\Cloud\1-Business\Dad Businesses (E4S - Afterwork)\e4sdbase.txt#jos_content:87,Sydney,covered,matched_domain,1,320,Oz Trails,oztrails.com.au
486,Group Cruises for singles,http://www.GroupCruises.com.au,/images/singlescruises.gif,C:\Users\Matt\OneDrive\Cloud\1-Business\Dad Businesses (E4S - Afterwork)\e4s-25-10-16.txt#jos_content:90,Darwin,covered,matched_title,1,174,Group Cruises for singles,groupcruises.com.au | groupcruises.com.au/contact/index.php
487,Milton Black,http://www.miltonblack.com.au/,/images/clip_image007.jpg,C:\Users\Matt\OneDrive\Cloud\1-Business\Dad Businesses (E4S - Afterwork)\e4s-25-10-16.txt#jos_content:106,Sydney,covered,matched_domain,1,291,Milton Black,miltonblack.com.au
488,Tuesday Danceroc Night,http://www.danceperth.com,/images/Rigby's.jpg,C:\Users\Matt\OneDrive\Cloud\1-Business\Dad Businesses (E4S - Afterwork)\e4s-25-10-16.txt#jos_content:75,Perth,covered,matched_domain,1,498,Tuesday Danceroc Night - Rigbys,danceperth.com
489,Genesis Relationship Consultancy,http://www.genesis-relationships.com,,D:\Projects\Clients\Dad\Events4singles\legacy\site\images\events_canberra.htm,Canberra,possible_old_only,unmatched,0.806,,,
491,That's How We Met,http://www.thatshowwemet.com.au,/images/thats-how-we-met-120x80.gif,D:\Projects\Clients\Dad\Events4singles\legacy\site\dinner_parties_melbourne.htm,Melbourne,covered,matched_title,1,473,That's How We Met,thatshowwemet.com.au | whatadish.net.au
492,Dance Teachers If you would like to advertise your business here contact Advertising 02-99078408 and find out more about our Dance Teacher Advertising,,/images/advertise_dance_120x81.jpg,D:\Projects\Clients\Dad\Events4singles\legacy\site\dance_teachers.htm,,review:long_title,unmatched,0.345,,,
493,We are specialists in search engine optimisation For details call 02-9415-1998,,,D:\Projects\Clients\Dad\Events4singles\legacy\site\product.htm,,drop:no_contact_or_image,unmatched,0.4,,,
494,BodyWise Health,,/images/bodycare_120x80.jpg,C:\Users\Matt\OneDrive\Cloud\1-Business\Dad Businesses (E4S - Afterwork)\e4s-25-10-16.txt#jos_content:103,Sydney,covered,matched_title,1,58,BodyWise Health,
495,Elle Bache,http://www.ellabache.com.au/fortitudevalley,/images/ellebache.gif,C:\Users\Matt\OneDrive\Cloud\1-Business\Dad Businesses (E4S - Afterwork)\e4s-25-10-16.txt#jos_content:96,Brisbane,covered,matched_domain,1,137,Elle Bache,ellabache.com.au/fortitudevalley
496,Mat-tastic,http://www.mat-tastic.com.au,/images/mattastic.jpg,C:\Users\Matt\OneDrive\Cloud\1-Business\Dad Businesses (E4S - Afterwork)\e4s-25-10-16.txt#jos_content:103,Melbourne,covered,matched_domain,1,275,Mat-tastic,mat-tastic.com.au
497,Swingtime Australia,http://www.swingtimeaustralia.com/,/images/swingtime_87x102.jpg,C:\Users\Matt\OneDrive\Cloud\1-Business\Dad Businesses (E4S - Afterwork)\e4s-25-10-16.txt#jos_content:470,Sydney,covered,matched_domain,1,454,Swingtime Queensland,swingtimeaustralia.com/qld
498,When you come on a Woolwich Walk,,,D:\Projects\Clients\Dad\Events4singles\legacy\site\about.htm,,drop:no_contact_or_image,unmatched,0.44,,,
499,Western Australia,,/images/tango_150x80.jpg,D:\Projects\Clients\Dad\Events4singles\legacy\site\dance_classes_tango.htm,,possible_old_only,unmatched,0.75,,,
500,Sandy Ewing,http://www.lifecoachingmelbourne.com.au,/images/life_coach_melb_120x80.gif,C:\Users\Matt\OneDrive\Cloud\1-Business\Dad Businesses (E4S - Afterwork)\e4s-25-10-16.txt#jos_content:93,Melbourne,covered,matched_domain,1,386,Sandy Ewing,lifecoachingmelbourne.com.au
501,Accommodation Online,http://www.accommodationonline.com.au,/images/accomonline_120x80.gif,D:\Projects\Clients\Dad\Events4singles\legacy\site\customer_listings\accomonline.htm,,covered,matched_domain,1,553,Accommodation Online,accommodationonline.com.au
502,CHECK OUT MORE UPCOMING SPEED DATING EVENTS IN YOUR CITY! !!,,/images/speed_daters.jpg,D:\Projects\Clients\Dad\Events4singles\legacy\site\archivefile\pages\index\blink_advertorial on home.htm,,possible_old_only,unmatched,0.537,,,
503,Dinner For Six WA,http://www.dinnerforsixwa.com.au,/images/Dinner4sixWA_100x80.gif,D:\Projects\Clients\Dad\Events4singles\legacy\site\archivefile\advertisers\Listing archives.htm,,covered,matched_fuzzy_title,0.903,579,Dinner For Six,
504,aSail for Singles,http://www.asail.com/,,C:\Users\Matt\OneDrive\Cloud\1-Business\Dad Businesses (E4S - Afterwork)\e4s-25-10-16.txt#jos_content:90,Sydney,covered,matched_domain,1,34,aSail for Singles,asail.com
505,Cheap-Eats-Group Dine and Dance every Wednesday and Friday,,/images/CheapEatsBanner_120x80.gif,D:\Projects\Clients\Dad\Events4singles\legacy\site\events_sydney-.htm,Sydney,covered,matched_title,1,546,Cheap-Eats-Group Dine and Dance every Wednesday and Friday,cheap-eats-group.org/eventredirect.html | cheap-eats-group.com/sydneydinnerdancing.html
506,La Vegas Nightclub,,/images/Saturday-Night-Fever.gif,C:\Users\Matt\OneDrive\Cloud\1-Business\Dad Businesses (E4S - Afterwork)\e4s-25-10-16.txt#jos_content:85,Melbourne,covered,matched_title,1,606,La Vegas Nightclub,
507,Fun Food and Friendship,,/images/funfoodfriendship_120x50.gif,C:\Users\Matt\OneDrive\Cloud\1-Business\Dad Businesses (E4S - Afterwork)\e4s-25-10-16.txt#jos_content:441,Melbourne,covered,matched_title,1,592,Fun Food and Friendship,
508,Cupid's Ball,http://www.cupidsball.com.au,/images/Cupids_Ball_104x120.jpg,D:\Projects\Clients\Dad\Events4singles\legacy\site\Customer page links\quotes\cupidsball.htm,,drop:archive_or_admin_source,unmatched,0.643,,,
509,$settings['apass'],http://www.somesite.com).,,D:\Projects\Clients\Dad\Events4singles\legacy\site\readme.htm,,possible_old_only,unmatched,0.533,,,
510,O'Malleys,,/images/Omalleys_165x51.gif,C:\Users\Matt\OneDrive\Cloud\1-Business\Dad Businesses (E4S - Afterwork)\e4s-25-10-16.txt#jos_content:85,Brisbane,covered,matched_title,1,313,O'Malleys,
511,Going Places With Gareth,http://garethevents.info,,D:\Projects\Clients\Dad\Events4singles\legacy\site\images\events_adelaide.htm,Adelaide,possible_old_only,unmatched,0.591,,,
513,Cultural Safari Tours,,/images/culturalsafaris_120x90.jpg,C:\Users\Matt\OneDrive\Cloud\1-Business\Dad Businesses (E4S - Afterwork)\e4s-25-10-16.txt#jos_content:88,Melbourne,covered,matched_title,1,103,Cultural Safari Tours,culturalsafaris.com.au
514,Age of Miracles,http://www.ageofmiracles.com.au/,,C:\Users\Matt\OneDrive\Cloud\1-Business\Dad Businesses (E4S - Afterwork)\e4s-25-10-16.txt#jos_content:104,Sydney,covered,matched_domain,1,22,Age of Miracles based Hornsby,ageofmiracles.com.au
515,Canberra/ACT,,/images/latin_rythms_123x80.gif,D:\Projects\Clients\Dad\Events4singles\legacy\site\dance_classes_salsa.htm,,possible_old_only,unmatched,0.615,,,
516,Food Wine Conversation,http://www.venzin.com.au/events/,/images/sirromet_120x50.gif,D:\Projects\Clients\Dad\Events4singles\legacy\site\archivefile\advertisers\food_wine_conversation.htm,Brisbane,possible_old_only,unmatched,0.65,,,
517,JAZZ WA,http://www.jazzwa.com,/images/jazz_scene.gif,C:\Users\Matt\OneDrive\Cloud\1-Business\Dad Businesses (E4S - Afterwork)\e4s-25-10-16.txt#jos_content:274,Perth,covered,matched_domain,1,199,JAZZ WA,jazzwa.com
518,Sydney Walks,http://www.sydneywalking.com/,/images/woolwichwalks_top_frame.jpg,C:\Users\Matt\OneDrive\Cloud\1-Business\Dad Businesses (E4S - Afterwork)\e4s-25-10-16.txt#jos_content:92,Sydney,covered,matched_domain,1,460,Sydney Walks,sydneywalking.com
519,Penny De Kauwe School of Dancing,http://www.pennydekauwe.com.au/,/images/Penny_90x124.jpg,C:\Users\Matt\OneDrive\Cloud\1-Business\Dad Businesses (E4S - Afterwork)\e4s-25-10-16.txt#jos_content:145,Melbourne,covered,matched_domain,1,336,Penny De Kauwe School of Dancing,pennydekauwe.com.au
520,Devote Hair Design,http://www.devotehairdesign.com.au,/images/devotehd.gif,C:\Users\Matt\OneDrive\Cloud\1-Business\Dad Businesses (E4S - Afterwork)\e4s-25-10-16.txt#jos_content:96,Sydney,covered,matched_domain,1,124,Devote Hair Design,devotehairdesign.com.au
521,Simply Speed Dating,http://www.simplyspeeddating.com.au/,/images/Speed_Dating.gif,C:\Users\Matt\OneDrive\Cloud\1-Business\Dad Businesses (E4S - Afterwork)\e4s-25-10-16.txt#jos_content:49,Sydney,covered,matched_title,1,636,Simply Speed Dating,
522,Australian Link Back Partners,http://www.singlesdirectory.com.au,/images/SinglesDirectory_Logo.jpg,D:\Projects\Clients\Dad\Events4singles\legacy\site\link_backs.htm,,possible_old_only,unmatched,0.571,,,
523,Jazz in the Vines,http://www.jazzinthevines.com.au,/images/category-hero-jazz-in-australia.svg,C:\Users\Matt\OneDrive\Cloud\1-Business\Dad Businesses (E4S - Afterwork)\e4s-25-10-16.txt#jos_content:277,Sydney,covered,matched_domain,1,196,Jazz in the Vines,jazzinthevines.com.au
524,Mix'n'Match Introductions,http://www.mixnmatch.com.au,/images/mixnmatch_150x89.jpg,D:\Projects\Clients\Dad\Events4singles\legacy\site\archivefile\advertisers\mixnmatch.htm,,covered,matched_domain,1,295,Mix'n'Match Introductions,mixnmatch.com.au
525,Domain Names We will register your domain name for you. $25 per year (.com only) $44 per year (.com.au) For details call 02-9415-1998,,,D:\Projects\Clients\Dad\Events4singles\legacy\site\product.htm,,drop:no_contact_or_image,unmatched,0.35,,,
526,Tangomate,http://www.tangomate.com,/images/tangomate.gif,C:\Users\Matt\OneDrive\Cloud\1-Business\Dad Businesses (E4S - Afterwork)\e4s-25-10-16.txt#jos_content:478,,covered,matched_domain,1,466,Tangomate,tangomate.com
527,New Pioneers Social Club,http://newpioneerssocialclub.org.au/,/images/pioneersc_120x80.gif,C:\Users\Matt\OneDrive\Cloud\1-Business\Dad Businesses (E4S - Afterwork)\e4s-25-10-16.txt#jos_content:134,Melbourne,covered,matched_domain,1,302,New Pioneers Social Club,newpioneerssocialclub.org.au
528,Latino Fever School of Dance,http://www.latinofeverschool.com.au/,,C:\Users\Matt\OneDrive\Cloud\1-Business\Dad Businesses (E4S - Afterwork)\e4s-25-10-16.txt#jos_content:481,Sydney,covered,matched_domain,1,234,Latino Fever School of Dance Sydney,latinofeverschool.com.au
529,Furyus Feet Dance,http://www.furyusfeetdance.com/index.html,/images/furyfusfeet_120x80.jpg,C:\Users\Matt\OneDrive\Cloud\1-Business\Dad Businesses (E4S - Afterwork)\e4s-25-10-16.txt#jos_content:146,Cairns,covered,matched_title,1,528,Furyus Feet Dance,hotmail.com | furyusfeetdance.com
530,Lewis Fly,http://www.mosca.com.au,,C:\Users\Matt\OneDrive\Cloud\1-Business\Dad Businesses (E4S - Afterwork)\e4s-25-10-16.txt#jos_content:104,Melbourne,covered,matched_domain,1,241,Lewis Fly,mosca.com.au
531,Judith Ayre,http://www.judithayre.com.au/,/images/judithayre_120x80.gif,C:\Users\Matt\OneDrive\Cloud\1-Business\Dad Businesses (E4S - Afterwork)\e4s-25-10-16.txt#jos_content:101,Melbourne,covered,matched_title,1,601,Judith Ayre,
532,Experience the sounds,http://www.sydneysalsascene.com,/images/fiesta06_300x225.gif,D:\Projects\Clients\Dad\Events4singles\legacy\site\archivefile\whats_on\whatson_may06.htm,,possible_old_only,unmatched,0.516,,,
533,Byrnes Dance Image,http://www.danceimage.com.au/,/images/byrnes_96x120.jpg,C:\Users\Matt\OneDrive\Cloud\1-Business\Dad Businesses (E4S - Afterwork)\e4s-25-10-16.txt#jos_content:470,Sydney,covered,matched_title,1,71,Byrnes Dance Image,danceimage.com.au | danceimage.com.au/webpages/map.html
534,"Copacabana Bar, Restaurant & Entertainment",http://www.copacabanaint.com.au,/images/copacabana_170x79.jpg,C:\Users\Matt\OneDrive\Cloud\1-Business\Dad Businesses (E4S - Afterwork)\e4s-25-10-16.txt#jos_content:107,Melbourne,covered,matched_domain,1,100,"Copacabana Bar, Restaurant & Entertainment",copacabanaint.com.au
535,Omni1,http://www.omni1consulting.com,/images/omni_120x80.gif,C:\Users\Matt\OneDrive\Cloud\1-Business\Dad Businesses (E4S - Afterwork)\e4s-25-10-16.txt#jos_content:93,Hobart,covered,matched_domain,1,314,Omni1,omni1consulting.com
536,Australian Link Back Partners,http://www.eflame.com.au,/images/blink_banner_sml.gif,D:\Projects\Clients\Dad\Events4singles\legacy\site\archivefile\pages\link_backs_archjan06.htm,,covered,matched_domain,1,135,Eflame Online Dating,eflame.com.au
538,The Soul Centre Sydney,http://www.caterinaligato.com/,/images/clip_image008.jpg,C:\Users\Matt\OneDrive\Cloud\1-Business\Dad Businesses (E4S - Afterwork)\e4s-25-10-16.txt#jos_content:106,Sydney,covered,matched_domain,1,490,The Soul Centre Sydney,caterinaligato.com
539,Dining Activity Network,http://www.danwk.com,/images/daanlogo_100x100.jpg,D:\Projects\Clients\Dad\Events4singles\legacy\site\images\dinner_parties_melbourne.htm,Melbourne,possible_old_only,unmatched,0.636,,,
540,Gary Clairvoyant Medium,http://www.garyclairvoyantmedium.com/,/images/clip_image013.jpg,C:\Users\Matt\OneDrive\Cloud\1-Business\Dad Businesses (E4S - Afterwork)\e4s-25-10-16.txt#jos_content:106,Brisbane,covered,matched_domain,1,167,Gary Clairvoyant Medium,garyclairvoyantmedium.com
541,Penguin Water Cruises,http://www.penguinwaters.com.au,/images/penguinwatercruise_107x131.gif,C:\Users\Matt\OneDrive\Cloud\1-Business\Dad Businesses (E4S - Afterwork)\e4s-25-10-16.txt#jos_content:90,Melbourne,covered,matched_domain,1,335,Penguin Water Cruises,penguinwaters.com.au
542,Look Hook.com.au,http://WWW.LOOKHOOK.COM.AU,/images/lookhook_ani_120x80.gif,D:\Projects\Clients\Dad\Events4singles\legacy\site\emag\lookhookaugust08.htm,Sydney,covered,matched_domain,1,251,LookHook.com.au,lookhook.com.au
544,Casablanca,http://www.casablanca.com.au,/images/casablanca.jpg,D:\Projects\Clients\Dad\Events4singles\legacy\site\images\events_brisbane.htm,Brisbane,covered,matched_domain,1,75,Casablanca,casablanca.com.au
545,Karinya Counselling,http://www.karinyacounselling.com.au/,/images/karinya_120x80.gif,C:\Users\Matt\OneDrive\Cloud\1-Business\Dad Businesses (E4S - Afterwork)\e4s-25-10-16.txt#jos_content:101,Melbourne,covered,matched_title,1,604,Karinya Counselling,
546,Friends And Adventures,http://www.FriendsAndAdventures.com,/images/friendsandadventures_120x80.jpg,D:\Projects\Clients\Dad\Events4singles\legacy\site\images\social_clubs_syd.htm,Central Coast,covered,matched_domain,1,158,Friends And Adventures,friendsandadventures.com
547,Welcome to Mingles Singles,http://www.minglessingles.com.au,/images/minglessingles_90x50.gif,D:\Projects\Clients\Dad\Events4singles\legacy\site\archivefile\advertisers\minglessingles.htm,,possible_old_only,unmatched,0.609,,,
548,Keeping Up Appearances,,,C:\Users\Matt\OneDrive\Cloud\1-Business\Dad Businesses (E4S - Afterwork)\e4s-25-10-16.txt#jos_content:100,Sydney,covered,matched_title,1,212,Keeping Up Appearances,
550,Invest in You,http://www.invest-in-you.com.au,/images/investinyou_ani_120x80.gif,C:\Users\Matt\OneDrive\Cloud\1-Business\Dad Businesses (E4S - Afterwork)\e4s-25-10-16.txt#jos_content:93,Sydney,covered,matched_domain,1,191,Invest in You,invest-in-you.com.au
551,Life Makeovers,http://www.lifemakeovers.com.au,/images/lifemakeovers-120x80.png,C:\Users\Matt\OneDrive\Cloud\1-Business\Dad Businesses (E4S - Afterwork)\e4s-25-10-16.txt#jos_content:93,Sydney,covered,matched_domain,1,243,Life Makeovers,lifemakeovers.com.au
552,Quicksilver Connections,http://www.quicksilver-cruises.com,/images/quicksilver_snork.jpg,C:\Users\Matt\OneDrive\Cloud\1-Business\Dad Businesses (E4S - Afterwork)\e4s-25-10-16.txt#jos_content:146,Brisbane,covered,matched_title,1,358,Quicksilver Connections,quicksilver-cruises.com | quicksilver-cruises.com/bookings.php
553,Studio Two Dance Centre,,/images/studio2_ani_120x85.gif,F:\Work\Admin\Dad\Events 4 Singles\Images\dance_classes_melbourne.htm,Melbourne,covered,matched_title,1,441,Studio Two Dance Centre,studiotwodancecentre.com
554,Stradbroke Island Beach Hotel,http://www.stradbrokeislandbeachhotel.com.au,/images/straddiepub.gif,C:\Users\Matt\OneDrive\Cloud\1-Business\Dad Businesses (E4S - Afterwork)\e4s-25-10-16.txt#jos_content:85,Brisbane,covered,matched_domain,1,435,Stradbroke Island Beach Hotel- Point Lookout,stradbrokeislandbeachhotel.com.au
555,Melbourne Jazz,http://www.melbournejazz.com,/images/jazz_scene.gif,C:\Users\Matt\OneDrive\Cloud\1-Business\Dad Businesses (E4S - Afterwork)\e4s-25-10-16.txt#jos_content:275,Melbourne,covered,matched_domain,1,282,Melbourne Jazz,melbournejazz.com
556,Cuban Dance Academy,,/images/cubandance_120x80.jpg,D:\Projects\Clients\Dad\Events4singles\legacy\site\dance_classes_melbourne.htm,Melbourne,covered,matched_title,1,576,Cuban Dance Academy,
557,Sounds of Sirius,http://www.soundsofsirius.com/healing.html,,C:\Users\Matt\OneDrive\Cloud\1-Business\Dad Businesses (E4S - Afterwork)\e4s-25-10-16.txt#jos_content:104,Brisbane,covered,matched_domain,1,424,Sounds of Sirius based Australia-wide,soundsofsirius.com
558,Guess Who's Coming To Dinner,,,F:\Work\Admin\Dad\Events 4 Singles\Images\dinner_for_six_perth.htm,Perth,drop:no_contact_or_image,unmatched,0.512,,,
559,Francis Bevan,http://www.francisbevan.com/,/images/clip_image009.jpg,C:\Users\Matt\OneDrive\Cloud\1-Business\Dad Businesses (E4S - Afterwork)\e4s-25-10-16.txt#jos_content:106,Sydney,covered,matched_domain,1,156,Francis Bevan,francisbevan.com
561,Baracuma Yacht Charters,http://www.baracumacharteryachts.com.au,/images/baracuma_120x80.gif,C:\Users\Matt\OneDrive\Cloud\1-Business\Dad Businesses (E4S - Afterwork)\e4s-25-10-16.txt#jos_content:87,Brisbane,covered,matched_domain,1,45,Baracuma Yacht Charters,baracumacharteryachts.com.au
562,The Cats Corner,,/images/catscorner_120x80.gif,D:\Projects\Clients\Dad\Events4singles\legacy\site\dance_classes_melbourne.htm,Melbourne,covered,matched_title,1,667,The Cats Corner,
563,Solutions Intro,http://www.solutionsintros.com,/images/solutions_150x88.jpg,D:\Projects\Clients\Dad\Events4singles\legacy\site\mature_dating_events.htm,,covered,matched_domain,1,422,Solutions Intro,solutionsintros.com
564,Way Forward,,/images/wayforward_120x80.gif,C:\Users\Matt\OneDrive\Cloud\1-Business\Dad Businesses (E4S - Afterwork)\e4s-25-10-16.txt#jos_content:101,Cairns,covered,matched_title,1,676,Way Forward,
565,Perth Jazz Society,http://www.perthjazzsociety.com,,C:\Users\Matt\OneDrive\Cloud\1-Business\Dad Businesses (E4S - Afterwork)\e4s-25-10-16.txt#jos_content:274,Perth,covered,matched_domain,1,343,Perth Jazz Society,perthjazzsociety.com
566,The Dating Connection,,/images/datingconnection_120x80.gif,F:\Work\Websites\Frontpage Sites\events4singles\events_newcastle.htm,Newcastle,possible_old_only,unmatched,0.732,,,
567,Total Woman,http://www.totalwoman.com.au,/images/totalwoman_165x75.jpg,C:\Users\Matt\OneDrive\Cloud\1-Business\Dad Businesses (E4S - Afterwork)\e4s-25-10-16.txt#jos_content:96,Sydney,covered,matched_domain,1,496,Total Woman,totalwoman.com.au
568,Zouk Nights,http://www.zouknights.com,/images/zouknights_120x80.gif,D:\Projects\Clients\Dad\Events4singles\legacy\site\dance_classes_brisbane.htm,Brisbane,covered,matched_title,1,526,Zouk Nights,zouknights.com | zouknights.com/courses.htm
569,Psychic Medium,http://www.psychicmedium.net.au,/images/clip_image011.jpg,C:\Users\Matt\OneDrive\Cloud\1-Business\Dad Businesses (E4S - Afterwork)\e4s-25-10-16.txt#jos_content:106,Brisbane,covered,matched_domain,1,354,Psychic Medium,psychicmedium.net.au
570,My Friends,http://www.myfriends.com.au,/images/MyFriend165x27.gif,D:\Projects\Clients\Dad\Events4singles\legacy\site\archivefile\advertisers\my_friends.htm,Brisbane,possible_old_only,unmatched,0.7,,,
571,Pittwater Personal Fitness,http://www.personalfitness.com.au/,/images/pittwaterPersonalFitness120.gif,C:\Users\Matt\OneDrive\Cloud\1-Business\Dad Businesses (E4S - Afterwork)\e4s-25-10-16.txt#jos_content:169,Sydney,covered,matched_domain,1,346,Pittwater Personal Fitness,personalfitness.com.au
572,SinglesCruise.com,http://www.singlescruise.com,/images/singlesCruise_us_200x72.gif,C:\Users\Matt\OneDrive\Cloud\1-Business\Dad Businesses (E4S - Afterwork)\e4s-25-10-16.txt#jos_content:90,Darwin,possible_old_only,unmatched,0.812,,,
573,Kate James,http://www.lifecoach.com.au,/images/sandy_90x117.gif,D:\Projects\Clients\Dad\Events4singles\legacy\site\life_coaches_melbourne.htm,Melbourne,covered,matched_domain,1,209,Kate James,lifecoach.com.au
574,Jill's Jive,http://www.jillsjive,/images/JillsLogo.gif,D:\Projects\Clients\Dad\Events4singles\legacy\site\dance_classes_brisbane.htm,Brisbane,covered,matched_title,1,201,Jill's Jive,jillsjive.com.au
575,Friends And Adventures,,/images/friendsandadventures_120x80.jpg,D:\Projects\Clients\Dad\Events4singles\legacy\site\Copy of dinner_parties_sydney.htm,Sydney,covered,matched_title,1,158,Friends And Adventures,friendsandadventures.com
576,Amourlife Speed Dating,http://amourlife.com.au,/images/Speed_Dating.gif,C:\Users\Matt\OneDrive\Cloud\1-Business\Dad Businesses (E4S - Afterwork)\e4s-25-10-16.txt#jos_content:141,Brisbane,possible_old_only,unmatched,0.75,,,
577,Zing Factor,http://www.zingfactor.com.au,/images/zing_165x69.jpg,D:\Projects\Clients\Dad\Events4singles\legacy\site\images\social_clubs_syd.htm,Sydney,possible_old_only,unmatched,0.583,,,
578,The Edge Adventure Centre,http://www.edge-adventure.com.au,/images/The-Edge-Adventure-Centre_1.jpg,C:\Users\Matt\OneDrive\Cloud\1-Business\Dad Businesses (E4S - Afterwork)\e4s-25-10-16.txt#jos_content:105,Sydney,covered,matched_domain,1,481,The Edge Adventure Centre,edge-adventure.com.au
579,16th on Park,http://www.16onpark.com.au,/images/16onpark_1.jpg,C:\Users\Matt\OneDrive\Cloud\1-Business\Dad Businesses (E4S - Afterwork)\e4s-25-10-16.txt#jos_content:107,Brisbane,covered,matched_domain,1,1,16th on Park,16onpark.com.au
580,Hollywood Social Group House Parties,http://www.hollywood4singles.com,/images/hollywoodSocialClub.gif,D:\Projects\Clients\Dad\Events4singles\legacy\site\archivefile\advertisers\hollywood_social_group_house_par.htm,,possible_old_only,unmatched,0.531,,,
581,"QUOTE OF THE WEEK ""Analogies",,/images/Logos_18to31_460.gif,D:\Projects\Clients\Dad\Events4singles\legacy\site\archivefile\whats_on\whatson_jan06.htm,,possible_old_only,unmatched,0.582,,,
583,Blush,http://www.blushbody.com.au,/images/blush_156x90.jpg,D:\Projects\Clients\Dad\Events4singles\legacy\site\Customer page links\quotes\blush.htm,,drop:archive_or_admin_source,unmatched,0.533,,,
584,Southern Exposure,http://www.southernexposure.com.au,/images/southernexposure.jpg,C:\Users\Matt\OneDrive\Cloud\1-Business\Dad Businesses (E4S - Afterwork)\e4s-25-10-16.txt#jos_content:105,Melbourne,covered,matched_domain,1,427,Southern Exposure,southernexposure.com.au
585,Patterson's Matchmakers,http://www.pattersonsmatchmakers.com.au,/images/_160x102.gif,D:\Projects\Clients\Dad\Events4singles\legacy\site\mature_dating_events.htm,,covered,matched_domain,1,332,Patterson's Matchmakers,pattersonsmatchmakers.com.au
587,Round Table Six Sydney & Newcastle Great Offer for NEW MEMBERS 6 month membership special @ $60 for new members in Newcastle and surrounding areas (fo,,,D:\Projects\Clients\Dad\Events4singles\legacy\site\emag\emag-october06.htm,,drop:no_contact_or_image,unmatched,0.417,,,
588,Asian Western Matchmaker,http://www.asianwesternmatchmaker.com.au,/images/melbournematchmaker.jpg,C:\Users\Matt\OneDrive\Cloud\1-Business\Dad Businesses (E4S - Afterwork)\e4s-25-10-16.txt#jos_content:68,Melbourne,covered,matched_title,1,35,Asian Western Matchmaker,asianwesternmatchmaker.com
589,Lets Get Together,http://www.letsgettogether.com.au,/images/letseattogether_ani_120x80.gif,F:\Work\Websites\Frontpage Sites\events4singles\events_newcastle.htm,Newcastle,possible_old_only,unmatched,0.732,,,
590,Christian Connections,http://www.ChristianConnections.net,/images/christian_connections.jpg,D:\Projects\Clients\Dad\Events4singles\legacy\site\archivefile\advertisers\christian_connections.htm,,covered,matched_fuzzy_title,0.976,719,Christian Connection,christianconnection.com/melbourne
591,Spark Dating,http://www.sparkdate.com.au,/images/Sydney-Dating.gif,C:\Users\Matt\OneDrive\Cloud\1-Business\Dad Businesses (E4S - Afterwork)\e4s-25-10-16.txt#jos_content:49,Melbourne,covered,matched_title,1,648,Spark Dating,
592,Adelaide River Queen Cruises,http://www.jumpingcrocodilecruises.com.au,,C:\Users\Matt\OneDrive\Cloud\1-Business\Dad Businesses (E4S - Afterwork)\e4s-25-10-16.txt#jos_content:90,Darwin,covered,matched_domain,1,18,Adelaide River Queen Cruises,jumpingcrocodilecruises.com.au
593,Stuart Mitchell,http://www.collectiveintelligence.net.au,/images/stuartmt.gif,D:\Projects\Clients\Dad\Events4singles\legacy\site\life_coaches_brisbane.htm,Brisbane,covered,matched_domain,1,439,Stuart Mitchell,collectiveintelligence.net.au
594,Cheek to Cheek Dance Studio,http://www.dendi.com.au/,/images/cheekds_170x88.gif,C:\Users\Matt\OneDrive\Cloud\1-Business\Dad Businesses (E4S - Afterwork)\e4s-25-10-16.txt#jos_content:470,Sydney,covered,matched_title,1,81,Cheek to Cheek Dance Studio,dendi.com.au | dendi.com.au/chlink.htm
595,The Love Doctor,http://www.janedonovan.com.au/,,C:\Users\Matt\OneDrive\Cloud\1-Business\Dad Businesses (E4S - Afterwork)\e4s-25-10-16.txt#jos_content:148,,covered,matched_title,1,669,The Love Doctor,
596,"Fun, Food and Friendship is Melbournes best and liveliest social activities club",http://www.funff.com.au,/images/fff_120x80.jpg,F:\Work\Websites\Frontpage Sites\events4singles\walks4singles.htm,,covered,matched_domain,1,739,"Fun Friends, Social & Singles",funff.com.au
597,Artemis,http://www.artemis.com.au/,/images/clip_image004_0000.jpg,C:\Users\Matt\OneDrive\Cloud\1-Business\Dad Businesses (E4S - Afterwork)\e4s-25-10-16.txt#jos_content:106,Brisbane,covered,matched_domain,1,29,Artemis,artemis.com.au
598,Party at the Pub,http://www.partyatthepub.com.au,/images/partyatthepub_an_160x90.gif,F:\Work\Websites\Frontpage Sites\events4singles\social_clubs_newcastle.htm,Newcastle,possible_old_only,unmatched,0.533,,,
599,The Deen Hotel,http://www.thedeen.com/,/images/deen.jpg,C:\Users\Matt\OneDrive\Cloud\1-Business\Dad Businesses (E4S - Afterwork)\e4s-25-10-16.txt#jos_content:83,Perth,covered,matched_domain,1,479,The Deen Hotel,thedeen.com
601,Tango Abrazo,http://tango.jaz.com.au/,,C:\Users\Matt\OneDrive\Cloud\1-Business\Dad Businesses (E4S - Afterwork)\e4s-25-10-16.txt#jos_content:478,Perth,covered,matched_domain,1,13,Abrazo Tango,tango.jaz.com.au
602,Soup Plus,http://www.soupplus.com.au/gigs.html,/images/soupplus_165x67.gif,C:\Users\Matt\OneDrive\Cloud\1-Business\Dad Businesses (E4S - Afterwork)\e4s-25-10-16.txt#jos_content:83,Sydney,covered,matched_domain,1,425,Soup Plus,soupplus.com.au
603,Web Site Re-Design Service! Have a web site? Keep it fresh. Get a new web site design and keep customers coming back! Call for Free quote! Call 02-941,,/images/dot_b.gif,D:\Projects\Clients\Dad\Events4singles\legacy\site\portfolio.htm,,review:long_title,unmatched,0.286,,,
604,Castlereagh Dance,http://www.castlereaghdance.com.au,/images/CastlereaghLogo_E4S.gif,D:\Projects\Clients\Dad\Events4singles\legacy\site\archivefile\pages\dance_classes_sydney_archmay06.htm,Sydney,possible_old_only,unmatched,0.643,,,
605,City Salsa Club,http://www.citysalsaclub.com.au,/images/citysalsaclub_165x70.gif,D:\Projects\Clients\Dad\Events4singles\legacy\site\Customer page links\quotes\citysalsaclub.htm,,covered,matched_domain,1,92,City Salsa,citysalsaclub.com.au
606,WHAT'S N EW,http://www.menasanimals.com,/images/menasanimals_170x100.jpg,D:\Projects\Clients\Dad\Events4singles\legacy\site\archivefile\advertisers\what.htm,,possible_old_only,unmatched,0.571,,,
607,Elite Introductions,http://www.eliteintroductions.com.au,/images/elite.jpg,D:\Projects\Clients\Dad\Events4singles\legacy\site\customer_listings\elite.htm,,covered,matched_domain,1,585,Elite Introductions,eliteintroductions.com.au
608,Wholistic Therapies,http://www.wholisticare.com,/images/wholistictherapies_130x80.jpg,C:\Users\Matt\OneDrive\Cloud\1-Business\Dad Businesses (E4S - Afterwork)\e4s-25-10-16.txt#jos_content:103,Sydney,covered,matched_domain,1,516,Wholistic Therapies,wholisticare.com
609,Cruise Line Reviews,http://www.expedia.com,/images/Expedia140x90.gif,C:\Users\Matt\OneDrive\Cloud\1-Business\Dad Businesses (E4S - Afterwork)\e4s-25-10-16.txt#jos_content:90,Darwin,possible_old_only,unmatched,0.622,,,
610,Sydney Event Cruises,,/images/sydeventcruise_160x96.gif,D:\Projects\Clients\Dad\Events4singles\legacy\site\cruises4singles.htm,,possible_old_only,unmatched,0.605,,,
612,Spikey Hair,http://www.spikeyhair.com.au/Chat.html,/images/flirt.jpg,C:\Users\Matt\OneDrive\Cloud\1-Business\Dad Businesses (E4S - Afterwork)\e4s-25-10-16.txt#jos_content:71,,possible_old_only,unmatched,0.6,,,
613,Aymen Fares,http://www.keytolife.com.au,/images/sandy_90x117.gif,D:\Projects\Clients\Dad\Events4singles\legacy\site\life_coaches_melbourne.htm,Melbourne,covered,matched_title,1,40,Aymen Fares,keytolife.com.au | keytolife.com.au/contact.html
614,Dimitris Bar Level One,http://www.dimitrisbarlevelone.com,/images/Dimitris120x50.gif,D:\Projects\Clients\Dad\Events4singles\legacy\site\function_centres.htm,,covered,matched_domain,1,126,Dimitris Bar Level One,dimitrisbarlevelone.com
615,Noosa Jazz,http://www.noosajazz.com.au,,C:\Users\Matt\OneDrive\Cloud\1-Business\Dad Businesses (E4S - Afterwork)\e4s-25-10-16.txt#jos_content:276,Brisbane,covered,matched_domain,1,306,Noosa Jazz,noosajazz.com.au
616,Life Coach and Sports Coach Location Chatswood,,/images/joannemansell-sml.jpg,D:\Projects\Clients\Dad\Events4singles\legacy\site\page_links\lifecoaches\lifecoachbio_joannemansell_sydney.htm,,possible_old_only,unmatched,0.438,,,
617,Queen of the Nile Bellydance,http://www.queenilebellydance.com.au/,/images/queen_nile_100x100.jpg,C:\Users\Matt\OneDrive\Cloud\1-Business\Dad Businesses (E4S - Afterwork)\e4s-25-10-16.txt#jos_content:470,Sydney,covered,matched_domain,1,355,Queen of the Nile Bellydance,queenilebellydance.com.au
618,First Class Events,,/images/firstclassspeeddate_150x87.jpg,F:\Work\Websites\Frontpage Sites\events4singles\speed_dating_brisbane.htm,Brisbane,possible_old_only,unmatched,0.778,,,
619,Jennifer Twohig,,/images/jennytwohig-sml.jpg,C:\Users\Matt\OneDrive\Cloud\1-Business\Dad Businesses (E4S - Afterwork)\e4s-25-10-16.txt#jos_content:214,Sydney,covered,matched_title,1,200,Jennifer Twohig,
620,Lasting Health & Richer Lives,http://www.richerlives.com.au/hwsolutions,/images/Singles_Health.jpg,D:\Projects\Clients\Dad\Events4singles\legacy\site\archivefile\advertisers\Listing archives.htm,,possible_old_only,unmatched,0.578,,,
621,Blue Velvet,http://www.bluevelvet.com.au,/images/bluevelvet_158x81.jpg,C:\Users\Matt\OneDrive\Cloud\1-Business\Dad Businesses (E4S - Afterwork)\e4s-25-10-16.txt#jos_content:85,Melbourne,covered,matched_domain,1,55,Blue Velvet,bluevelvet.com.au
622,George's Place,http://www.georgesplace.com.au,/images/georgesplace_170x90.gif,C:\Users\Matt\OneDrive\Cloud\1-Business\Dad Businesses (E4S - Afterwork)\e4s-25-10-16.txt#jos_content:85,Melbourne,covered,matched_domain,1,168,George's Place,georgesplace.com.au
623,Dinner Connections,,/images/dinnerconnections-darwin-120x80.jpg,D:\Projects\Clients\Dad\Events4singles\legacy\site\dinner_for_six_darwin.htm,Darwin,covered,matched_title,1,578,Dinner Connections,
624,"Single Gourmet excellent dining club, parties at restaurants and up-market venues E: singlegourmet_8@hotmail.com",http://www.alltry.com.au/singlegourmet,,D:\Projects\Clients\Dad\Events4singles\legacy\site\images\events_adelaide.htm,Adelaide,review:long_title,unmatched,0.348,,,
625,Viva Cabaret,http://www.vivadance.com.au,/images/vivadance_90x151.jpg,D:\Projects\Clients\Dad\Events4singles\legacy\site\Customer page links\quotes\vivadance.htm,,covered,matched_domain,1,510,VIVA Cabaret,vivadance.com.au/classes.html
626,TeleCafe,http://www.telecafe.com.au/default.asp,/images/telecafe.gif,C:\Users\Matt\OneDrive\Cloud\1-Business\Dad Businesses (E4S - Afterwork)\e4s-25-10-16.txt#jos_content:71,,covered,matched_domain,1,471,TeleCafe,telecafe.com.au/?idx=816
628,HotGozzip API Test,http://www.hotgozzip.com.au/,/images/hotGozzip.gif,C:\Users\Matt\OneDrive\Cloud\1-Business\Dad Businesses (E4S - Afterwork)\e4s-25-10-16.txt#jos_content:71,,possible_old_only,unmatched,0.541,,,
